"datasetKey","basisOfRecord","occurrenceStatus","species","decimalLongitude","decimalLatitude","stateProvince","year","month","day","issues","references","license","geodeticDatum","gbifID","catalogNumber","continent","county","locality","preparations","type","elevation","elevationAccuracy"
"50c9509d-22c7-4a22-a47d-8c48425ef4a7","HUMAN_OBSERVATION","PRESENT","Bungarus fasciatus",113.495029,22.307422,"Guangdong",2022,3,26,"cdround","https://www.inaturalist.org/observations/128112111","http://creativecommons.org/licenses/by-nc/4.0/legalcode","WGS84","3881420567","128112111",NA,NA,NA,NA,NA,NA,NA
"50c9509d-22c7-4a22-a47d-8c48425ef4a7","HUMAN_OBSERVATION","PRESENT","Bungarus fasciatus",113.368407,23.240244,"Guangdong",2022,4,14,"cdround","https://www.inaturalist.org/observations/111500730","http://creativecommons.org/licenses/by-nc/4.0/legalcode","WGS84","3759985007","111500730",NA,NA,NA,NA,NA,NA,NA
"50c9509d-22c7-4a22-a47d-8c48425ef4a7","HUMAN_OBSERVATION","PRESENT","Bungarus fasciatus",113.351451,23.207152,"Guangdong",2022,4,25,"cdround","https://www.inaturalist.org/observations/112936708","http://creativecommons.org/licenses/by-nc/4.0/legalcode","WGS84","3764128018","112936708",NA,NA,NA,NA,NA,NA,NA
"50c9509d-22c7-4a22-a47d-8c48425ef4a7","HUMAN_OBSERVATION","PRESENT","Bungarus fasciatus",113.403425,23.291665,"Guangdong",2022,5,6,"cdround","https://www.inaturalist.org/observations/115864593","http://creativecommons.org/licenses/by-nc/4.0/legalcode","WGS84","3772517310","115864593",NA,NA,NA,NA,NA,NA,NA
"50c9509d-22c7-4a22-a47d-8c48425ef4a7","HUMAN_OBSERVATION","PRESENT","Bungarus fasciatus",113.381876,23.293206,"Guangdong",2022,5,6,"cdround","https://www.inaturalist.org/observations/115864591","http://creativecommons.org/licenses/by-nc/4.0/legalcode","WGS84","3772533582","115864591",NA,NA,NA,NA,NA,NA,NA
"50c9509d-22c7-4a22-a47d-8c48425ef4a7","HUMAN_OBSERVATION","PRESENT","Bungarus fasciatus",114.286458,22.485287,"Tai Po",2022,5,18,"cdround","https://www.inaturalist.org/observations/118396104","http://creativecommons.org/licenses/by/4.0/legalcode","WGS84","3802708325","118396104",NA,NA,NA,NA,NA,NA,NA
"50c9509d-22c7-4a22-a47d-8c48425ef4a7","HUMAN_OBSERVATION","PRESENT","Bungarus fasciatus",113.431582,22.232637,"Guangdong",2022,5,10,"cdround","https://www.inaturalist.org/observations/128112412","http://creativecommons.org/licenses/by-nc/4.0/legalcode","WGS84","3881574600","128112412",NA,NA,NA,NA,NA,NA,NA
"50c9509d-22c7-4a22-a47d-8c48425ef4a7","HUMAN_OBSERVATION","PRESENT","Bungarus fasciatus",113.421553,22.269815,"Guangdong",2022,5,21,"cdround","https://www.inaturalist.org/observations/128112623","http://creativecommons.org/licenses/by-nc/4.0/legalcode","WGS84","3881580644","128112623",NA,NA,NA,NA,NA,NA,NA
"50c9509d-22c7-4a22-a47d-8c48425ef4a7","HUMAN_OBSERVATION","PRESENT","Bungarus fasciatus",113.423922,22.238055,"Guangdong",2022,7,27,"cdround","https://www.inaturalist.org/observations/128271699","http://creativecommons.org/licenses/by-nc/4.0/legalcode","WGS84","3881789668","128271699",NA,NA,NA,NA,NA,NA,NA
"50c9509d-22c7-4a22-a47d-8c48425ef4a7","HUMAN_OBSERVATION","PRESENT","Bungarus fasciatus",114.169361,22.319304,"Yau Tsim Mong",2021,4,13,"cdround","https://www.inaturalist.org/observations/73938868","http://creativecommons.org/licenses/by-nc/4.0/legalcode","WGS84","3090672845","73938868",NA,NA,NA,NA,NA,NA,NA
"50c9509d-22c7-4a22-a47d-8c48425ef4a7","HUMAN_OBSERVATION","PRESENT","Bungarus fasciatus",114.373644,22.497564,"North",2021,4,18,"cdround","https://www.inaturalist.org/observations/74374087","http://creativecommons.org/licenses/by-nc/4.0/legalcode","WGS84","3097273993","74374087",NA,NA,NA,NA,NA,NA,NA
"50c9509d-22c7-4a22-a47d-8c48425ef4a7","HUMAN_OBSERVATION","PRESENT","Bungarus fasciatus",113.594959,22.220612,"Guangdong",2021,5,8,"cdround","https://www.inaturalist.org/observations/77806460","http://creativecommons.org/licenses/by-nc/4.0/legalcode","WGS84","3113565780","77806460",NA,NA,NA,NA,NA,NA,NA
"50c9509d-22c7-4a22-a47d-8c48425ef4a7","HUMAN_OBSERVATION","PRESENT","Bungarus fasciatus",114.34732,22.460516,"Tai Po",2021,5,21,"cdround","https://www.inaturalist.org/observations/80879894","http://creativecommons.org/licenses/by-nc/4.0/legalcode","WGS84","3301955782","80879894",NA,NA,NA,NA,NA,NA,NA
"50c9509d-22c7-4a22-a47d-8c48425ef4a7","HUMAN_OBSERVATION","PRESENT","Bungarus fasciatus",113.284804,23.300657,"Guangdong",2021,5,28,"cdround","https://www.inaturalist.org/observations/82126803","http://creativecommons.org/licenses/by-nc/4.0/legalcode","WGS84","3302455882","82126803",NA,NA,NA,NA,NA,NA,NA
"50c9509d-22c7-4a22-a47d-8c48425ef4a7","HUMAN_OBSERVATION","PRESENT","Bungarus fasciatus",114.196237,22.306484,"Central and Western",2021,5,5,"cdround","https://www.inaturalist.org/observations/104936161","http://creativecommons.org/licenses/by-nc/4.0/legalcode","WGS84","3455887849","104936161",NA,NA,NA,NA,NA,NA,NA
"50c9509d-22c7-4a22-a47d-8c48425ef4a7","HUMAN_OBSERVATION","PRESENT","Bungarus fasciatus",114.138624,22.281697,"Central and Western",2021,6,20,"cdround","https://www.inaturalist.org/observations/83942795","http://creativecommons.org/licenses/by-nc/4.0/legalcode","WGS84","3314251099","83942795",NA,NA,NA,NA,NA,NA,NA
"50c9509d-22c7-4a22-a47d-8c48425ef4a7","HUMAN_OBSERVATION","PRESENT","Bungarus fasciatus",114.103765,22.438501,"North",2021,6,25,"cdround","https://www.inaturalist.org/observations/84433589","http://creativecommons.org/licenses/by/4.0/legalcode","WGS84","3320851658","84433589",NA,NA,NA,NA,NA,NA,NA
"50c9509d-22c7-4a22-a47d-8c48425ef4a7","HUMAN_OBSERVATION","PRESENT","Bungarus fasciatus",114.038642,22.394284,"Tsuen Wan",2021,6,26,"cdround","https://www.inaturalist.org/observations/84656839","http://creativecommons.org/licenses/by/4.0/legalcode","WGS84","3320924890","84656839",NA,NA,NA,NA,NA,NA,NA
"50c9509d-22c7-4a22-a47d-8c48425ef4a7","HUMAN_OBSERVATION","PRESENT","Bungarus fasciatus",114.182476,22.491418,"Tai Po",2021,7,17,"cdround","https://www.inaturalist.org/observations/87497188","http://creativecommons.org/licenses/by-nc/4.0/legalcode","WGS84","3330515898","87497188",NA,NA,NA,NA,NA,NA,NA
"50c9509d-22c7-4a22-a47d-8c48425ef4a7","HUMAN_OBSERVATION","PRESENT","Bungarus fasciatus",113.577609,22.397496,"Guangdong",2021,7,22,"cdround","https://www.inaturalist.org/observations/88193505","http://creativecommons.org/licenses/by-nc/4.0/legalcode","WGS84","3330691604","88193505",NA,NA,NA,NA,NA,NA,NA
"50c9509d-22c7-4a22-a47d-8c48425ef4a7","HUMAN_OBSERVATION","PRESENT","Bungarus fasciatus",113.541088,22.264098,"Guangdong",2021,7,29,"cdround","https://www.inaturalist.org/observations/89078014","http://creativecommons.org/licenses/by-nc/4.0/legalcode","WGS84","3333345531","89078014",NA,NA,NA,NA,NA,NA,NA
"50c9509d-22c7-4a22-a47d-8c48425ef4a7","HUMAN_OBSERVATION","PRESENT","Bungarus fasciatus",113.56208,22.276236,"Guangdong",2021,7,31,"cdround","https://www.inaturalist.org/observations/89363369","http://creativecommons.org/licenses/by-nc/4.0/legalcode","WGS84","3335063859","89363369",NA,NA,NA,NA,NA,NA,NA
"50c9509d-22c7-4a22-a47d-8c48425ef4a7","HUMAN_OBSERVATION","PRESENT","Bungarus fasciatus",113.560157,22.325962,"Guangdong",2021,8,1,"cdround","https://www.inaturalist.org/observations/89485945","http://creativecommons.org/licenses/by-nc/4.0/legalcode","WGS84","3335103977","89485945",NA,NA,NA,NA,NA,NA,NA
"50c9509d-22c7-4a22-a47d-8c48425ef4a7","HUMAN_OBSERVATION","PRESENT","Bungarus fasciatus",113.596719,22.277003,"Guangdong",2021,8,2,"cdround","https://www.inaturalist.org/observations/89842551","http://creativecommons.org/licenses/by-nc/4.0/legalcode","WGS84","3335470370","89842551",NA,NA,NA,NA,NA,NA,NA
"50c9509d-22c7-4a22-a47d-8c48425ef4a7","HUMAN_OBSERVATION","PRESENT","Bungarus fasciatus",113.471092,22.324912,"Guangdong",2021,8,5,"cdround","https://www.inaturalist.org/observations/90173915","http://creativecommons.org/licenses/by-nc/4.0/legalcode","WGS84","3337445125","90173915",NA,NA,NA,NA,NA,NA,NA
"50c9509d-22c7-4a22-a47d-8c48425ef4a7","HUMAN_OBSERVATION","PRESENT","Bungarus fasciatus",113.586122,22.285016,"Guangdong",2021,8,11,"cdround","https://www.inaturalist.org/observations/90791878","http://creativecommons.org/licenses/by-nc/4.0/legalcode","WGS84","3337871895","90791878",NA,NA,NA,NA,NA,NA,NA
"50c9509d-22c7-4a22-a47d-8c48425ef4a7","HUMAN_OBSERVATION","PRESENT","Bungarus fasciatus",114.08663,22.417475,"Yuen Long",2021,8,10,"cdround","https://www.inaturalist.org/observations/90664420","http://creativecommons.org/licenses/by-nc/4.0/legalcode","WGS84","3338112968","90664420",NA,NA,NA,NA,NA,NA,NA
"50c9509d-22c7-4a22-a47d-8c48425ef4a7","HUMAN_OBSERVATION","PRESENT","Bungarus fasciatus",113.570634,22.22424,"Guangdong",2021,8,21,"cdround","https://www.inaturalist.org/observations/92378941","http://creativecommons.org/licenses/by-nc/4.0/legalcode","WGS84","3343880386","92378941",NA,NA,NA,NA,NA,NA,NA
"50c9509d-22c7-4a22-a47d-8c48425ef4a7","HUMAN_OBSERVATION","PRESENT","Bungarus fasciatus",113.516915,22.359591,"Guangdong",2021,8,26,"cdround","https://www.inaturalist.org/observations/92574384","http://creativecommons.org/licenses/by-nc/4.0/legalcode","WGS84","3344098876","92574384",NA,NA,NA,NA,NA,NA,NA
"50c9509d-22c7-4a22-a47d-8c48425ef4a7","HUMAN_OBSERVATION","PRESENT","Bungarus fasciatus",113.429148,22.342329,"Guangdong",2021,8,31,"cdround","https://www.inaturalist.org/observations/93150914","http://creativecommons.org/licenses/by-nc/4.0/legalcode","WGS84","3355300440","93150914",NA,NA,NA,NA,NA,NA,NA
"50c9509d-22c7-4a22-a47d-8c48425ef4a7","HUMAN_OBSERVATION","PRESENT","Bungarus fasciatus",100.858164,22.172395,"Yunnan",2021,8,8,"cdround","https://www.inaturalist.org/observations/101870376","http://creativecommons.org/licenses/by-nc/4.0/legalcode","WGS84","3415919465","101870376",NA,NA,NA,NA,NA,NA,NA
"50c9509d-22c7-4a22-a47d-8c48425ef4a7","HUMAN_OBSERVATION","PRESENT","Bungarus fasciatus",113.54652,22.289759,"Guangdong",2021,9,7,"cdround","https://www.inaturalist.org/observations/93997527","http://creativecommons.org/licenses/by-nc/4.0/legalcode","WGS84","3355575306","93997527",NA,NA,NA,NA,NA,NA,NA
"50c9509d-22c7-4a22-a47d-8c48425ef4a7","HUMAN_OBSERVATION","PRESENT","Bungarus fasciatus",114.160365,22.257301,"Southern",2021,9,9,"cdround","https://www.inaturalist.org/observations/94219009","http://creativecommons.org/licenses/by-nc/4.0/legalcode","WGS84","3355759495","94219009",NA,NA,NA,NA,NA,NA,NA
"50c9509d-22c7-4a22-a47d-8c48425ef4a7","HUMAN_OBSERVATION","PRESENT","Bungarus fasciatus",114.201613,22.258927,"Eastern",2021,9,30,"cdround","https://www.inaturalist.org/observations/96795569","http://creativecommons.org/licenses/by-nc/4.0/legalcode","WGS84","3384541940","96795569",NA,NA,NA,NA,NA,NA,NA
"50c9509d-22c7-4a22-a47d-8c48425ef4a7","HUMAN_OBSERVATION","PRESENT","Bungarus fasciatus",113.405136,22.215626,"Guangdong",2021,9,23,"cdround","https://www.inaturalist.org/observations/100498438","http://creativecommons.org/licenses/by-nc/4.0/legalcode","WGS84","3415434118","100498438",NA,NA,NA,NA,NA,NA,NA
"50c9509d-22c7-4a22-a47d-8c48425ef4a7","HUMAN_OBSERVATION","PRESENT","Bungarus fasciatus",113.47471,22.344294,"Guangdong",2021,10,4,"cdround","https://www.inaturalist.org/observations/100498631","http://creativecommons.org/licenses/by-nc/4.0/legalcode","WGS84","3415972366","100498631",NA,NA,NA,NA,NA,NA,NA
"50c9509d-22c7-4a22-a47d-8c48425ef4a7","HUMAN_OBSERVATION","PRESENT","Bungarus fasciatus",113.570653,22.268344,"Guangdong",2021,10,7,"cdround","https://www.inaturalist.org/observations/115677485","http://creativecommons.org/licenses/by-nc/4.0/legalcode","WGS84","3772475941","115677485",NA,NA,NA,NA,NA,NA,NA
"50c9509d-22c7-4a22-a47d-8c48425ef4a7","HUMAN_OBSERVATION","PRESENT","Bungarus fasciatus",113.243807,23.269821,"Guangdong",2021,11,21,"cdround","https://www.inaturalist.org/observations/101701462","http://creativecommons.org/licenses/by-nc/4.0/legalcode","WGS84","3415607425","101701462",NA,NA,NA,NA,NA,NA,NA
"50c9509d-22c7-4a22-a47d-8c48425ef4a7","HUMAN_OBSERVATION","PRESENT","Bungarus fasciatus",114.383622,22.232572,"Eastern",2021,11,14,"cdround,cudc","https://www.inaturalist.org/observations/101157559","http://creativecommons.org/licenses/by/4.0/legalcode","WGS84","3416014050","101157559",NA,NA,NA,NA,NA,NA,NA
"50c9509d-22c7-4a22-a47d-8c48425ef4a7","HUMAN_OBSERVATION","PRESENT","Bungarus fasciatus",107.030584,20.761473,"H<U+1EA3>i Phong",2020,4,23,"cdround","https://www.inaturalist.org/observations/42951902","http://creativecommons.org/licenses/by-nc/4.0/legalcode","WGS84","2609198520","42951902",NA,NA,NA,NA,NA,NA,NA
"50c9509d-22c7-4a22-a47d-8c48425ef4a7","HUMAN_OBSERVATION","PRESENT","Bungarus fasciatus",114.086525,22.81193,"Guangdong",2020,5,9,"","https://www.inaturalist.org/observations/53699609","http://creativecommons.org/licenses/by/4.0/legalcode","WGS84","2823072060","53699609",NA,NA,NA,NA,NA,NA,NA
"50c9509d-22c7-4a22-a47d-8c48425ef4a7","HUMAN_OBSERVATION","PRESENT","Bungarus fasciatus",113.911943,22.334081,"Islands",2020,6,12,"cdround","https://www.inaturalist.org/observations/49354797","http://creativecommons.org/licenses/by-nc/4.0/legalcode","WGS84","2802541846","49354797",NA,NA,NA,NA,NA,NA,NA
"50c9509d-22c7-4a22-a47d-8c48425ef4a7","HUMAN_OBSERVATION","PRESENT","Bungarus fasciatus",113.814907,22.3198,"Islands",2020,6,12,"cdround,cudc","https://www.inaturalist.org/observations/49396912","http://creativecommons.org/licenses/by-nc/4.0/legalcode","WGS84","2802599031","49396912",NA,NA,NA,NA,NA,NA,NA
"50c9509d-22c7-4a22-a47d-8c48425ef4a7","HUMAN_OBSERVATION","PRESENT","Bungarus fasciatus",114.148348,22.271142,"Central and Western",2020,6,18,"cdround","https://www.inaturalist.org/observations/67009070","http://creativecommons.org/licenses/by-nc/4.0/legalcode","WGS84","3008389122","67009070",NA,NA,NA,NA,NA,NA,NA
"50c9509d-22c7-4a22-a47d-8c48425ef4a7","HUMAN_OBSERVATION","PRESENT","Bungarus fasciatus",114.145122,22.323504,"Southern",2020,9,4,"cdround","https://www.inaturalist.org/observations/58569665","http://creativecommons.org/licenses/by/4.0/legalcode","WGS84","2862318692","58569665",NA,NA,NA,NA,NA,NA,NA
"50c9509d-22c7-4a22-a47d-8c48425ef4a7","HUMAN_OBSERVATION","PRESENT","Bungarus fasciatus",113.855259,22.671686,"Guangdong",2020,9,23,"","https://www.inaturalist.org/observations/98588688","http://creativecommons.org/licenses/by-nc/4.0/legalcode","WGS84","3399067330","98588688",NA,NA,NA,NA,NA,NA,NA
"50c9509d-22c7-4a22-a47d-8c48425ef4a7","HUMAN_OBSERVATION","PRESENT","Bungarus fasciatus",113.245743,23.372531,"Guangdong",2020,10,7,"cdround","https://www.inaturalist.org/observations/66644088","http://creativecommons.org/licenses/by-nc/4.0/legalcode","WGS84","3005092048","66644088",NA,NA,NA,NA,NA,NA,NA
"50c9509d-22c7-4a22-a47d-8c48425ef4a7","HUMAN_OBSERVATION","PRESENT","Bungarus fasciatus",113.215013,23.367368,"Guangdong",2020,10,17,"cdround","https://www.inaturalist.org/observations/66644076","http://creativecommons.org/licenses/by-nc/4.0/legalcode","WGS84","3005097074","66644076",NA,NA,NA,NA,NA,NA,NA
"50c9509d-22c7-4a22-a47d-8c48425ef4a7","HUMAN_OBSERVATION","PRESENT","Bungarus fasciatus",113.311301,23.241223,"Guangdong",2020,10,17,"cdround","https://www.inaturalist.org/observations/66644077","http://creativecommons.org/licenses/by-nc/4.0/legalcode","WGS84","3005112995","66644077",NA,NA,NA,NA,NA,NA,NA
"50c9509d-22c7-4a22-a47d-8c48425ef4a7","HUMAN_OBSERVATION","PRESENT","Bungarus fasciatus",113.287988,23.244882,"Guangdong",2020,10,17,"cdround","https://www.inaturalist.org/observations/66644078","http://creativecommons.org/licenses/by-nc/4.0/legalcode","WGS84","3005124045","66644078",NA,NA,NA,NA,NA,NA,NA
"50c9509d-22c7-4a22-a47d-8c48425ef4a7","HUMAN_OBSERVATION","PRESENT","Bungarus fasciatus",113.222292,23.328978,"Guangdong",2020,10,17,"cdround","https://www.inaturalist.org/observations/66644075","http://creativecommons.org/licenses/by-nc/4.0/legalcode","WGS84","3005127029","66644075",NA,NA,NA,NA,NA,NA,NA
"50c9509d-22c7-4a22-a47d-8c48425ef4a7","HUMAN_OBSERVATION","PRESENT","Bungarus fasciatus",113.249629,23.26961,"Guangdong",2020,10,17,"cdround","https://www.inaturalist.org/observations/66644108","http://creativecommons.org/licenses/by-nc/4.0/legalcode","WGS84","3005245047","66644108",NA,NA,NA,NA,NA,NA,NA
"50c9509d-22c7-4a22-a47d-8c48425ef4a7","HUMAN_OBSERVATION","PRESENT","Bungarus fasciatus",113.328038,23.295053,"Guangdong",2020,10,17,"cdround","https://www.inaturalist.org/observations/66644107","http://creativecommons.org/licenses/by-nc/4.0/legalcode","WGS84","3005255003","66644107",NA,NA,NA,NA,NA,NA,NA
"50c9509d-22c7-4a22-a47d-8c48425ef4a7","HUMAN_OBSERVATION","PRESENT","Bungarus fasciatus",114.354164,22.427096,"Tai Po",2020,11,26,"cdround","https://www.inaturalist.org/observations/65661191","http://creativecommons.org/licenses/by/4.0/legalcode","WGS84","2988387044","65661191",NA,NA,NA,NA,NA,NA,NA
"50c9509d-22c7-4a22-a47d-8c48425ef4a7","HUMAN_OBSERVATION","PRESENT","Bungarus fasciatus",113.355347,23.310598,"Guangdong",2020,11,2,"cdround","https://www.inaturalist.org/observations/66644083","http://creativecommons.org/licenses/by-nc/4.0/legalcode","WGS84","3005074078","66644083",NA,NA,NA,NA,NA,NA,NA
"50c9509d-22c7-4a22-a47d-8c48425ef4a7","HUMAN_OBSERVATION","PRESENT","Bungarus fasciatus",106.966208,22.328308,"Guangxi",2020,11,17,"cdround","https://www.inaturalist.org/observations/66644095","http://creativecommons.org/licenses/by-nc/4.0/legalcode","WGS84","3005141078","66644095",NA,NA,NA,NA,NA,NA,NA
"50c9509d-22c7-4a22-a47d-8c48425ef4a7","HUMAN_OBSERVATION","PRESENT","Bungarus fasciatus",113.272819,23.281349,"Guangdong",2020,11,2,"cdround","https://www.inaturalist.org/observations/66644082","http://creativecommons.org/licenses/by-nc/4.0/legalcode","WGS84","3005151022","66644082",NA,NA,NA,NA,NA,NA,NA
"50c9509d-22c7-4a22-a47d-8c48425ef4a7","HUMAN_OBSERVATION","PRESENT","Bungarus fasciatus",113.361664,23.350859,"Guangdong",2020,11,10,"cdround","https://www.inaturalist.org/observations/66644102","http://creativecommons.org/licenses/by-nc/4.0/legalcode","WGS84","3005238039","66644102",NA,NA,NA,NA,NA,NA,NA
"50c9509d-22c7-4a22-a47d-8c48425ef4a7","HUMAN_OBSERVATION","PRESENT","Bungarus fasciatus",113.316229,23.371152,"Guangdong",2020,11,10,"cdround","https://www.inaturalist.org/observations/66644104","http://creativecommons.org/licenses/by-nc/4.0/legalcode","WGS84","3005240034","66644104",NA,NA,NA,NA,NA,NA,NA
"50c9509d-22c7-4a22-a47d-8c48425ef4a7","HUMAN_OBSERVATION","PRESENT","Bungarus fasciatus",113.398243,23.269904,"Guangdong",2020,11,5,"cdround","https://www.inaturalist.org/observations/66644106","http://creativecommons.org/licenses/by-nc/4.0/legalcode","WGS84","3005248036","66644106",NA,NA,NA,NA,NA,NA,NA
"50c9509d-22c7-4a22-a47d-8c48425ef4a7","HUMAN_OBSERVATION","PRESENT","Bungarus fasciatus",114.182013,22.476572,"Tai Po",2019,5,15,"cdround","https://www.inaturalist.org/observations/25194830","http://creativecommons.org/licenses/by-nc/4.0/legalcode","WGS84","2243009245","25194830",NA,NA,NA,NA,NA,NA,NA
"50c9509d-22c7-4a22-a47d-8c48425ef4a7","HUMAN_OBSERVATION","PRESENT","Bungarus fasciatus",114.112676,22.507763,"North",2019,9,24,"cdround","https://www.inaturalist.org/observations/33321251","http://creativecommons.org/licenses/by-nc/4.0/legalcode","WGS84","2423221108","33321251",NA,NA,NA,NA,NA,NA,NA
"50c9509d-22c7-4a22-a47d-8c48425ef4a7","HUMAN_OBSERVATION","PRESENT","Bungarus fasciatus",112.90007,22.67713,"Guangdong",2019,10,20,"","https://www.inaturalist.org/observations/35566864","http://creativecommons.org/licenses/by-nc/4.0/legalcode","WGS84","2456555505","35566864",NA,NA,NA,NA,NA,NA,NA
"50c9509d-22c7-4a22-a47d-8c48425ef4a7","HUMAN_OBSERVATION","PRESENT","Bungarus fasciatus",114.20165,22.590533,"Guangdong",2019,11,11,"cdround","https://www.inaturalist.org/observations/36320778","http://creativecommons.org/licenses/by/4.0/legalcode","WGS84","2465328158","36320778",NA,NA,NA,NA,NA,NA,NA
"50c9509d-22c7-4a22-a47d-8c48425ef4a7","HUMAN_OBSERVATION","PRESENT","Bungarus fasciatus",105.714932,20.248677,"Ninh Binh",2018,12,1,"","https://www.inaturalist.org/observations/24181731","http://creativecommons.org/licenses/by-nc/4.0/legalcode","WGS84","2238997921","24181731",NA,NA,NA,NA,NA,NA,NA
"50c9509d-22c7-4a22-a47d-8c48425ef4a7","HUMAN_OBSERVATION","PRESENT","Bungarus fasciatus",114.090909,22.419846,"Yuen Long",2017,8,17,"cdround","https://www.inaturalist.org/observations/7565015","http://creativecommons.org/licenses/by-nc/4.0/legalcode","WGS84","1621784811","7565015",NA,NA,NA,NA,NA,NA,NA
"50c9509d-22c7-4a22-a47d-8c48425ef4a7","HUMAN_OBSERVATION","PRESENT","Bungarus fasciatus",114.239045,22.351372,"Sai Kung",2017,9,27,"cdround","https://www.inaturalist.org/observations/8139102","http://creativecommons.org/licenses/by-nc/4.0/legalcode","WGS84","1668866205","8139102",NA,NA,NA,NA,NA,NA,NA
"50c9509d-22c7-4a22-a47d-8c48425ef4a7","HUMAN_OBSERVATION","PRESENT","Bungarus fasciatus",114.135176,22.280537,"Central and Western",2017,9,29,"cdround","https://www.inaturalist.org/observations/8199978","http://creativecommons.org/licenses/by-nc/4.0/legalcode","WGS84","1668881569","8199978",NA,NA,NA,NA,NA,NA,NA
"50c9509d-22c7-4a22-a47d-8c48425ef4a7","HUMAN_OBSERVATION","PRESENT","Bungarus fasciatus",114.078773,22.223954,"Central and Western",2017,9,29,"cdround","https://www.inaturalist.org/observations/8516351","http://creativecommons.org/licenses/by-nc/4.0/legalcode","WGS84","1677336973","8516351",NA,NA,NA,NA,NA,NA,NA
"50c9509d-22c7-4a22-a47d-8c48425ef4a7","HUMAN_OBSERVATION","PRESENT","Bungarus fasciatus",106.995948,20.789869,"H<U+1EA3>i Phong",2017,9,7,"cdround","https://www.inaturalist.org/observations/7840434","http://creativecommons.org/licenses/by-nc/4.0/legalcode","WGS84","3044752322","7840434",NA,NA,NA,NA,NA,NA,NA
"50c9509d-22c7-4a22-a47d-8c48425ef4a7","HUMAN_OBSERVATION","PRESENT","Bungarus fasciatus",113.556533,22.180164,"Guangdong",2016,4,30,"cdround","https://www.inaturalist.org/observations/69150293","http://creativecommons.org/licenses/by-nc/4.0/legalcode","WGS84","3039492618","69150293",NA,NA,NA,NA,NA,NA,NA
"50c9509d-22c7-4a22-a47d-8c48425ef4a7","HUMAN_OBSERVATION","PRESENT","Bungarus fasciatus",106.858503,22.382347,"Guangxi",2016,7,15,"cdround","https://www.inaturalist.org/observations/109860338","http://creativecommons.org/licenses/by-nc/4.0/legalcode","WGS84","3759868272","109860338",NA,NA,NA,NA,NA,NA,NA
"50c9509d-22c7-4a22-a47d-8c48425ef4a7","HUMAN_OBSERVATION","PRESENT","Bungarus fasciatus",113.972645,22.453533,"Yuen Long",2016,8,29,"cdround","https://www.inaturalist.org/observations/45139288","http://creativecommons.org/licenses/by-nc/4.0/legalcode","WGS84","2620138640","45139288",NA,NA,NA,NA,NA,NA,NA
"d5fafa95-7de2-48c0-bf10-3480bcca4a2b","PRESERVED_SPECIMEN","PRESENT","Bungarus fasciatus",102.243,22.0676,"Phongsali",2015,5,16,"osiic,incomis,inmafu","https://collections.naturalsciences.org/herpetology/specimen/86467","http://creativecommons.org/publicdomain/zero/1.0/legalcode","WGS84","1229584425","86467","ASIA","Phongsaly","Phou Dendin National Protected Area, Houay Lick",NA,NA,NA,NA
"50c9509d-22c7-4a22-a47d-8c48425ef4a7","HUMAN_OBSERVATION","PRESENT","Bungarus fasciatus",114.183655,22.48972,"Tai Po",2014,5,26,"cdround","https://www.inaturalist.org/observations/45972523","http://creativecommons.org/licenses/by-nc/4.0/legalcode","WGS84","2626618291","45972523",NA,NA,NA,NA,NA,NA,NA
"50c9509d-22c7-4a22-a47d-8c48425ef4a7","HUMAN_OBSERVATION","PRESENT","Bungarus fasciatus",113.811597,22.405487,"Guangdong",2014,11,5,"","https://www.inaturalist.org/observations/26596863","http://creativecommons.org/licenses/by/4.0/legalcode","WGS84","2265822644","26596863",NA,NA,NA,NA,NA,NA,NA
"50c9509d-22c7-4a22-a47d-8c48425ef4a7","HUMAN_OBSERVATION","PRESENT","Bungarus fasciatus",105.637804,20.386716,"Ninh Binh",2013,5,2,"cdround","https://www.inaturalist.org/observations/17410575","http://creativecommons.org/licenses/by-nc/4.0/legalcode","WGS84","1920841810","17410575",NA,NA,NA,NA,NA,NA,NA
"50c9509d-22c7-4a22-a47d-8c48425ef4a7","HUMAN_OBSERVATION","PRESENT","Bungarus fasciatus",114.10675,22.428801,"Yuen Long",2013,9,7,"","https://www.inaturalist.org/observations/476440","http://creativecommons.org/licenses/by-nc/4.0/legalcode","WGS84","910491797","476440",NA,NA,NA,NA,NA,NA,NA
"d5fafa95-7de2-48c0-bf10-3480bcca4a2b","PRESERVED_SPECIMEN","PRESENT","Bungarus fasciatus",101.8826,21.3324,"Phongsali",2012,10,18,"osiic,incomis,inmafu","https://collections.naturalsciences.org/herpetology/specimen/80736","http://creativecommons.org/publicdomain/zero/1.0/legalcode","WGS84","895453932","80736","ASIA","Boun Tai","Nam Lan Conservation Area, Ban Na Ten Village, 683 m elevation",NA,NA,NA,NA
"50c9509d-22c7-4a22-a47d-8c48425ef4a7","HUMAN_OBSERVATION","PRESENT","Bungarus fasciatus",114.279099,22.501773,"North",2011,6,1,"cdround","https://www.inaturalist.org/observations/31853","http://creativecommons.org/licenses/by-nc/4.0/legalcode","WGS84","1052564035","31853",NA,NA,NA,NA,NA,NA,NA
"040c5662-da76-4782-a48e-cdea1892d14c","MATERIAL_SAMPLE","PRESENT","Bungarus fasciatus",108.33,22.84,"Guangxi",2011,7,12,"gass84",NA,"http://creativecommons.org/licenses/by/4.0/legalcode","WGS84","2249634255","TP-2",NA,NA,"Guangxi",NA,NA,NA,NA
"d8cd16ba-bb74-4420-821e-083f2bac17c2","PRESERVED_SPECIMEN","PRESENT","Bungarus fasciatus",108.330002,22.84,NA,2011,7,11,"gass84","https://www.ebi.ac.uk/ena/browser/view/JN833616","http://creativecommons.org/licenses/by/4.0/legalcode","WGS84","3346946655","TP-2",NA,NA,"Guang Xi Province",NA,NA,NA,NA
"50c9509d-22c7-4a22-a47d-8c48425ef4a7","HUMAN_OBSERVATION","PRESENT","Bungarus fasciatus",100.029713,20.230041,"Chiang Rai",2011,12,1,"cdround","https://www.inaturalist.org/observations/38009880","http://creativecommons.org/licenses/by-nc/4.0/legalcode","WGS84","2563610947","38009880",NA,NA,NA,NA,NA,NA,NA
"50c9509d-22c7-4a22-a47d-8c48425ef4a7","HUMAN_OBSERVATION","PRESENT","Bungarus fasciatus",114.21583,22.526781,"North",2008,8,9,"cdround","https://www.inaturalist.org/observations/91091179","http://creativecommons.org/licenses/by-nc/4.0/legalcode","WGS84","3337627807","91091179",NA,NA,NA,NA,NA,NA,NA
"dce00a1f-f6b4-4e11-9771-92c62c40ad80","PRESERVED_SPECIMEN","PRESENT","Bungarus fasciatus",107.9175,21.84961,"Guangxi",2005,4,23,"gass84,colmafu",NA,"http://creativecommons.org/licenses/by/4.0/legalcode","WGS84","686685636","311566","ASIA",NA,"Fulong","ETOH - 1; tissue - 100",NA,NA,NA
"cd875b5a-b3fe-48f2-94c7-371cab1431f3","PRESERVED_SPECIMEN","PRESENT","Bungarus fasciatus",100.906677,22.77998,"Yunnan",2002,6,14,"cdround,gass84,osiic,incomis,inmafu",NA,"http://creativecommons.org/licenses/by-nc/4.0/legalcode","WGS84","1211766911","41546","ASIA","S. Simao","Simao, 8.8 km W of Simao","Whole specimen (ETOH); Tissue","PhysicalObject",NA,NA
"cd875b5a-b3fe-48f2-94c7-371cab1431f3","PRESERVED_SPECIMEN","PRESENT","Bungarus fasciatus",105.912778,22.628611,"Cao Bang",1998,4,NA,"cdround,gass84,osiic,incomis,inmafu",NA,"http://creativecommons.org/licenses/by-nc/4.0/legalcode","WGS84","1211749727","35248","ASIA","Nguyen Binh","Quang Thanh Village","Whole specimen (ETOH); Tissue","PhysicalObject",NA,NA
"cd875b5a-b3fe-48f2-94c7-371cab1431f3","PRESERVED_SPECIMEN","PRESENT","Bungarus fasciatus",106.4775,21.212222,"Hia Duong",1998,4,NA,"cdround,gass84,osiic,incomis,inmafu",NA,"http://creativecommons.org/licenses/by-nc/4.0/legalcode","WGS84","1211749739","35254","ASIA",NA,"Chi Linh vicinity; Hoang Hua Tham Village","Whole specimen (ETOH); Tissue","PhysicalObject",NA,NA
"cd875b5a-b3fe-48f2-94c7-371cab1431f3","PRESERVED_SPECIMEN","PRESENT","Bungarus fasciatus",105.641389,21.454167,"Vinh Phu",1997,5,NA,"cdround,gass84,osiic,incomis,inmafu",NA,"http://creativecommons.org/licenses/by-nc/4.0/legalcode","WGS84","1211746675","32409","ASIA",NA,"Tam Dao","Whole specimen (ETOH)","PhysicalObject",NA,NA
"cd875b5a-b3fe-48f2-94c7-371cab1431f3","PRESERVED_SPECIMEN","PRESENT","Bungarus fasciatus",105.411111,22.365,"Tuyen Quang",1996,6,NA,"cdround,gass84,osiic,incomis,inmafu",NA,"http://creativecommons.org/licenses/by-nc/4.0/legalcode","WGS84","1211745335","30796","ASIA",NA,"Pac Ban; Na Hang Nature Reserve","Whole specimen (ETOH); Tissue","PhysicalObject",NA,NA
"cd875b5a-b3fe-48f2-94c7-371cab1431f3","PRESERVED_SPECIMEN","PRESENT","Bungarus fasciatus",105.634167,22.4175,"Bac Thai",1995,5,NA,"cdround,gass84,osiic,incomis,inmafu",NA,"http://creativecommons.org/licenses/by-nc/4.0/legalcode","WGS84","1211745485","30947","ASIA",NA,"Ba Be National Park","Whole specimen (ETOH); Tissue","PhysicalObject",NA,NA
"cd875b5a-b3fe-48f2-94c7-371cab1431f3","PRESERVED_SPECIMEN","PRESENT","Bungarus fasciatus",105.924444,20.335556,"Ninh Binh",1994,11,2,"cdround,gass84,osiic,incomis,inmafu",NA,"http://creativecommons.org/licenses/by-nc/4.0/legalcode","WGS84","1211740610","25681","ASIA",NA,"10.53 km NW of Ninh Binh","Whole specimen (ETOH); Tissue","PhysicalObject",NA,NA
"4bfac3ea-8763-4f4b-a71a-76a6f5f243d3","PRESERVED_SPECIMEN","PRESENT","Bungarus fasciatus",113.874209,22.219173,"Hong Kong",1990,8,12,"colmafu,inmafu","http://mczbase.mcz.harvard.edu/guid/MCZ:Herp:R-176042","http://creativecommons.org/licenses/by-nc/4.0/legalcode","WGS84","476711771","R-176042","ASIA","New Territories","Keung Shan","whole animal (ethanol)",NA,NA,NA
"4bfac3ea-8763-4f4b-a71a-76a6f5f243d3","PRESERVED_SPECIMEN","PRESENT","Bungarus fasciatus",113.94268,22.287869,"Hong Kong",1987,3,21,"colmafu,inmafu","http://mczbase.mcz.harvard.edu/guid/MCZ:Herp:R-172565","http://creativecommons.org/licenses/by-nc/4.0/legalcode","WGS84","476699871","R-172565","ASIA","New Territories","Hong Kong,Lantau,1km S. Tung Chung","whole animal (ethanol)",NA,NA,NA
"4bfac3ea-8763-4f4b-a71a-76a6f5f243d3","PRESERVED_SPECIMEN","PRESENT","Bungarus fasciatus",113.929039,22.228959,"Hong Kong",1984,1,1,"colmafu,inmafu","http://mczbase.mcz.harvard.edu/guid/MCZ:Herp:R-177110","http://creativecommons.org/licenses/by-nc/4.0/legalcode","WGS84","476698858","R-177110","ASIA",NA,"Lantau, Ma Po Ping","whole animal (ethanol)",NA,NA,NA
"cece4fc2-1fec-4bb5-a335-7252548e3f0b","PRESERVED_SPECIMEN","PRESENT","Bungarus fasciatus",114.144525,22.291667,"Hong Kong",1941,2,23,"cdround",NA,"http://creativecommons.org/publicdomain/zero/1.0/legalcode","WGS84","543719824","12922","ASIA",NA,NA,"Alcohol","PhysicalObject",NA,NA
"4bfac3ea-8763-4f4b-a71a-76a6f5f243d3","PRESERVED_SPECIMEN","PRESENT","Bungarus fasciatus",121.469969,31.654042,NA,1922,1,1,"colmafu,inmafu","http://mczbase.mcz.harvard.edu/guid/MCZ:Herp:R-16733","http://creativecommons.org/licenses/by-nc/4.0/legalcode","WGS84","476494771","R-16733","ASIA",NA,"China,SE Yunnan,Hokeo","whole animal (ethanol)",NA,NA,NA
"cece4fc2-1fec-4bb5-a335-7252548e3f0b","PRESERVED_SPECIMEN","PRESENT","Bungarus fasciatus",114.109483,22.396436,"Hong Kong",NA,NA,NA,"cdround",NA,"http://creativecommons.org/publicdomain/zero/1.0/legalcode","WGS84","543742505","7236","ASIA",NA,"Hong Kong","Alcohol","PhysicalObject",NA,NA
