"datasetKey","basisOfRecord","occurrenceStatus","species","decimalLongitude","decimalLatitude","stateProvince","year","month","day","issues","references","license","geodeticDatum","gbifID","catalogNumber","county","locality","type","elevation","elevationAccuracy","continent","preparations"
"50c9509d-22c7-4a22-a47d-8c48425ef4a7","HUMAN_OBSERVATION","PRESENT","Elaphe climacophora",138.966534,35.161906,"Shizuoka",2022,3,30,"","https://www.inaturalist.org/observations/121795084","http://creativecommons.org/licenses/by-nc/4.0/legalcode","WGS84","3860574697","121795084",NA,NA,NA,NA,NA,NA,NA
"50c9509d-22c7-4a22-a47d-8c48425ef4a7","HUMAN_OBSERVATION","PRESENT","Elaphe climacophora",139.588237,35.445281,"Kanagawa",2022,4,9,"cdround","https://www.inaturalist.org/observations/111374490","http://creativecommons.org/licenses/by-nc/4.0/legalcode","WGS84","3759329863","111374490",NA,NA,NA,NA,NA,NA,NA
"50c9509d-22c7-4a22-a47d-8c48425ef4a7","HUMAN_OBSERVATION","PRESENT","Elaphe climacophora",139.254909,35.630138,"Tokyo",2022,4,10,"cdround","https://www.inaturalist.org/observations/110973070","http://creativecommons.org/licenses/by/4.0/legalcode","WGS84","3759720447","110973070",NA,NA,NA,NA,NA,NA,NA
"50c9509d-22c7-4a22-a47d-8c48425ef4a7","HUMAN_OBSERVATION","PRESENT","Elaphe climacophora",139.754496,35.604016,"Tokyo",2022,4,19,"cdround","https://www.inaturalist.org/observations/112024224","http://creativecommons.org/licenses/by-nc/4.0/legalcode","WGS84","3759825537","112024224",NA,NA,NA,NA,NA,NA,NA
"50c9509d-22c7-4a22-a47d-8c48425ef4a7","HUMAN_OBSERVATION","PRESENT","Elaphe climacophora",136.908162,35.12445,"Aichi",2022,4,26,"cdround","https://www.inaturalist.org/observations/112918747","http://creativecommons.org/licenses/by-nc/4.0/legalcode","WGS84","3764240019","112918747",NA,NA,NA,NA,NA,NA,NA
"50c9509d-22c7-4a22-a47d-8c48425ef4a7","HUMAN_OBSERVATION","PRESENT","Elaphe climacophora",134.424286,34.022171,"Tokushima",2022,4,13,"cdround","https://www.inaturalist.org/observations/113188979","http://creativecommons.org/licenses/by-nc/4.0/legalcode","WGS84","3764488211","113188979",NA,NA,NA,NA,NA,NA,NA
"50c9509d-22c7-4a22-a47d-8c48425ef4a7","HUMAN_OBSERVATION","PRESENT","Elaphe climacophora",138.25078,36.393391,"Nagano",2022,4,25,"cdround","https://www.inaturalist.org/observations/114115058","http://creativecommons.org/licenses/by-nc/4.0/legalcode","WGS84","3772963338","114115058",NA,NA,NA,NA,NA,NA,NA
"50c9509d-22c7-4a22-a47d-8c48425ef4a7","HUMAN_OBSERVATION","PRESENT","Elaphe climacophora",129.961455,32.766427,"Nagasaki",2022,4,20,"","https://www.inaturalist.org/observations/121822006","http://creativecommons.org/licenses/by-nc/4.0/legalcode","WGS84","3860133665","121822006",NA,NA,NA,NA,NA,NA,NA
"50c9509d-22c7-4a22-a47d-8c48425ef4a7","HUMAN_OBSERVATION","PRESENT","Elaphe climacophora",132.9206,33.145319,"Kochi",2022,5,4,"cdround","https://www.inaturalist.org/observations/115675566","http://creativecommons.org/licenses/by-nc/4.0/legalcode","WGS84","3772486085","115675566",NA,NA,NA,NA,NA,NA,NA
"50c9509d-22c7-4a22-a47d-8c48425ef4a7","HUMAN_OBSERVATION","PRESENT","Elaphe climacophora",139.209849,35.521902,"Kanagawa",2022,5,4,"cdround","https://www.inaturalist.org/observations/115337937","http://creativecommons.org/licenses/by-nc/4.0/legalcode","WGS84","3772879939","115337937",NA,NA,NA,NA,NA,NA,NA
"50c9509d-22c7-4a22-a47d-8c48425ef4a7","HUMAN_OBSERVATION","PRESENT","Elaphe climacophora",139.866118,35.640435,"Tokyo",2022,5,5,"cdround","https://www.inaturalist.org/observations/115862594","http://creativecommons.org/licenses/by-nc/4.0/legalcode","WGS84","3773090375","115862594",NA,NA,NA,NA,NA,NA,NA
"50c9509d-22c7-4a22-a47d-8c48425ef4a7","HUMAN_OBSERVATION","PRESENT","Elaphe climacophora",138.20825,36.822968,"Nagano",2022,5,7,"cdround","https://www.inaturalist.org/observations/115837714","http://creativecommons.org/licenses/by-nc/4.0/legalcode","WGS84","3773758973","115837714",NA,NA,NA,NA,NA,NA,NA
"50c9509d-22c7-4a22-a47d-8c48425ef4a7","HUMAN_OBSERVATION","PRESENT","Elaphe climacophora",136.910914,35.125863,"Aichi",2022,5,16,"cdround","https://www.inaturalist.org/observations/117265979","http://creativecommons.org/licenses/by-nc/4.0/legalcode","WGS84","3785032755","117265979",NA,NA,NA,NA,NA,NA,NA
"50c9509d-22c7-4a22-a47d-8c48425ef4a7","HUMAN_OBSERVATION","PRESENT","Elaphe climacophora",139.479873,35.581604,"Tokyo",2022,5,18,"cdround","https://www.inaturalist.org/observations/117572441","http://creativecommons.org/licenses/by-nc/4.0/legalcode","WGS84","3785109544","117572441",NA,NA,NA,NA,NA,NA,NA
"50c9509d-22c7-4a22-a47d-8c48425ef4a7","HUMAN_OBSERVATION","PRESENT","Elaphe climacophora",131.396912,31.815643,"Miyazaki",2022,5,18,"cdround","https://www.inaturalist.org/observations/118648077","http://creativecommons.org/licenses/by-nc/4.0/legalcode","WGS84","3802497433","118648077",NA,NA,NA,NA,NA,NA,NA
"50c9509d-22c7-4a22-a47d-8c48425ef4a7","HUMAN_OBSERVATION","PRESENT","Elaphe climacophora",139.550378,35.389501,"Kanagawa",2022,5,29,"cdround","https://www.inaturalist.org/observations/119414701","http://creativecommons.org/licenses/by/4.0/legalcode","WGS84","3859383728","119414701",NA,NA,NA,NA,NA,NA,NA
"50c9509d-22c7-4a22-a47d-8c48425ef4a7","HUMAN_OBSERVATION","PRESENT","Elaphe climacophora",139.702667,35.8949,"Saitama",2022,5,22,"cdround","https://www.inaturalist.org/observations/126403433","http://creativecommons.org/licenses/by-nc/4.0/legalcode","WGS84","3873180798","126403433",NA,NA,NA,NA,NA,NA,NA
"50c9509d-22c7-4a22-a47d-8c48425ef4a7","HUMAN_OBSERVATION","PRESENT","Elaphe climacophora",139.397322,35.710765,"Tokyo",2022,6,18,"cdround","https://www.inaturalist.org/observations/122602422","http://creativecommons.org/licenses/by-nc/4.0/legalcode","WGS84","3858754531","122602422",NA,NA,NA,NA,NA,NA,NA
"50c9509d-22c7-4a22-a47d-8c48425ef4a7","HUMAN_OBSERVATION","PRESENT","Elaphe climacophora",140.465463,36.37071,"Ibaraki",2022,6,15,"cdround","https://www.inaturalist.org/observations/121827247","http://creativecommons.org/licenses/by-nc/4.0/legalcode","WGS84","3858849817","121827247",NA,NA,NA,NA,NA,NA,NA
"50c9509d-22c7-4a22-a47d-8c48425ef4a7","HUMAN_OBSERVATION","PRESENT","Elaphe climacophora",139.769611,35.710628,"Tokyo",2022,6,26,"cdround","https://www.inaturalist.org/observations/123435179","http://creativecommons.org/licenses/by-nc/4.0/legalcode","WGS84","3859301228","123435179",NA,NA,NA,NA,NA,NA,NA
"50c9509d-22c7-4a22-a47d-8c48425ef4a7","HUMAN_OBSERVATION","PRESENT","Elaphe climacophora",140.459595,36.368047,"Ibaraki",2022,6,15,"cdround","https://www.inaturalist.org/observations/121830230","http://creativecommons.org/licenses/by-nc/4.0/legalcode","WGS84","3859623703","121830230",NA,NA,NA,NA,NA,NA,NA
"50c9509d-22c7-4a22-a47d-8c48425ef4a7","HUMAN_OBSERVATION","PRESENT","Elaphe climacophora",139.206476,35.908994,"Saitama",2022,6,19,"cdround","https://www.inaturalist.org/observations/122483821","http://creativecommons.org/licenses/by-nc/4.0/legalcode","WGS84","3859627370","122483821",NA,NA,NA,NA,NA,NA,NA
"50c9509d-22c7-4a22-a47d-8c48425ef4a7","HUMAN_OBSERVATION","PRESENT","Elaphe climacophora",135.284058,34.834053,"Hyogo",2022,6,19,"cdround","https://www.inaturalist.org/observations/122448713","http://creativecommons.org/licenses/by-nc/4.0/legalcode","WGS84","3859658267","122448713",NA,NA,NA,NA,NA,NA,NA
"50c9509d-22c7-4a22-a47d-8c48425ef4a7","HUMAN_OBSERVATION","PRESENT","Elaphe climacophora",139.858776,35.638776,"Tokyo",2022,7,5,"cdround","https://www.inaturalist.org/observations/124854969","http://creativecommons.org/licenses/by-nc/4.0/legalcode","WGS84","3858996289","124854969",NA,NA,NA,NA,NA,NA,NA
"50c9509d-22c7-4a22-a47d-8c48425ef4a7","HUMAN_OBSERVATION","PRESENT","Elaphe climacophora",140.375464,35.183044,"Chiba",2022,7,4,"cdround","https://www.inaturalist.org/observations/124704545","http://creativecommons.org/licenses/by-nc/4.0/legalcode","WGS84","3859723150","124704545",NA,NA,NA,NA,NA,NA,NA
"50c9509d-22c7-4a22-a47d-8c48425ef4a7","HUMAN_OBSERVATION","PRESENT","Elaphe climacophora",135.597808,34.215333,"Wakayama",2022,7,23,"cdround","https://www.inaturalist.org/observations/127456680","http://creativecommons.org/licenses/by-nc/4.0/legalcode","WGS84","3873159943","127456680",NA,NA,NA,NA,NA,NA,NA
"50c9509d-22c7-4a22-a47d-8c48425ef4a7","HUMAN_OBSERVATION","PRESENT","Elaphe climacophora",138.875438,36.465868,"Gunma",2022,7,25,"cdround","https://www.inaturalist.org/observations/128105756","http://creativecommons.org/licenses/by-nc/4.0/legalcode","WGS84","3881483608","128105756",NA,NA,NA,NA,NA,NA,NA
"50c9509d-22c7-4a22-a47d-8c48425ef4a7","HUMAN_OBSERVATION","PRESENT","Elaphe climacophora",133.586871,33.984647,"Ehime",2022,7,23,"cdround","https://www.inaturalist.org/observations/128134466","http://creativecommons.org/licenses/by-nc/4.0/legalcode","WGS84","3881723666","128134466",NA,NA,NA,NA,NA,NA,NA
"50c9509d-22c7-4a22-a47d-8c48425ef4a7","HUMAN_OBSERVATION","PRESENT","Elaphe climacophora",131.013931,30.684436,"Kagoshima",2022,7,27,"cdround","https://www.inaturalist.org/observations/128116343","http://creativecommons.org/licenses/by-nc/4.0/legalcode","WGS84","3881798639","128116343",NA,NA,NA,NA,NA,NA,NA
"50c9509d-22c7-4a22-a47d-8c48425ef4a7","HUMAN_OBSERVATION","PRESENT","Elaphe climacophora",139.594007,35.663478,"Tokyo",2021,3,18,"cdround","https://www.inaturalist.org/observations/81989013","http://creativecommons.org/licenses/by-nc/4.0/legalcode","WGS84","3302111522","81989013",NA,NA,NA,NA,NA,NA,NA
"50c9509d-22c7-4a22-a47d-8c48425ef4a7","HUMAN_OBSERVATION","PRESENT","Elaphe climacophora",139.749225,35.599578,"Tokyo",2021,4,18,"cdround","https://www.inaturalist.org/observations/74470789","http://creativecommons.org/licenses/by-nc/4.0/legalcode","WGS84","3097093150","74470789",NA,NA,NA,NA,NA,NA,NA
"50c9509d-22c7-4a22-a47d-8c48425ef4a7","HUMAN_OBSERVATION","PRESENT","Elaphe climacophora",139.570158,35.424597,"Tokyo",2021,4,22,"cdround","https://www.inaturalist.org/observations/75115385","http://creativecommons.org/licenses/by-nc/4.0/legalcode","WGS84","3109057765","75115385",NA,NA,NA,NA,NA,NA,NA
"50c9509d-22c7-4a22-a47d-8c48425ef4a7","HUMAN_OBSERVATION","PRESENT","Elaphe climacophora",139.727446,35.712469,"Tokyo",2021,5,2,"cdround","https://www.inaturalist.org/observations/76455944","http://creativecommons.org/licenses/by-nc/4.0/legalcode","WGS84","3112610396","76455944",NA,NA,NA,NA,NA,NA,NA
"50c9509d-22c7-4a22-a47d-8c48425ef4a7","HUMAN_OBSERVATION","PRESENT","Elaphe climacophora",139.72,35.65,"Tokyo",2021,5,11,"","https://www.inaturalist.org/observations/78681403","http://creativecommons.org/licenses/by-nc/4.0/legalcode","WGS84","3117845662","78681403",NA,NA,NA,NA,NA,NA,NA
"50c9509d-22c7-4a22-a47d-8c48425ef4a7","HUMAN_OBSERVATION","PRESENT","Elaphe climacophora",139.57936,35.406035,"Kanagawa",2021,5,1,"cdround","https://www.inaturalist.org/observations/79499596","http://creativecommons.org/licenses/by-nc/4.0/legalcode","WGS84","3118482711","79499596",NA,NA,NA,NA,NA,NA,NA
"50c9509d-22c7-4a22-a47d-8c48425ef4a7","HUMAN_OBSERVATION","PRESENT","Elaphe climacophora",139.408018,35.507591,"Tokyo",2021,5,12,"cdround","https://www.inaturalist.org/observations/79749923","http://creativecommons.org/licenses/by-nc/4.0/legalcode","WGS84","3124562789","79749923",NA,NA,NA,NA,NA,NA,NA
"50c9509d-22c7-4a22-a47d-8c48425ef4a7","HUMAN_OBSERVATION","PRESENT","Elaphe climacophora",139.596889,35.737273,"Tokyo",2021,5,23,"cdround","https://www.inaturalist.org/observations/80427758","http://creativecommons.org/licenses/by/4.0/legalcode","WGS84","3124609565","80427758",NA,NA,NA,NA,NA,NA,NA
"50c9509d-22c7-4a22-a47d-8c48425ef4a7","HUMAN_OBSERVATION","PRESENT","Elaphe climacophora",139.754571,35.599657,"Tokyo",2021,5,21,"cdround","https://www.inaturalist.org/observations/79597566","http://creativecommons.org/licenses/by-nc/4.0/legalcode","WGS84","3124618496","79597566",NA,NA,NA,NA,NA,NA,NA
"50c9509d-22c7-4a22-a47d-8c48425ef4a7","HUMAN_OBSERVATION","PRESENT","Elaphe climacophora",139.805992,35.645081,"Tokyo",2021,5,16,"cdround","https://www.inaturalist.org/observations/79737858","http://creativecommons.org/licenses/by-nc/4.0/legalcode","WGS84","3124671590","79737858",NA,NA,NA,NA,NA,NA,NA
"50c9509d-22c7-4a22-a47d-8c48425ef4a7","HUMAN_OBSERVATION","PRESENT","Elaphe climacophora",139.884598,35.069777,"Chiba",2021,5,23,"cdround","https://www.inaturalist.org/observations/80208498","http://creativecommons.org/licenses/by-nc/4.0/legalcode","WGS84","3124693557","80208498",NA,NA,NA,NA,NA,NA,NA
"50c9509d-22c7-4a22-a47d-8c48425ef4a7","HUMAN_OBSERVATION","PRESENT","Elaphe climacophora",139.607856,35.282764,"Kanagawa",2021,5,26,"cdround","https://www.inaturalist.org/observations/80419809","http://creativecommons.org/licenses/by-nc/4.0/legalcode","WGS84","3124846802","80419809",NA,NA,NA,NA,NA,NA,NA
"50c9509d-22c7-4a22-a47d-8c48425ef4a7","HUMAN_OBSERVATION","PRESENT","Elaphe climacophora",136.611308,36.503622,"Ishikawa",2021,5,29,"cdround","https://www.inaturalist.org/observations/106745120","http://creativecommons.org/licenses/by-nc/4.0/legalcode","WGS84","3499381857","106745120",NA,NA,NA,NA,NA,NA,NA
"50c9509d-22c7-4a22-a47d-8c48425ef4a7","HUMAN_OBSERVATION","PRESENT","Elaphe climacophora",139.746521,35.717407,"Tokyo",2021,6,7,"cdround","https://www.inaturalist.org/observations/81957988","http://creativecommons.org/licenses/by-nc/4.0/legalcode","WGS84","3301823636","81957988",NA,NA,NA,NA,NA,NA,NA
"50c9509d-22c7-4a22-a47d-8c48425ef4a7","HUMAN_OBSERVATION","PRESENT","Elaphe climacophora",139.754934,35.604237,"Tokyo",2021,6,2,"cdround","https://www.inaturalist.org/observations/81261117","http://creativecommons.org/licenses/by-nc/4.0/legalcode","WGS84","3302195433","81261117",NA,NA,NA,NA,NA,NA,NA
"50c9509d-22c7-4a22-a47d-8c48425ef4a7","HUMAN_OBSERVATION","PRESENT","Elaphe climacophora",139.574906,35.673517,"Tokyo",2021,6,1,"cdround","https://www.inaturalist.org/observations/81167866","http://creativecommons.org/licenses/by-nc/4.0/legalcode","WGS84","3302365498","81167866",NA,NA,NA,NA,NA,NA,NA
"50c9509d-22c7-4a22-a47d-8c48425ef4a7","HUMAN_OBSERVATION","PRESENT","Elaphe climacophora",139.026153,35.197953,"Kanagawa",2021,6,12,"cdround","https://www.inaturalist.org/observations/82660332","http://creativecommons.org/licenses/by-nc/4.0/legalcode","WGS84","3307181780","82660332",NA,NA,NA,NA,NA,NA,NA
"50c9509d-22c7-4a22-a47d-8c48425ef4a7","HUMAN_OBSERVATION","PRESENT","Elaphe climacophora",139.907665,36.612762,"Tochigi",2021,6,21,"cdround","https://www.inaturalist.org/observations/84013427","http://creativecommons.org/licenses/by-nc/4.0/legalcode","WGS84","3314211212","84013427",NA,NA,NA,NA,NA,NA,NA
"50c9509d-22c7-4a22-a47d-8c48425ef4a7","HUMAN_OBSERVATION","PRESENT","Elaphe climacophora",137.153562,34.951279,"Aichi",2021,6,27,"cdround","https://www.inaturalist.org/observations/84671017","http://creativecommons.org/licenses/by-nc/4.0/legalcode","WGS84","3320841973","84671017",NA,NA,NA,NA,NA,NA,NA
"50c9509d-22c7-4a22-a47d-8c48425ef4a7","HUMAN_OBSERVATION","PRESENT","Elaphe climacophora",139.5379,35.449636,"Tokyo",2021,6,29,"cdround","https://www.inaturalist.org/observations/85849266","http://creativecommons.org/licenses/by-nc/4.0/legalcode","WGS84","3325684199","85849266",NA,NA,NA,NA,NA,NA,NA
"50c9509d-22c7-4a22-a47d-8c48425ef4a7","HUMAN_OBSERVATION","PRESENT","Elaphe climacophora",136.373537,35.420578,"Shiga",2021,6,9,"cdround","https://www.inaturalist.org/observations/128217491","http://creativecommons.org/publicdomain/zero/1.0/legalcode","WGS84","3881427819","128217491",NA,NA,NA,NA,NA,NA,NA
"50c9509d-22c7-4a22-a47d-8c48425ef4a7","HUMAN_OBSERVATION","PRESENT","Elaphe climacophora",139.534158,35.672653,"Tokyo",2021,7,6,"cdround","https://www.inaturalist.org/observations/85901327","http://creativecommons.org/licenses/by-nc/4.0/legalcode","WGS84","3325808237","85901327",NA,NA,NA,NA,NA,NA,NA
"50c9509d-22c7-4a22-a47d-8c48425ef4a7","HUMAN_OBSERVATION","PRESENT","Elaphe climacophora",139.612776,35.598624,"Kanagawa",2021,7,14,"cdround","https://www.inaturalist.org/observations/86943992","http://creativecommons.org/licenses/by-nc/4.0/legalcode","WGS84","3327893408","86943992",NA,NA,NA,NA,NA,NA,NA
"50c9509d-22c7-4a22-a47d-8c48425ef4a7","HUMAN_OBSERVATION","PRESENT","Elaphe climacophora",139.709287,35.713881,"Tokyo",2021,7,5,"cdround","https://www.inaturalist.org/observations/86378188","http://creativecommons.org/licenses/by-nc/4.0/legalcode","WGS84","3327961802","86378188",NA,NA,NA,NA,NA,NA,NA
"50c9509d-22c7-4a22-a47d-8c48425ef4a7","HUMAN_OBSERVATION","PRESENT","Elaphe climacophora",139.719725,35.63784,"Tokyo",2021,7,29,"cdround","https://www.inaturalist.org/observations/89062109","http://creativecommons.org/licenses/by-nc/4.0/legalcode","WGS84","3333191519","89062109",NA,NA,NA,NA,NA,NA,NA
"50c9509d-22c7-4a22-a47d-8c48425ef4a7","HUMAN_OBSERVATION","PRESENT","Elaphe climacophora",140.660971,37.351866,"Fukushima",2021,7,30,"cdround","https://www.inaturalist.org/observations/91223879","http://creativecommons.org/licenses/by-nc/4.0/legalcode","WGS84","3338005509","91223879",NA,NA,NA,NA,NA,NA,NA
"50c9509d-22c7-4a22-a47d-8c48425ef4a7","HUMAN_OBSERVATION","PRESENT","Elaphe climacophora",141.308542,43.0508,"Hokkaido",2021,7,1,"cdround","https://www.inaturalist.org/observations/122123553","http://creativecommons.org/licenses/by-nc/4.0/legalcode","WGS84","3859788137","122123553",NA,NA,NA,NA,NA,NA,NA
"50c9509d-22c7-4a22-a47d-8c48425ef4a7","HUMAN_OBSERVATION","PRESENT","Elaphe climacophora",139.099222,34.905953,"Shizuoka",2021,8,11,"cdround","https://www.inaturalist.org/observations/90874882","http://creativecommons.org/licenses/by/4.0/legalcode","WGS84","3337886222","90874882",NA,NA,NA,NA,NA,NA,NA
"50c9509d-22c7-4a22-a47d-8c48425ef4a7","HUMAN_OBSERVATION","PRESENT","Elaphe climacophora",137.151195,34.945664,"Aichi",2021,8,6,"cdround","https://www.inaturalist.org/observations/94143819","http://creativecommons.org/licenses/by-nc/4.0/legalcode","WGS84","3355823395","94143819",NA,NA,NA,NA,NA,NA,NA
"50c9509d-22c7-4a22-a47d-8c48425ef4a7","HUMAN_OBSERVATION","PRESENT","Elaphe climacophora",136.489801,35.95706,"Fukui",2021,8,22,"cdround","https://www.inaturalist.org/observations/92064613","http://creativecommons.org/licenses/by-nc/4.0/legalcode","WGS84","3456313400","92064613",NA,NA,NA,NA,NA,NA,NA
"50c9509d-22c7-4a22-a47d-8c48425ef4a7","HUMAN_OBSERVATION","PRESENT","Elaphe climacophora",140.163324,39.657214,"Akita",2021,9,25,"cdround","https://www.inaturalist.org/observations/96046107","http://creativecommons.org/licenses/by-nc/4.0/legalcode","WGS84","3384004168","96046107",NA,NA,NA,NA,NA,NA,NA
"50c9509d-22c7-4a22-a47d-8c48425ef4a7","HUMAN_OBSERVATION","PRESENT","Elaphe climacophora",136.651659,35.899131,"Fukui",2021,9,19,"cdround","https://www.inaturalist.org/observations/95384869","http://creativecommons.org/licenses/by-nc/4.0/legalcode","WGS84","3385117547","95384869",NA,NA,NA,NA,NA,NA,NA
"50c9509d-22c7-4a22-a47d-8c48425ef4a7","HUMAN_OBSERVATION","PRESENT","Elaphe climacophora",139.754325,35.600653,"Tokyo",2021,10,2,"cdround","https://www.inaturalist.org/observations/96886417","http://creativecommons.org/licenses/by-nc/4.0/legalcode","WGS84","3384509988","96886417",NA,NA,NA,NA,NA,NA,NA
"50c9509d-22c7-4a22-a47d-8c48425ef4a7","HUMAN_OBSERVATION","PRESENT","Elaphe climacophora",139.388143,35.784576,"Saitama",2021,10,3,"cdround","https://www.inaturalist.org/observations/97002875","http://creativecommons.org/licenses/by-nc/4.0/legalcode","WGS84","3384535206","97002875",NA,NA,NA,NA,NA,NA,NA
"50c9509d-22c7-4a22-a47d-8c48425ef4a7","HUMAN_OBSERVATION","PRESENT","Elaphe climacophora",139.754773,35.539645,"Tokyo",2021,10,23,"cdround","https://www.inaturalist.org/observations/99167414","http://creativecommons.org/licenses/by/4.0/legalcode","WGS84","3399264988","99167414",NA,NA,NA,NA,NA,NA,NA
"50c9509d-22c7-4a22-a47d-8c48425ef4a7","HUMAN_OBSERVATION","PRESENT","Elaphe climacophora",139.753204,35.595925,"Tokyo",2021,11,10,"cdround","https://www.inaturalist.org/observations/100770569","http://creativecommons.org/licenses/by-nc/4.0/legalcode","WGS84","3415525510","100770569",NA,NA,NA,NA,NA,NA,NA
"50c9509d-22c7-4a22-a47d-8c48425ef4a7","HUMAN_OBSERVATION","PRESENT","Elaphe climacophora",139.049721,35.328063,"Kanagawa",2020,3,22,"cdround","https://www.inaturalist.org/observations/40517260","http://creativecommons.org/licenses/by-nc/4.0/legalcode","WGS84","2596089478","40517260",NA,NA,NA,NA,NA,NA,NA
"50c9509d-22c7-4a22-a47d-8c48425ef4a7","HUMAN_OBSERVATION","PRESENT","Elaphe climacophora",139.500747,35.566312,"Kanagawa",2020,3,28,"cdround","https://www.inaturalist.org/observations/40867937","http://creativecommons.org/licenses/by-nc/4.0/legalcode","WGS84","2596124302","40867937",NA,NA,NA,NA,NA,NA,NA
"50c9509d-22c7-4a22-a47d-8c48425ef4a7","HUMAN_OBSERVATION","PRESENT","Elaphe climacophora",140.097413,35.67819,"Chiba",2020,4,30,"cdround","https://www.inaturalist.org/observations/44359577","http://creativecommons.org/licenses/by-nc/4.0/legalcode","WGS84","2813865528","44359577",NA,NA,NA,NA,NA,NA,NA
"50c9509d-22c7-4a22-a47d-8c48425ef4a7","HUMAN_OBSERVATION","PRESENT","Elaphe climacophora",139.228958,36.275947,"Gunma",2020,4,30,"cdround","https://www.inaturalist.org/observations/71895378","http://creativecommons.org/licenses/by-nc/4.0/legalcode","WGS84","3068017594","71895378",NA,NA,NA,NA,NA,NA,NA
"50c9509d-22c7-4a22-a47d-8c48425ef4a7","HUMAN_OBSERVATION","PRESENT","Elaphe climacophora",139.609853,35.349006,"Kanagawa",2020,5,3,"","https://www.inaturalist.org/observations/44684105","http://creativecommons.org/licenses/by-nc/4.0/legalcode","WGS84","2620057465","44684105",NA,NA,NA,NA,NA,NA,NA
"50c9509d-22c7-4a22-a47d-8c48425ef4a7","HUMAN_OBSERVATION","PRESENT","Elaphe climacophora",139.606315,35.503202,"Kanagawa",2020,5,24,"cdround","https://www.inaturalist.org/observations/47078453","http://creativecommons.org/licenses/by-nc/4.0/legalcode","WGS84","2633963234","47078453",NA,NA,NA,NA,NA,NA,NA
"50c9509d-22c7-4a22-a47d-8c48425ef4a7","HUMAN_OBSERVATION","PRESENT","Elaphe climacophora",139.460005,35.561328,"Tokyo",2020,5,25,"cdround","https://www.inaturalist.org/observations/47807228","http://creativecommons.org/licenses/by-nc/4.0/legalcode","WGS84","2634128366","47807228",NA,NA,NA,NA,NA,NA,NA
"50c9509d-22c7-4a22-a47d-8c48425ef4a7","HUMAN_OBSERVATION","PRESENT","Elaphe climacophora",139.716499,35.767324,"Tokyo",2020,6,4,"cdround","https://www.inaturalist.org/observations/48417439","http://creativecommons.org/licenses/by-nc/4.0/legalcode","WGS84","2634295231","48417439",NA,NA,NA,NA,NA,NA,NA
"50c9509d-22c7-4a22-a47d-8c48425ef4a7","HUMAN_OBSERVATION","PRESENT","Elaphe climacophora",139.649457,35.320561,"Kanagawa",2020,6,23,"","https://www.inaturalist.org/observations/50621226","http://creativecommons.org/licenses/by-nc/4.0/legalcode","WGS84","2802972778","50621226",NA,NA,NA,NA,NA,NA,NA
"50c9509d-22c7-4a22-a47d-8c48425ef4a7","HUMAN_OBSERVATION","PRESENT","Elaphe climacophora",139.603246,35.348071,"Kanagawa",2020,6,14,"cdround","https://www.inaturalist.org/observations/49549303","http://creativecommons.org/licenses/by-nc/4.0/legalcode","WGS84","2803069623","49549303",NA,NA,NA,NA,NA,NA,NA
"50c9509d-22c7-4a22-a47d-8c48425ef4a7","HUMAN_OBSERVATION","PRESENT","Elaphe climacophora",139.242844,35.372483,"Kanagawa",2020,6,6,"cdround","https://www.inaturalist.org/observations/49121614","http://creativecommons.org/licenses/by-nc/4.0/legalcode","WGS84","2813885679","49121614",NA,NA,NA,NA,NA,NA,NA
"50c9509d-22c7-4a22-a47d-8c48425ef4a7","HUMAN_OBSERVATION","PRESENT","Elaphe climacophora",138.766111,36.302778,"Gunma",2020,6,6,"cdround","https://www.inaturalist.org/observations/48642997","http://creativecommons.org/licenses/by-nc/4.0/legalcode","WGS84","2814103610","48642997",NA,NA,NA,NA,NA,NA,NA
"50c9509d-22c7-4a22-a47d-8c48425ef4a7","HUMAN_OBSERVATION","PRESENT","Elaphe climacophora",139.547718,35.405552,"Tokyo",2020,6,6,"cdround","https://www.inaturalist.org/observations/61460695","http://creativecommons.org/licenses/by-nc/4.0/legalcode","WGS84","2882965661","61460695",NA,NA,NA,NA,NA,NA,NA
"50c9509d-22c7-4a22-a47d-8c48425ef4a7","HUMAN_OBSERVATION","PRESENT","Elaphe climacophora",139.594585,35.73752,"Tokyo",2020,6,27,"cdround","https://www.inaturalist.org/observations/72168243","http://creativecommons.org/licenses/by-nc/4.0/legalcode","WGS84","3070723733","72168243",NA,NA,NA,NA,NA,NA,NA
"50c9509d-22c7-4a22-a47d-8c48425ef4a7","HUMAN_OBSERVATION","PRESENT","Elaphe climacophora",133.211939,34.368745,"Hiroshima",2020,6,5,"cdround","https://www.inaturalist.org/observations/48520335","http://creativecommons.org/licenses/by-nc/4.0/legalcode","WGS84","3079651836","48520335",NA,NA,NA,NA,NA,NA,NA
"50c9509d-22c7-4a22-a47d-8c48425ef4a7","HUMAN_OBSERVATION","PRESENT","Elaphe climacophora",138.238128,36.408662,"Nagano",2020,6,9,"cdround","https://www.inaturalist.org/observations/91639808","http://creativecommons.org/licenses/by-nc/4.0/legalcode","WGS84","3338078342","91639808",NA,NA,NA,NA,NA,NA,NA
"50c9509d-22c7-4a22-a47d-8c48425ef4a7","HUMAN_OBSERVATION","PRESENT","Elaphe climacophora",139.602744,35.34937,"Kanagawa",2020,7,5,"cdround","https://www.inaturalist.org/observations/51973840","http://creativecommons.org/licenses/by-nc/4.0/legalcode","WGS84","2814261850","51973840",NA,NA,NA,NA,NA,NA,NA
"50c9509d-22c7-4a22-a47d-8c48425ef4a7","HUMAN_OBSERVATION","PRESENT","Elaphe climacophora",139.648999,35.320961,"Kanagawa",2020,7,10,"cdround","https://www.inaturalist.org/observations/52542961","http://creativecommons.org/licenses/by-nc/4.0/legalcode","WGS84","2818533582","52542961",NA,NA,NA,NA,NA,NA,NA
"50c9509d-22c7-4a22-a47d-8c48425ef4a7","HUMAN_OBSERVATION","PRESENT","Elaphe climacophora",137.150859,34.950561,"Aichi",2020,7,18,"cdround","https://www.inaturalist.org/observations/53444667","http://creativecommons.org/licenses/by-nc/4.0/legalcode","WGS84","2826413673","53444667",NA,NA,NA,NA,NA,NA,NA
"50c9509d-22c7-4a22-a47d-8c48425ef4a7","HUMAN_OBSERVATION","PRESENT","Elaphe climacophora",137.228091,36.507348,"Toyama",2020,7,22,"cdround","https://www.inaturalist.org/observations/54236169","http://creativecommons.org/licenses/by-nc/4.0/legalcode","WGS84","3079489877","54236169",NA,NA,NA,NA,NA,NA,NA
"50c9509d-22c7-4a22-a47d-8c48425ef4a7","HUMAN_OBSERVATION","PRESENT","Elaphe climacophora",129.852954,31.870687,"Kagoshima",2020,7,18,"cdround","https://www.inaturalist.org/observations/54243537","http://creativecommons.org/licenses/by-nc/4.0/legalcode","WGS84","3079762900","54243537",NA,NA,NA,NA,NA,NA,NA
"50c9509d-22c7-4a22-a47d-8c48425ef4a7","HUMAN_OBSERVATION","PRESENT","Elaphe climacophora",138.28779,35.998367,"Yamanashi",2020,7,30,"cdround","https://www.inaturalist.org/observations/99537862","http://creativecommons.org/licenses/by-nc/4.0/legalcode","WGS84","3399244340","99537862",NA,NA,NA,NA,NA,NA,NA
"50c9509d-22c7-4a22-a47d-8c48425ef4a7","HUMAN_OBSERVATION","PRESENT","Elaphe climacophora",139.719947,35.677496,"Tokyo",2020,7,15,"cdround","https://www.inaturalist.org/observations/124341980","http://creativecommons.org/licenses/by-nc/4.0/legalcode","WGS84","3859742857","124341980",NA,NA,NA,NA,NA,NA,NA
"50c9509d-22c7-4a22-a47d-8c48425ef4a7","HUMAN_OBSERVATION","PRESENT","Elaphe climacophora",139.082375,35.770782,"Tokyo",2020,8,1,"cdround","https://www.inaturalist.org/observations/55138027","http://creativecommons.org/licenses/by-nc/4.0/legalcode","WGS84","2826255189","55138027",NA,NA,NA,NA,NA,NA,NA
"50c9509d-22c7-4a22-a47d-8c48425ef4a7","HUMAN_OBSERVATION","PRESENT","Elaphe climacophora",137.15324,34.951289,"Aichi",2020,8,10,"cdround","https://www.inaturalist.org/observations/56005237","http://creativecommons.org/licenses/by-nc/4.0/legalcode","WGS84","2851065174","56005237",NA,NA,NA,NA,NA,NA,NA
"50c9509d-22c7-4a22-a47d-8c48425ef4a7","HUMAN_OBSERVATION","PRESENT","Elaphe climacophora",139.60427,35.866728,"Saitama",2020,8,27,"cdround","https://www.inaturalist.org/observations/58427232","http://creativecommons.org/licenses/by-nc/4.0/legalcode","WGS84","2860074478","58427232",NA,NA,NA,NA,NA,NA,NA
"50c9509d-22c7-4a22-a47d-8c48425ef4a7","HUMAN_OBSERVATION","PRESENT","Elaphe climacophora",139.516886,35.543421,"Tokyo",2020,8,28,"cdround","https://www.inaturalist.org/observations/57807194","http://creativecommons.org/licenses/by-nc/4.0/legalcode","WGS84","2860187577","57807194",NA,NA,NA,NA,NA,NA,NA
"50c9509d-22c7-4a22-a47d-8c48425ef4a7","HUMAN_OBSERVATION","PRESENT","Elaphe climacophora",139.606745,35.8644,"Saitama",2020,8,28,"cdround","https://www.inaturalist.org/observations/58470216","http://creativecommons.org/licenses/by-nc/4.0/legalcode","WGS84","2862433545","58470216",NA,NA,NA,NA,NA,NA,NA
"50c9509d-22c7-4a22-a47d-8c48425ef4a7","HUMAN_OBSERVATION","PRESENT","Elaphe climacophora",140.443528,36.380169,"Ibaraki",2020,8,10,"cdround","https://www.inaturalist.org/observations/55971921","http://creativecommons.org/licenses/by-nc/4.0/legalcode","WGS84","3399196502","55971921",NA,NA,NA,NA,NA,NA,NA
"50c9509d-22c7-4a22-a47d-8c48425ef4a7","HUMAN_OBSERVATION","PRESENT","Elaphe climacophora",134.43078,34.878764,"Hyogo",2020,10,24,"cdround","https://www.inaturalist.org/observations/107879042","http://creativecommons.org/licenses/by-nc/4.0/legalcode","WGS84","3712587547","107879042",NA,NA,NA,NA,NA,NA,NA
"50c9509d-22c7-4a22-a47d-8c48425ef4a7","HUMAN_OBSERVATION","PRESENT","Elaphe climacophora",133.251022,34.553122,"Hiroshima",2019,3,21,"cdround","https://www.inaturalist.org/observations/29169049","http://creativecommons.org/licenses/by-nc/4.0/legalcode","WGS84","2429219983","29169049",NA,NA,NA,NA,NA,NA,NA
"50c9509d-22c7-4a22-a47d-8c48425ef4a7","HUMAN_OBSERVATION","PRESENT","Elaphe climacophora",139.721328,35.637058,"Tokyo",2019,5,3,"cdround","https://www.inaturalist.org/observations/24417326","http://creativecommons.org/licenses/by-nc/4.0/legalcode","WGS84","2242802566","24417326",NA,NA,NA,NA,NA,NA,NA
"50c9509d-22c7-4a22-a47d-8c48425ef4a7","HUMAN_OBSERVATION","PRESENT","Elaphe climacophora",139.631674,35.6945,"Tokyo",2019,5,27,"cdround","https://www.inaturalist.org/observations/25864256","http://creativecommons.org/licenses/by-nc/4.0/legalcode","WGS84","2251917505","25864256",NA,NA,NA,NA,NA,NA,NA
"50c9509d-22c7-4a22-a47d-8c48425ef4a7","HUMAN_OBSERVATION","PRESENT","Elaphe climacophora",140.91603,38.168347,"Miyagi",2019,5,28,"cdround","https://www.inaturalist.org/observations/26160460","http://creativecommons.org/licenses/by-nc/4.0/legalcode","WGS84","2251996548","26160460",NA,NA,NA,NA,NA,NA,NA
"50c9509d-22c7-4a22-a47d-8c48425ef4a7","HUMAN_OBSERVATION","PRESENT","Elaphe climacophora",133.205243,35.097284,"Tottori",2019,5,14,"cdround","https://www.inaturalist.org/observations/65069312","http://creativecommons.org/licenses/by-nc/4.0/legalcode","WGS84","2988330258","65069312",NA,NA,NA,NA,NA,NA,NA
"50c9509d-22c7-4a22-a47d-8c48425ef4a7","HUMAN_OBSERVATION","PRESENT","Elaphe climacophora",139.72612,35.680908,"Tokyo",2019,5,15,"cdround","https://www.inaturalist.org/observations/124350106","http://creativecommons.org/licenses/by-nc/4.0/legalcode","WGS84","3859775927","124350106",NA,NA,NA,NA,NA,NA,NA
"50c9509d-22c7-4a22-a47d-8c48425ef4a7","HUMAN_OBSERVATION","PRESENT","Elaphe climacophora",139.005617,35.217643,"Kanagawa",2019,6,1,"cdround","https://www.inaturalist.org/observations/26162029","http://creativecommons.org/licenses/by-nc/4.0/legalcode","WGS84","2251996822","26162029",NA,NA,NA,NA,NA,NA,NA
"50c9509d-22c7-4a22-a47d-8c48425ef4a7","HUMAN_OBSERVATION","PRESENT","Elaphe climacophora",142.793363,43.647026,"Hokkaido",2019,6,24,"cdround","https://www.inaturalist.org/observations/27553731","http://creativecommons.org/licenses/by-nc/4.0/legalcode","WGS84","2273275228","27553731",NA,NA,NA,NA,NA,NA,NA
"50c9509d-22c7-4a22-a47d-8c48425ef4a7","HUMAN_OBSERVATION","PRESENT","Elaphe climacophora",139.770668,35.714941,"Tokyo",2019,6,25,"cdround","https://www.inaturalist.org/observations/27623499","http://creativecommons.org/licenses/by-nc/4.0/legalcode","WGS84","2397479198","27623499",NA,NA,NA,NA,NA,NA,NA
"50c9509d-22c7-4a22-a47d-8c48425ef4a7","HUMAN_OBSERVATION","PRESENT","Elaphe climacophora",139.707972,35.686472,"Tokyo",2019,6,26,"cdround","https://www.inaturalist.org/observations/27698524","http://creativecommons.org/licenses/by-nc/4.0/legalcode","WGS84","2397479567","27698524",NA,NA,NA,NA,NA,NA,NA
"50c9509d-22c7-4a22-a47d-8c48425ef4a7","HUMAN_OBSERVATION","PRESENT","Elaphe climacophora",135.677551,35.011514,"Kyoto",2019,6,18,"cdround","https://www.inaturalist.org/observations/82479856","http://creativecommons.org/licenses/by-nc/4.0/legalcode","WGS84","3302028548","82479856",NA,NA,NA,NA,NA,NA,NA
"50c9509d-22c7-4a22-a47d-8c48425ef4a7","HUMAN_OBSERVATION","PRESENT","Elaphe climacophora",135.677593,35.01148,"Kyoto",2019,6,18,"cdround","https://www.inaturalist.org/observations/82479859","http://creativecommons.org/licenses/by-nc/4.0/legalcode","WGS84","3302032445","82479859",NA,NA,NA,NA,NA,NA,NA
"50c9509d-22c7-4a22-a47d-8c48425ef4a7","HUMAN_OBSERVATION","PRESENT","Elaphe climacophora",136.980199,35.414301,"Gifu",2019,6,29,"cdround","https://www.inaturalist.org/observations/100311280","http://creativecommons.org/licenses/by-nc/4.0/legalcode","WGS84","3415465029","100311280",NA,NA,NA,NA,NA,NA,NA
"50c9509d-22c7-4a22-a47d-8c48425ef4a7","HUMAN_OBSERVATION","PRESENT","Elaphe climacophora",139.582261,35.558894,"Kanagawa",2019,6,21,"cdround","https://www.inaturalist.org/observations/27366671","http://creativecommons.org/licenses/by/4.0/legalcode","WGS84","3873562320","27366671",NA,NA,NA,NA,NA,NA,NA
"50c9509d-22c7-4a22-a47d-8c48425ef4a7","HUMAN_OBSERVATION","PRESENT","Elaphe climacophora",134.065842,34.29355,"Kagawa",2019,7,4,"cdround","https://www.inaturalist.org/observations/28158364","http://creativecommons.org/licenses/by-nc/4.0/legalcode","WGS84","2283149830","28158364",NA,NA,NA,NA,NA,NA,NA
"50c9509d-22c7-4a22-a47d-8c48425ef4a7","HUMAN_OBSERVATION","PRESENT","Elaphe climacophora",139.450749,36.761203,"Tochigi",2019,7,21,"cdround","https://www.inaturalist.org/observations/32156831","http://creativecommons.org/licenses/by-nc/4.0/legalcode","WGS84","2429240280","32156831",NA,NA,NA,NA,NA,NA,NA
"50c9509d-22c7-4a22-a47d-8c48425ef4a7","HUMAN_OBSERVATION","PRESENT","Elaphe climacophora",130.401992,33.162895,"Fukuoka",2019,7,4,"cdround","https://www.inaturalist.org/observations/70429571","http://creativecommons.org/licenses/by-nc/4.0/legalcode","WGS84","3058888494","70429571",NA,NA,NA,NA,NA,NA,NA
"50c9509d-22c7-4a22-a47d-8c48425ef4a7","HUMAN_OBSERVATION","PRESENT","Elaphe climacophora",139.688491,35.659163,"Tokyo",2019,7,1,"cdround","https://www.inaturalist.org/observations/102924257","http://creativecommons.org/licenses/by-nc/4.0/legalcode","WGS84","3457002356","102924257",NA,NA,NA,NA,NA,NA,NA
"50c9509d-22c7-4a22-a47d-8c48425ef4a7","HUMAN_OBSERVATION","PRESENT","Elaphe climacophora",141.58905,43.05785,"Hokkaido",2019,7,10,"cdround","https://www.inaturalist.org/observations/119210106","http://creativecommons.org/licenses/by-nc/4.0/legalcode","WGS84","3860397450","119210106",NA,NA,NA,NA,NA,NA,NA
"50c9509d-22c7-4a22-a47d-8c48425ef4a7","HUMAN_OBSERVATION","PRESENT","Elaphe climacophora",139.722105,35.63612,"Tokyo",2019,9,1,"","https://www.inaturalist.org/observations/31967984","http://creativecommons.org/licenses/by-nc/4.0/legalcode","WGS84","2397671223","31967984",NA,NA,NA,NA,NA,NA,NA
"50c9509d-22c7-4a22-a47d-8c48425ef4a7","HUMAN_OBSERVATION","PRESENT","Elaphe climacophora",139.748242,35.659768,"Tokyo",2019,9,7,"cdround","https://www.inaturalist.org/observations/32405149","http://creativecommons.org/licenses/by-nc/4.0/legalcode","WGS84","2422985125","32405149",NA,NA,NA,NA,NA,NA,NA
"50c9509d-22c7-4a22-a47d-8c48425ef4a7","HUMAN_OBSERVATION","PRESENT","Elaphe climacophora",138.432983,36.322638,"Nagano",2019,10,5,"cdround","https://www.inaturalist.org/observations/47238999","http://creativecommons.org/licenses/by-nc/4.0/legalcode","WGS84","2813933540","47238999",NA,NA,NA,NA,NA,NA,NA
"50c9509d-22c7-4a22-a47d-8c48425ef4a7","HUMAN_OBSERVATION","PRESENT","Elaphe climacophora",138.83347,35.805864,"Yamanashi",2019,11,14,"cdround","https://www.inaturalist.org/observations/35669444","http://creativecommons.org/licenses/by-nc/4.0/legalcode","WGS84","2465191714","35669444",NA,NA,NA,NA,NA,NA,NA
"50c9509d-22c7-4a22-a47d-8c48425ef4a7","HUMAN_OBSERVATION","PRESENT","Elaphe climacophora",139.455729,35.76767,"Saitama",2018,4,2,"cdround","https://www.inaturalist.org/observations/10565889","http://creativecommons.org/licenses/by-nc/4.0/legalcode","WGS84","1837757519","10565889",NA,NA,NA,NA,NA,NA,NA
"50c9509d-22c7-4a22-a47d-8c48425ef4a7","HUMAN_OBSERVATION","PRESENT","Elaphe climacophora",137.238393,35.662237,"Gifu",2018,4,13,"cdround","https://www.inaturalist.org/observations/10853783","http://creativecommons.org/licenses/by-nc/4.0/legalcode","WGS84","1838309193","10853783",NA,NA,NA,NA,NA,NA,NA
"50c9509d-22c7-4a22-a47d-8c48425ef4a7","HUMAN_OBSERVATION","PRESENT","Elaphe climacophora",139.763493,35.659737,"Tokyo",2018,4,1,"cdround","https://www.inaturalist.org/observations/38732075","http://creativecommons.org/licenses/by-nc/4.0/legalcode","WGS84","3079534676","38732075",NA,NA,NA,NA,NA,NA,NA
"50c9509d-22c7-4a22-a47d-8c48425ef4a7","HUMAN_OBSERVATION","PRESENT","Elaphe climacophora",139.936549,35.722284,"Chiba",2018,4,19,"cdround","https://www.inaturalist.org/observations/101820440","http://creativecommons.org/licenses/by-nc/4.0/legalcode","WGS84","3415706669","101820440",NA,NA,NA,NA,NA,NA,NA
"50c9509d-22c7-4a22-a47d-8c48425ef4a7","HUMAN_OBSERVATION","PRESENT","Elaphe climacophora",139.718855,35.638653,"Tokyo",2018,4,30,"cdround","https://www.inaturalist.org/observations/11844578","http://creativecommons.org/licenses/by-nc/4.0/legalcode","WGS84","3466036315","11844578",NA,NA,NA,NA,NA,NA,NA
"50c9509d-22c7-4a22-a47d-8c48425ef4a7","HUMAN_OBSERVATION","PRESENT","Elaphe climacophora",139.256359,35.651873,"Tokyo",2018,5,27,"cdround","https://www.inaturalist.org/observations/12886196","http://creativecommons.org/licenses/by-nc/4.0/legalcode","WGS84","1847618775","12886196",NA,NA,NA,NA,NA,NA,NA
"50c9509d-22c7-4a22-a47d-8c48425ef4a7","HUMAN_OBSERVATION","PRESENT","Elaphe climacophora",129.0146,32.987106,"Nagasaki",2018,5,29,"cdround","https://www.inaturalist.org/observations/12938752","http://creativecommons.org/licenses/by/4.0/legalcode","WGS84","1850906178","12938752",NA,NA,NA,NA,NA,NA,NA
"50c9509d-22c7-4a22-a47d-8c48425ef4a7","HUMAN_OBSERVATION","PRESENT","Elaphe climacophora",139.699692,35.692127,"Tokyo",2018,5,24,"cdround","https://www.inaturalist.org/observations/75571709","http://creativecommons.org/licenses/by-nc/4.0/legalcode","WGS84","3109368446","75571709",NA,NA,NA,NA,NA,NA,NA
"50c9509d-22c7-4a22-a47d-8c48425ef4a7","HUMAN_OBSERVATION","PRESENT","Elaphe climacophora",139.609259,35.192689,"Kanagawa",2018,6,2,"cdround","https://www.inaturalist.org/observations/13036032","http://creativecommons.org/licenses/by-nc/4.0/legalcode","WGS84","1848791560","13036032",NA,NA,NA,NA,NA,NA,NA
"50c9509d-22c7-4a22-a47d-8c48425ef4a7","HUMAN_OBSERVATION","PRESENT","Elaphe climacophora",133.716123,33.616663,"Kochi",2018,6,2,"cdround","https://www.inaturalist.org/observations/13137851","http://creativecommons.org/licenses/by-nc/4.0/legalcode","WGS84","1850912791","13137851",NA,NA,NA,NA,NA,NA,NA
"50c9509d-22c7-4a22-a47d-8c48425ef4a7","HUMAN_OBSERVATION","PRESENT","Elaphe climacophora",139.777313,36.102614,"Ibaraki",2018,6,17,"cdround","https://www.inaturalist.org/observations/13541468","http://creativecommons.org/licenses/by-nc/4.0/legalcode","WGS84","1880506536","13541468",NA,NA,NA,NA,NA,NA,NA
"50c9509d-22c7-4a22-a47d-8c48425ef4a7","HUMAN_OBSERVATION","PRESENT","Elaphe climacophora",133.719894,33.61911,"Kochi",2018,6,19,"cdround","https://www.inaturalist.org/observations/13736658","http://creativecommons.org/licenses/by-nc/4.0/legalcode","WGS84","1880557996","13736658",NA,NA,NA,NA,NA,NA,NA
"50c9509d-22c7-4a22-a47d-8c48425ef4a7","HUMAN_OBSERVATION","PRESENT","Elaphe climacophora",133.734769,33.680731,"Kochi",2018,6,29,"cdround","https://www.inaturalist.org/observations/15010567","http://creativecommons.org/licenses/by-nc/4.0/legalcode","WGS84","1890081351","15010567",NA,NA,NA,NA,NA,NA,NA
"50c9509d-22c7-4a22-a47d-8c48425ef4a7","HUMAN_OBSERVATION","PRESENT","Elaphe climacophora",137.196255,36.672462,"Toyama",2018,7,22,"cdround","https://www.inaturalist.org/observations/14635689","http://creativecommons.org/licenses/by-nc/4.0/legalcode","WGS84","1883943355","14635689",NA,NA,NA,NA,NA,NA,NA
"50c9509d-22c7-4a22-a47d-8c48425ef4a7","HUMAN_OBSERVATION","PRESENT","Elaphe climacophora",132.86292,33.66445,"Ehime",2018,7,28,"cdround","https://www.inaturalist.org/observations/15039439","http://creativecommons.org/licenses/by-nc/4.0/legalcode","WGS84","2580073381","15039439",NA,NA,NA,NA,NA,NA,NA
"50c9509d-22c7-4a22-a47d-8c48425ef4a7","HUMAN_OBSERVATION","PRESENT","Elaphe climacophora",138.197463,36.5668,"Nagano",2018,7,1,"cdround","https://www.inaturalist.org/observations/50109016","http://creativecommons.org/licenses/by-nc/4.0/legalcode","WGS84","2802734270","50109016",NA,NA,NA,NA,NA,NA,NA
"50c9509d-22c7-4a22-a47d-8c48425ef4a7","HUMAN_OBSERVATION","PRESENT","Elaphe climacophora",138.461217,36.731272,"Nagano",2018,7,27,"cdround","https://www.inaturalist.org/observations/68602760","http://creativecommons.org/licenses/by-nc/4.0/legalcode","WGS84","3031688801","68602760",NA,NA,NA,NA,NA,NA,NA
"50c9509d-22c7-4a22-a47d-8c48425ef4a7","HUMAN_OBSERVATION","PRESENT","Elaphe climacophora",139.247848,35.62771,"Tokyo",2018,7,16,"cdround","https://www.inaturalist.org/observations/98338950","http://creativecommons.org/licenses/by-nc/4.0/legalcode","WGS84","3398978076","98338950",NA,NA,NA,NA,NA,NA,NA
"50c9509d-22c7-4a22-a47d-8c48425ef4a7","HUMAN_OBSERVATION","PRESENT","Elaphe climacophora",136.613798,36.574189,"Ishikawa",2018,7,8,"cdround","https://www.inaturalist.org/observations/124084297","http://creativecommons.org/licenses/by-nc/4.0/legalcode","WGS84","3860273633","124084297",NA,NA,NA,NA,NA,NA,NA
"50c9509d-22c7-4a22-a47d-8c48425ef4a7","HUMAN_OBSERVATION","PRESENT","Elaphe climacophora",135.626238,35.026809,"Kyoto",2018,8,4,"cdround","https://www.inaturalist.org/observations/53527077","http://creativecommons.org/licenses/by-nc/4.0/legalcode","WGS84","2823138848","53527077",NA,NA,NA,NA,NA,NA,NA
"50c9509d-22c7-4a22-a47d-8c48425ef4a7","HUMAN_OBSERVATION","PRESENT","Elaphe climacophora",139.862234,35.640898,"Tokyo",2018,8,19,"cdround","https://www.inaturalist.org/observations/54622755","http://creativecommons.org/licenses/by/4.0/legalcode","WGS84","3090836820","54622755",NA,NA,NA,NA,NA,NA,NA
"50c9509d-22c7-4a22-a47d-8c48425ef4a7","HUMAN_OBSERVATION","PRESENT","Elaphe climacophora",141.386796,43.606902,"Hokkaido",2018,9,28,"cdround","https://www.inaturalist.org/observations/121254007","http://creativecommons.org/licenses/by-nc/4.0/legalcode","WGS84","3858438239","121254007",NA,NA,NA,NA,NA,NA,NA
"50c9509d-22c7-4a22-a47d-8c48425ef4a7","HUMAN_OBSERVATION","PRESENT","Elaphe climacophora",140.67572,42.835505,"Hokkaido",2017,6,19,"","https://www.inaturalist.org/observations/6715510","http://creativecommons.org/publicdomain/zero/1.0/legalcode","WGS84","2350451213","6715510",NA,NA,NA,NA,NA,NA,NA
"50c9509d-22c7-4a22-a47d-8c48425ef4a7","HUMAN_OBSERVATION","PRESENT","Elaphe climacophora",140.857805,38.255301,"Miyagi",2017,8,6,"","https://www.inaturalist.org/observations/66765893","http://creativecommons.org/licenses/by-nc/4.0/legalcode","WGS84","3008496625","66765893",NA,NA,NA,NA,NA,NA,NA
"50c9509d-22c7-4a22-a47d-8c48425ef4a7","HUMAN_OBSERVATION","PRESENT","Elaphe climacophora",139.609589,35.191464,"Kanagawa",2017,8,27,"cdround","https://www.inaturalist.org/observations/108106804","http://creativecommons.org/licenses/by/4.0/legalcode","WGS84","3712689787","108106804",NA,NA,NA,NA,NA,NA,NA
"50c9509d-22c7-4a22-a47d-8c48425ef4a7","HUMAN_OBSERVATION","PRESENT","Elaphe climacophora",139.605844,35.335416,"Kanagawa",2017,9,24,"","https://www.inaturalist.org/observations/98873362","http://creativecommons.org/licenses/by-nc/4.0/legalcode","WGS84","3398915635","98873362",NA,NA,NA,NA,NA,NA,NA
"50c9509d-22c7-4a22-a47d-8c48425ef4a7","HUMAN_OBSERVATION","PRESENT","Elaphe climacophora",138.99614,35.240517,"Kanagawa",2016,4,29,"cdround","https://www.inaturalist.org/observations/3053616","http://creativecommons.org/licenses/by-nc/4.0/legalcode","WGS84","1273843058","3053616",NA,NA,NA,NA,NA,NA,NA
"50c9509d-22c7-4a22-a47d-8c48425ef4a7","HUMAN_OBSERVATION","PRESENT","Elaphe climacophora",133.203617,34.868394,"Hiroshima",2016,5,30,"","https://www.inaturalist.org/observations/3460706","http://creativecommons.org/licenses/by-nc/4.0/legalcode","WGS84","1572330013","3460706",NA,NA,NA,NA,NA,NA,NA
"50c9509d-22c7-4a22-a47d-8c48425ef4a7","HUMAN_OBSERVATION","PRESENT","Elaphe climacophora",139.719683,35.638434,"Tokyo",2016,6,12,"","https://www.inaturalist.org/observations/15314769","http://creativecommons.org/licenses/by-nc/4.0/legalcode","WGS84","1891307777","15314769",NA,NA,NA,NA,NA,NA,NA
"50c9509d-22c7-4a22-a47d-8c48425ef4a7","HUMAN_OBSERVATION","PRESENT","Elaphe climacophora",138.834175,35.199445,"Shizuoka",2016,7,10,"","https://www.inaturalist.org/observations/3703654","http://creativecommons.org/licenses/by/4.0/legalcode","WGS84","1572330351","3703654",NA,NA,NA,NA,NA,NA,NA
"50c9509d-22c7-4a22-a47d-8c48425ef4a7","HUMAN_OBSERVATION","PRESENT","Elaphe climacophora",140.859954,38.276491,"Miyagi",2015,5,16,"","https://www.inaturalist.org/observations/65271247","http://creativecommons.org/licenses/by-nc/4.0/legalcode","WGS84","2988669489","65271247",NA,NA,NA,NA,NA,NA,NA
"50c9509d-22c7-4a22-a47d-8c48425ef4a7","HUMAN_OBSERVATION","PRESENT","Elaphe climacophora",139.604614,35.330191,"Kanagawa",2015,5,24,"","https://www.inaturalist.org/observations/103937486","http://creativecommons.org/licenses/by-nc/4.0/legalcode","WGS84","3456950967","103937486",NA,NA,NA,NA,NA,NA,NA
"50c9509d-22c7-4a22-a47d-8c48425ef4a7","HUMAN_OBSERVATION","PRESENT","Elaphe climacophora",141.513506,43.072901,"Hokkaido",2014,7,10,"cdround","https://www.inaturalist.org/observations/124211076","http://creativecommons.org/licenses/by-nc/4.0/legalcode","WGS84","3860607762","124211076",NA,NA,NA,NA,NA,NA,NA
"50c9509d-22c7-4a22-a47d-8c48425ef4a7","HUMAN_OBSERVATION","PRESENT","Elaphe climacophora",133.480165,33.549361,"Kochi",2013,5,20,"cdround","https://www.inaturalist.org/observations/71124475","http://creativecommons.org/publicdomain/zero/1.0/legalcode","WGS84","3061604817","71124475",NA,NA,NA,NA,NA,NA,NA
"50c9509d-22c7-4a22-a47d-8c48425ef4a7","HUMAN_OBSERVATION","PRESENT","Elaphe climacophora",140.84693,42.600217,"Hokkaido",2013,5,27,"cdround","https://www.inaturalist.org/observations/122613592","http://creativecommons.org/licenses/by-nc/4.0/legalcode","WGS84","3860551422","122613592",NA,NA,NA,NA,NA,NA,NA
"50c9509d-22c7-4a22-a47d-8c48425ef4a7","HUMAN_OBSERVATION","PRESENT","Elaphe climacophora",140.924278,40.445799,"Aomori",2012,6,30,"","https://www.inaturalist.org/observations/1234067","http://creativecommons.org/licenses/by-nc/4.0/legalcode","WGS84","1065611525","1234067",NA,NA,NA,NA,NA,NA,NA
"50c9509d-22c7-4a22-a47d-8c48425ef4a7","HUMAN_OBSERVATION","PRESENT","Elaphe climacophora",135.097158,34.662206,"Hyogo",2012,7,1,"","https://www.inaturalist.org/observations/756038","http://creativecommons.org/licenses/by/4.0/legalcode","WGS84","1024183105","756038",NA,NA,NA,NA,NA,NA,NA
"95faf636-f762-11e1-a439-00145eb45e9a","PRESERVED_SPECIMEN","PRESENT","Elaphe climacophora",138.866944,36.269444,"Gunma",2011,7,27,"gass84,colmano,inmafu",NA,"http://creativecommons.org/licenses/by/4.0/legalcode","WGS84","699239463","VR0000613","Tomioka-shi","Gunma Museum of Natural History, Kamikuroiwa","text",NA,NA,NA,NA
"50c9509d-22c7-4a22-a47d-8c48425ef4a7","HUMAN_OBSERVATION","PRESENT","Elaphe climacophora",141.468025,43.005503,"Hokkaido",2007,6,17,"cdround","https://www.inaturalist.org/observations/121854688","http://creativecommons.org/licenses/by-nc/4.0/legalcode","WGS84","3858483718","121854688",NA,NA,NA,NA,NA,NA,NA
"50c9509d-22c7-4a22-a47d-8c48425ef4a7","HUMAN_OBSERVATION","PRESENT","Elaphe climacophora",137.391684,34.768853,"Aichi",2006,9,20,"cdround","https://www.inaturalist.org/observations/32755980","http://creativecommons.org/licenses/by-nc/4.0/legalcode","WGS84","2429247918","32755980",NA,NA,NA,NA,NA,NA,NA
"50c9509d-22c7-4a22-a47d-8c48425ef4a7","HUMAN_OBSERVATION","PRESENT","Elaphe climacophora",139.751941,35.684269,"Tokyo",2003,4,18,"cdround","https://www.inaturalist.org/observations/96452449","http://creativecommons.org/licenses/by-nc/4.0/legalcode","WGS84","3384483591","96452449",NA,NA,NA,NA,NA,NA,NA
"50c9509d-22c7-4a22-a47d-8c48425ef4a7","HUMAN_OBSERVATION","PRESENT","Elaphe climacophora",139.7528,35.685175,"Tokyo",2003,4,18,"cdround","https://www.inaturalist.org/observations/97202920","http://creativecommons.org/licenses/by-nc/4.0/legalcode","WGS84","3385169388","97202920",NA,NA,NA,NA,NA,NA,NA
"80e31fd0-f762-11e1-a439-00145eb45e9a","PRESERVED_SPECIMEN","PRESENT","Elaphe climacophora",140.22,39.71,"Akita",2003,5,7,"gass84,incomis,inmafu",NA,"http://creativecommons.org/licenses/by/4.0/legalcode","WGS84","380097957","25","Akita-shi","Shimokitate Takaragawa","text",NA,NA,NA,NA
"95faf636-f762-11e1-a439-00145eb45e9a","PRESERVED_SPECIMEN","PRESENT","Elaphe climacophora",138.866667,36.269167,"Gunma",1999,5,20,"gass84,colmano,inmafu",NA,"http://creativecommons.org/licenses/by/4.0/legalcode","WGS84","188074443","VR0000295","Tomioka-shi","Kamikuroiwa,Gunma Museum of Natural History","text",NA,NA,NA,NA
"78f98484-a7ef-4e6c-8b51-7464f1209591","PRESERVED_SPECIMEN","PRESENT","Elaphe climacophora",139.02655,35.19021,"Kanagawa-ken",1998,9,8,"colmafu,inmafu","https://csvcoll.org/portal/collections/individual/index.php?occid=15784","http://creativecommons.org/publicdomain/zero/1.0/legalcode","WGS84","2816173332","ASUHEC032963","Ashigarashimo-gun","HAKONE TOWN",NA,760,NA,NA,NA
"95faf636-f762-11e1-a439-00145eb45e9a","PRESERVED_SPECIMEN","PRESENT","Elaphe climacophora",139.083611,36.351389,"Gunma",1976,6,17,"gass84,colmano,inmafu",NA,"http://creativecommons.org/licenses/by/4.0/legalcode","WGS84","699239467","VR0000617","Maebashi-shi","Kamesatomachi","text",NA,NA,NA,NA
"50c9509d-22c7-4a22-a47d-8c48425ef4a7","HUMAN_OBSERVATION","PRESENT","Elaphe climacophora",139.696863,36.717611,"Tochigi",1976,6,25,"cdround","https://www.inaturalist.org/observations/121883559","http://creativecommons.org/licenses/by-nc/4.0/legalcode","WGS84","3858549742","121883559",NA,NA,NA,NA,NA,NA,NA
"46e201a1-33b2-4921-a6c4-8609ec4fbbb7","PRESERVED_SPECIMEN","PRESENT","Elaphe climacophora",140.442969,38.307439,"Yamagata",1973,7,5,"gass84,colmano,inmafu",NA,"http://creativecommons.org/licenses/by-nc/4.0/legalcode","WGS84","1828521524","39","Yamagata-shi","Yamadera umagata","text",NA,NA,NA,NA
"46e201a1-33b2-4921-a6c4-8609ec4fbbb7","PRESERVED_SPECIMEN","PRESENT","Elaphe climacophora",139.939487,39.051846,"Yamagata",1970,6,15,"gass84,colmano,inmafu",NA,"http://creativecommons.org/licenses/by-nc/4.0/legalcode","WGS84","1828521521","37","Akumi-gun Yuzamachi","Shiraishinden","text",NA,NA,NA,NA
"46e201a1-33b2-4921-a6c4-8609ec4fbbb7","PRESERVED_SPECIMEN","PRESENT","Elaphe climacophora",139.85277,37.918762,"Yamagata",1970,8,10,"gass84,colmano,inmafu",NA,"http://creativecommons.org/licenses/by-nc/4.0/legalcode","WGS84","1828521530","38","Nishiokitama-gun Iidemachi","Kamiyachi","text",NA,NA,NA,NA
"46e201a1-33b2-4921-a6c4-8609ec4fbbb7","PRESERVED_SPECIMEN","PRESENT","Elaphe climacophora",140.462938,38.293467,"Yamagata",1969,6,20,"gass84,colmano,inmafu",NA,"http://creativecommons.org/licenses/by-nc/4.0/legalcode","WGS84","1828521691","68","Yamagata-shi","Okuyamadera","text",NA,NA,NA,NA
"46e201a1-33b2-4921-a6c4-8609ec4fbbb7","PRESERVED_SPECIMEN","PRESENT","Elaphe climacophora",140.001444,38.501864,"Yamagata",1969,7,20,"gass84,colmano,inmafu",NA,"http://creativecommons.org/licenses/by-nc/4.0/legalcode","WGS84","1828521536","36","Nishimurayama-gun Nishikawamachi","Shizu","text",NA,NA,NA,NA
"46e201a1-33b2-4921-a6c4-8609ec4fbbb7","PRESERVED_SPECIMEN","PRESENT","Elaphe climacophora",140.10004,38.43458,"Yamagata",1969,7,20,"gass84,colmano,inmafu",NA,"http://creativecommons.org/licenses/by-nc/4.0/legalcode","WGS84","1828521543","35","Nishimurayama-gun Nishikawamachi","Mizusawa","text",NA,NA,NA,NA
"46e201a1-33b2-4921-a6c4-8609ec4fbbb7","PRESERVED_SPECIMEN","PRESENT","Elaphe climacophora",140.028824,38.42253,"Yamagata",1968,6,10,"gass84,colmano,inmafu",NA,"http://creativecommons.org/licenses/by-nc/4.0/legalcode","WGS84","1828521679","67","Nishimurayama-gun Nishikawamachi","Kyodo","text",NA,NA,NA,NA
"8e479b8f-ac16-4bed-a11a-bc7e27c31663","PRESERVED_SPECIMEN","PRESENT","Elaphe climacophora",144.383905,43.498896,"Hokkaido",1968,7,14,"colmano,inmafu",NA,"http://creativecommons.org/licenses/by/4.0/legalcode","WGS84","1987149571","128637","HOKKAIDO PREFECTURE","AKAN NATIONAL PARK","PhysicalObject",NA,NA,"ASIA","FLUID - 1"
"95faf636-f762-11e1-a439-00145eb45e9a","PRESERVED_SPECIMEN","PRESENT","Elaphe climacophora",138.561389,36.625556,"Gunma",1966,6,13,"gass84,colmano,inmafu",NA,"http://creativecommons.org/licenses/by/4.0/legalcode","WGS84","188074209","VR0000057","Agatsuma-gun Kusatsumachi","Sesshogawara","text",NA,NA,NA,NA
"46e201a1-33b2-4921-a6c4-8609ec4fbbb7","PRESERVED_SPECIMEN","PRESENT","Elaphe climacophora",139.687893,37.907563,"Yamagata",1963,5,28,"gass84,colmano,inmafu",NA,"http://creativecommons.org/licenses/by-nc/4.0/legalcode","WGS84","1828521538","32","Nishiokitama-gun Ogunimachi","the Nukumi-daira Iide Mts.","text",NA,NA,NA,NA
"46e201a1-33b2-4921-a6c4-8609ec4fbbb7","PRESERVED_SPECIMEN","PRESENT","Elaphe climacophora",140.219976,38.376458,"Yamagata",1963,5,20,"gass84,colmano,inmafu",NA,"http://creativecommons.org/licenses/by-nc/4.0/legalcode","WGS84","1828521676","31","Sagae-shi","Nakago","text",NA,NA,NA,NA
"76dd8f0d-2daa-4a69-9fcd-55e04230334a","PRESERVED_SPECIMEN","PRESENT","Elaphe climacophora",138,36,NA,1959,NA,NA,"colmafu,inmafu","http://portal.vertnet.org/o/cm/herps?id=145124","http://creativecommons.org/publicdomain/zero/1.0/legalcode","WGS84","786485663","145124",NA,"Specific Locality Unknown","PhysicalObject",NA,NA,"ASIA","skeleton"
"ad0d4b56-c620-45a5-9152-7a0da3bd48e8","PRESERVED_SPECIMEN","PRESENT","Elaphe climacophora",139.666702,35.432293,"Kanto",1956,4,24,"cdround,colmafu,inmafu",NA,"http://creativecommons.org/publicdomain/zero/1.0/legalcode","WGS84","894763045","28976.0","Kanagawa","Honmoku",NA,NA,NA,NA,NA
"ad0d4b56-c620-45a5-9152-7a0da3bd48e8","PRESERVED_SPECIMEN","PRESENT","Elaphe climacophora",139.655396,35.432091,"Kanto",1955,10,23,"cdround,colmafu,inmafu",NA,"http://creativecommons.org/publicdomain/zero/1.0/legalcode","WGS84","894763063","28970.0","Kanagawa","Honmoku-Machi",NA,NA,NA,NA,NA
"95faf636-f762-11e1-a439-00145eb45e9a","PRESERVED_SPECIMEN","PRESENT","Elaphe climacophora",139.215833,36.430278,"Gunma",1953,7,1,"gass84,colmano,inmafu",NA,"http://creativecommons.org/licenses/by/4.0/legalcode","WGS84","188074199","VR0000051","Maebashi-shi","Kasukawamachi-tsukida","text",NA,NA,NA,NA
"9cd0014c-b7b1-4ed1-bef7-0225acfa4ef2","PRESERVED_SPECIMEN","PRESENT","Elaphe climacophora",132.5,34.33333,NA,1897,NA,NA,"cudc,colmano","http://portal.vertnet.org/o/smns/herpetologie?id=2957","http://creativecommons.org/licenses/by-nc/4.0/legalcode","WGS84","621068040","2957",NA,"Yokohama","PhysicalObject",NA,NA,NA,NA
"4bfac3ea-8763-4f4b-a71a-76a6f5f243d3","PRESERVED_SPECIMEN","PRESENT","Elaphe climacophora",139.65,35.45,"Kanagawa Prefecture",1871,1,1,"colmafu,inmafu","http://mczbase.mcz.harvard.edu/guid/MCZ:Herp:R-7423","http://creativecommons.org/licenses/by-nc/4.0/legalcode","WGS84","476650269","R-7423",NA,"Yokohama",NA,NA,NA,"ASIA","whole animal (ethanol); whole animal (miscellaneous)"
"80e31fd0-f762-11e1-a439-00145eb45e9a","PRESERVED_SPECIMEN","PRESENT","Elaphe climacophora",140.13,39.74,"Akita",NA,NA,NA,"gass84,incomis,inmafu",NA,"http://creativecommons.org/licenses/by/4.0/legalcode","WGS84","380097933","1",NA,NA,"text",NA,NA,NA,NA
"4bfac3ea-8763-4f4b-a71a-76a6f5f243d3","PRESERVED_SPECIMEN","PRESENT","Elaphe climacophora",139.5,35.5,"Kanagawa Prefecture",NA,NA,NA,"colmafu,inmafu","http://mczbase.mcz.harvard.edu/guid/MCZ:Herp:R-1337","http://creativecommons.org/licenses/by-nc/4.0/legalcode","WGS84","476646674","R-1337",NA,"Kanagawa Japan",NA,NA,NA,"ASIA","whole animal (ethanol)"
