"datasetKey","basisOfRecord","occurrenceStatus","species","decimalLongitude","decimalLatitude","stateProvince","year","month","day","issues","references","license","geodeticDatum","gbifID","catalogNumber","locality","continent","preparations","type","elevation","elevationAccuracy"
"50c9509d-22c7-4a22-a47d-8c48425ef4a7","HUMAN_OBSERVATION","PRESENT","Euprepiophis mandarinus",121.415144,24.646694,"Taipei",2022,7,30,"cdround","https://www.inaturalist.org/observations/128776107","http://creativecommons.org/licenses/by-nc/4.0/legalcode","WGS84","3881627458","128776107",NA,NA,NA,NA,NA,NA
"50c9509d-22c7-4a22-a47d-8c48425ef4a7","HUMAN_OBSERVATION","PRESENT","Euprepiophis mandarinus",121.510757,24.610415,"Taipei",2021,5,8,"cdround","https://www.inaturalist.org/observations/77931559","http://creativecommons.org/licenses/by-nc/4.0/legalcode","WGS84","3113525949","77931559",NA,NA,NA,NA,NA,NA
"50c9509d-22c7-4a22-a47d-8c48425ef4a7","HUMAN_OBSERVATION","PRESENT","Euprepiophis mandarinus",117.305352,40.61961,"Beijing",2021,8,6,"cdround","https://www.inaturalist.org/observations/97144658","http://creativecommons.org/licenses/by-nc/4.0/legalcode","WGS84","3385199292","97144658",NA,NA,NA,NA,NA,NA
"50c9509d-22c7-4a22-a47d-8c48425ef4a7","HUMAN_OBSERVATION","PRESENT","Euprepiophis mandarinus",116.677987,40.628022,"Beijing",2021,8,24,"cdround","https://www.inaturalist.org/observations/109816649","http://creativecommons.org/licenses/by-nc/4.0/legalcode","WGS84","3759188287","109816649",NA,NA,NA,NA,NA,NA
"50c9509d-22c7-4a22-a47d-8c48425ef4a7","HUMAN_OBSERVATION","PRESENT","Euprepiophis mandarinus",116.594526,40.593464,"Beijing",2021,9,22,"cdround","https://www.inaturalist.org/observations/96480159","http://creativecommons.org/licenses/by-nc/4.0/legalcode","WGS84","3384135538","96480159",NA,NA,NA,NA,NA,NA
"50c9509d-22c7-4a22-a47d-8c48425ef4a7","HUMAN_OBSERVATION","PRESENT","Euprepiophis mandarinus",120.445652,29.508236,"Zhejiang",2021,9,27,"cdround","https://www.inaturalist.org/observations/96428717","http://creativecommons.org/licenses/by-nc/4.0/legalcode","WGS84","3385076509","96428717",NA,NA,NA,NA,NA,NA
"50c9509d-22c7-4a22-a47d-8c48425ef4a7","HUMAN_OBSERVATION","PRESENT","Euprepiophis mandarinus",112.985323,24.684107,"Guangdong",2021,9,10,"cdround","https://www.inaturalist.org/observations/101870128","http://creativecommons.org/licenses/by-nc/4.0/legalcode","WGS84","3415561376","101870128",NA,NA,NA,NA,NA,NA
"50c9509d-22c7-4a22-a47d-8c48425ef4a7","HUMAN_OBSERVATION","PRESENT","Euprepiophis mandarinus",118.038038,30.069939,"Anhui",2021,10,2,"cdround","https://www.inaturalist.org/observations/106092582","http://creativecommons.org/licenses/by-nc/4.0/legalcode","WGS84","3466394745","106092582",NA,NA,NA,NA,NA,NA
"50c9509d-22c7-4a22-a47d-8c48425ef4a7","HUMAN_OBSERVATION","PRESENT","Euprepiophis mandarinus",104.126229,30.768094,"Sichuan",2020,9,23,"cdround","https://www.inaturalist.org/observations/60496243","http://creativecommons.org/licenses/by-nc/4.0/legalcode","WGS84","2873832639","60496243",NA,NA,NA,NA,NA,NA
"50c9509d-22c7-4a22-a47d-8c48425ef4a7","HUMAN_OBSERVATION","PRESENT","Euprepiophis mandarinus",117.503575,40.64159,"Hebei",2020,9,22,"cdround","https://www.inaturalist.org/observations/67139943","http://creativecommons.org/licenses/by-nc/4.0/legalcode","WGS84","3014033881","67139943",NA,NA,NA,NA,NA,NA
"50c9509d-22c7-4a22-a47d-8c48425ef4a7","HUMAN_OBSERVATION","PRESENT","Euprepiophis mandarinus",112.991934,24.690222,"Guangdong",2019,5,1,"cdround","https://www.inaturalist.org/observations/112501297","http://creativecommons.org/licenses/by-nc/4.0/legalcode","WGS84","3764384591","112501297",NA,NA,NA,NA,NA,NA
"50c9509d-22c7-4a22-a47d-8c48425ef4a7","HUMAN_OBSERVATION","PRESENT","Euprepiophis mandarinus",121.536581,24.501943,"Taiwan",2019,6,17,"cdround","https://www.inaturalist.org/observations/33299933","http://creativecommons.org/licenses/by-nc/4.0/legalcode","WGS84","2423217038","33299933",NA,NA,NA,NA,NA,NA
"50c9509d-22c7-4a22-a47d-8c48425ef4a7","HUMAN_OBSERVATION","PRESENT","Euprepiophis mandarinus",121.413279,24.713167,"Taipei",2019,7,17,"cdround","https://www.inaturalist.org/observations/48229595","http://creativecommons.org/licenses/by-nc/4.0/legalcode","WGS84","2634423043","48229595",NA,NA,NA,NA,NA,NA
"50c9509d-22c7-4a22-a47d-8c48425ef4a7","HUMAN_OBSERVATION","PRESENT","Euprepiophis mandarinus",121.276787,24.656563,"Taiwan",2019,10,15,"cdround","https://www.inaturalist.org/observations/100473600","http://creativecommons.org/licenses/by-nc/4.0/legalcode","WGS84","3872954545","100473600",NA,NA,NA,NA,NA,NA
"50c9509d-22c7-4a22-a47d-8c48425ef4a7","HUMAN_OBSERVATION","PRESENT","Euprepiophis mandarinus",109.141956,29.675166,"Hubei",2018,9,24,"cdround","https://www.inaturalist.org/observations/119392368","http://creativecommons.org/licenses/by-nc/4.0/legalcode","WGS84","3860126671","119392368",NA,NA,NA,NA,NA,NA
"db09684b-0fd1-431e-b5fa-4c1532fbdb14","HUMAN_OBSERVATION","PRESENT","Euprepiophis mandarinus",121.3086,24.57387,NA,2017,4,22,"cudc,gass84,rdativ,osiic",NA,"http://creativecommons.org/licenses/by/4.0/legalcode","WGS84","1864145636",NA,NA,NA,NA,NA,NA,NA
"db09684b-0fd1-431e-b5fa-4c1532fbdb14","HUMAN_OBSERVATION","PRESENT","Euprepiophis mandarinus",121.32238,24.34989,NA,2017,5,30,"cudc,gass84,rdativ,osiic",NA,"http://creativecommons.org/licenses/by/4.0/legalcode","WGS84","1864147514",NA,NA,NA,NA,NA,NA,NA
"db09684b-0fd1-431e-b5fa-4c1532fbdb14","HUMAN_OBSERVATION","PRESENT","Euprepiophis mandarinus",121.41479,24.18615,NA,2017,6,23,"cudc,gass84,rdativ,osiic",NA,"http://creativecommons.org/licenses/by/4.0/legalcode","WGS84","1864149010",NA,NA,NA,NA,NA,NA,NA
"50c9509d-22c7-4a22-a47d-8c48425ef4a7","HUMAN_OBSERVATION","PRESENT","Euprepiophis mandarinus",115.368479,39.86631,"Hebei",2017,7,25,"cdround","https://www.inaturalist.org/observations/7209592","http://creativecommons.org/licenses/by-nc/4.0/legalcode","WGS84","1584426699","7209592",NA,NA,NA,NA,NA,NA
"db09684b-0fd1-431e-b5fa-4c1532fbdb14","HUMAN_OBSERVATION","PRESENT","Euprepiophis mandarinus",121.30631,24.17854,NA,2017,7,5,"cudc,gass84,rdativ,osiic",NA,"http://creativecommons.org/licenses/by/4.0/legalcode","WGS84","1864149384",NA,NA,NA,NA,NA,NA,NA
"db09684b-0fd1-431e-b5fa-4c1532fbdb14","HUMAN_OBSERVATION","PRESENT","Euprepiophis mandarinus",121.55292,24.49822,NA,2017,7,14,"cudc,gass84,rdativ,osiic",NA,"http://creativecommons.org/licenses/by/4.0/legalcode","WGS84","1864150088",NA,NA,NA,NA,NA,NA,NA
"50c9509d-22c7-4a22-a47d-8c48425ef4a7","HUMAN_OBSERVATION","PRESENT","Euprepiophis mandarinus",115.366693,39.863503,"Hebei",2017,7,25,"","https://www.inaturalist.org/observations/7209620","http://creativecommons.org/licenses/by-nc/4.0/legalcode","WGS84","2429688839","7209620",NA,NA,NA,NA,NA,NA
"db09684b-0fd1-431e-b5fa-4c1532fbdb14","HUMAN_OBSERVATION","PRESENT","Euprepiophis mandarinus",121.4134,24.69158,NA,2017,8,12,"cudc,gass84,rdativ,osiic",NA,"http://creativecommons.org/licenses/by/4.0/legalcode","WGS84","1864152493",NA,NA,NA,NA,NA,NA,NA
"db09684b-0fd1-431e-b5fa-4c1532fbdb14","HUMAN_OBSERVATION","PRESENT","Euprepiophis mandarinus",121.43771,24.64812,NA,2017,9,25,"cudc,gass84,rdativ,osiic",NA,"http://creativecommons.org/licenses/by/4.0/legalcode","WGS84","1864154475",NA,NA,NA,NA,NA,NA,NA
"db09684b-0fd1-431e-b5fa-4c1532fbdb14","HUMAN_OBSERVATION","PRESENT","Euprepiophis mandarinus",121.42865,24.19725,NA,2017,10,3,"cudc,gass84,rdativ,osiic",NA,"http://creativecommons.org/licenses/by/4.0/legalcode","WGS84","1864154838",NA,NA,NA,NA,NA,NA,NA
"db09684b-0fd1-431e-b5fa-4c1532fbdb14","HUMAN_OBSERVATION","PRESENT","Euprepiophis mandarinus",121.27478,24.66839,NA,2016,4,23,"cudc,gass84,rdativ,osiic",NA,"http://creativecommons.org/licenses/by/4.0/legalcode","WGS84","1864136449",NA,NA,NA,NA,NA,NA,NA
"db09684b-0fd1-431e-b5fa-4c1532fbdb14","HUMAN_OBSERVATION","PRESENT","Euprepiophis mandarinus",121.316101,24.346021,NA,2016,5,8,"cudc,gass84,rdativ,osiic",NA,"http://creativecommons.org/licenses/by/4.0/legalcode","WGS84","1864136945",NA,NA,NA,NA,NA,NA,NA
"db09684b-0fd1-431e-b5fa-4c1532fbdb14","HUMAN_OBSERVATION","PRESENT","Euprepiophis mandarinus",121.310562,24.369976,NA,2016,6,9,"cudc,gass84,rdativ,osiic",NA,"http://creativecommons.org/licenses/by/4.0/legalcode","WGS84","1864137968",NA,NA,NA,NA,NA,NA,NA
"db09684b-0fd1-431e-b5fa-4c1532fbdb14","HUMAN_OBSERVATION","PRESENT","Euprepiophis mandarinus",121.308397,24.348037,NA,2016,7,2,"cudc,gass84,rdativ,osiic",NA,"http://creativecommons.org/licenses/by/4.0/legalcode","WGS84","1864138553",NA,NA,NA,NA,NA,NA,NA
"db09684b-0fd1-431e-b5fa-4c1532fbdb14","HUMAN_OBSERVATION","PRESENT","Euprepiophis mandarinus",121.1205,24.51392,NA,2016,7,13,"cudc,gass84,rdativ,osiic",NA,"http://creativecommons.org/licenses/by/4.0/legalcode","WGS84","1864139017",NA,NA,NA,NA,NA,NA,NA
"50c9509d-22c7-4a22-a47d-8c48425ef4a7","HUMAN_OBSERVATION","PRESENT","Euprepiophis mandarinus",110.783711,29.935086,"Hunan",2016,7,12,"","https://www.inaturalist.org/observations/33331636","http://creativecommons.org/licenses/by/4.0/legalcode","WGS84","2423222269","33331636",NA,NA,NA,NA,NA,NA
"db09684b-0fd1-431e-b5fa-4c1532fbdb14","HUMAN_OBSERVATION","PRESENT","Euprepiophis mandarinus",121.290071,24.226185,NA,2016,8,17,"cudc,gass84,rdativ,osiic",NA,"http://creativecommons.org/licenses/by/4.0/legalcode","WGS84","1864140151",NA,NA,NA,NA,NA,NA,NA
"db09684b-0fd1-431e-b5fa-4c1532fbdb14","HUMAN_OBSERVATION","PRESENT","Euprepiophis mandarinus",121.341122,24.3791,NA,2016,8,17,"cudc,gass84,rdativ,osiic",NA,"http://creativecommons.org/licenses/by/4.0/legalcode","WGS84","1864140165",NA,NA,NA,NA,NA,NA,NA
"db09684b-0fd1-431e-b5fa-4c1532fbdb14","HUMAN_OBSERVATION","PRESENT","Euprepiophis mandarinus",121.114058,24.50389,NA,2016,8,26,"cudc,gass84,rdativ,osiic",NA,"http://creativecommons.org/licenses/by/4.0/legalcode","WGS84","1864140501",NA,NA,NA,NA,NA,NA,NA
"db09684b-0fd1-431e-b5fa-4c1532fbdb14","HUMAN_OBSERVATION","PRESENT","Euprepiophis mandarinus",121.212116,24.037955,NA,2016,10,8,"cudc,gass84,rdativ,osiic",NA,"http://creativecommons.org/licenses/by/4.0/legalcode","WGS84","1864141335",NA,NA,NA,NA,NA,NA,NA
"db09684b-0fd1-431e-b5fa-4c1532fbdb14","HUMAN_OBSERVATION","PRESENT","Euprepiophis mandarinus",121.283097,24.627064,NA,2016,11,6,"cudc,gass84,rdativ,osiic",NA,"http://creativecommons.org/licenses/by/4.0/legalcode","WGS84","1864142406",NA,NA,NA,NA,NA,NA,NA
"db09684b-0fd1-431e-b5fa-4c1532fbdb14","HUMAN_OBSERVATION","PRESENT","Euprepiophis mandarinus",121.34375,24.181203,NA,2016,11,12,"cudc,gass84,rdativ,osiic",NA,"http://creativecommons.org/licenses/by/4.0/legalcode","WGS84","1864142488",NA,NA,NA,NA,NA,NA,NA
"db09684b-0fd1-431e-b5fa-4c1532fbdb14","HUMAN_OBSERVATION","PRESENT","Euprepiophis mandarinus",121.290479,24.657899,NA,2016,11,20,"cudc,gass84,rdativ,osiic",NA,"http://creativecommons.org/licenses/by/4.0/legalcode","WGS84","1864142860",NA,NA,NA,NA,NA,NA,NA
"db09684b-0fd1-431e-b5fa-4c1532fbdb14","HUMAN_OBSERVATION","PRESENT","Euprepiophis mandarinus",120.954227,24.235012,NA,2016,12,11,"cudc,gass84,rdativ,osiic",NA,"http://creativecommons.org/licenses/by/4.0/legalcode","WGS84","1864143218",NA,NA,NA,NA,NA,NA,NA
"db09684b-0fd1-431e-b5fa-4c1532fbdb14","HUMAN_OBSERVATION","PRESENT","Euprepiophis mandarinus",121.309097,24.351006,NA,2015,3,18,"cudc,gass84,rdativ,osiic",NA,"http://creativecommons.org/licenses/by/4.0/legalcode","WGS84","1864126588",NA,NA,NA,NA,NA,NA,NA
"db09684b-0fd1-431e-b5fa-4c1532fbdb14","HUMAN_OBSERVATION","PRESENT","Euprepiophis mandarinus",121.438164,24.204901,NA,2015,4,28,"cudc,gass84,rdativ,osiic",NA,"http://creativecommons.org/licenses/by/4.0/legalcode","WGS84","1864127404",NA,NA,NA,NA,NA,NA,NA
"db09684b-0fd1-431e-b5fa-4c1532fbdb14","HUMAN_OBSERVATION","PRESENT","Euprepiophis mandarinus",121.33533,24.375548,NA,2015,5,19,"cudc,gass84,rdativ,osiic",NA,"http://creativecommons.org/licenses/by/4.0/legalcode","WGS84","1864128063",NA,NA,NA,NA,NA,NA,NA
"db09684b-0fd1-431e-b5fa-4c1532fbdb14","HUMAN_OBSERVATION","PRESENT","Euprepiophis mandarinus",121.411057,24.690891,NA,2015,6,1,"cudc,gass84,rdativ,osiic",NA,"http://creativecommons.org/licenses/by/4.0/legalcode","WGS84","1864128509",NA,NA,NA,NA,NA,NA,NA
"db09684b-0fd1-431e-b5fa-4c1532fbdb14","HUMAN_OBSERVATION","PRESENT","Euprepiophis mandarinus",120.9817,24.2464,NA,2015,6,17,"cudc,gass84,rdativ,osiic",NA,"http://creativecommons.org/licenses/by/4.0/legalcode","WGS84","1864128991",NA,NA,NA,NA,NA,NA,NA
"db09684b-0fd1-431e-b5fa-4c1532fbdb14","HUMAN_OBSERVATION","PRESENT","Euprepiophis mandarinus",120.9638,24.2267,NA,2015,6,17,"cudc,gass84,rdativ,osiic",NA,"http://creativecommons.org/licenses/by/4.0/legalcode","WGS84","1864129167",NA,NA,NA,NA,NA,NA,NA
"db09684b-0fd1-431e-b5fa-4c1532fbdb14","HUMAN_OBSERVATION","PRESENT","Euprepiophis mandarinus",121.349212,24.389906,NA,2015,7,2,"cudc,gass84,rdativ,osiic",NA,"http://creativecommons.org/licenses/by/4.0/legalcode","WGS84","1864129649",NA,NA,NA,NA,NA,NA,NA
"db09684b-0fd1-431e-b5fa-4c1532fbdb14","HUMAN_OBSERVATION","PRESENT","Euprepiophis mandarinus",121.363157,24.402114,NA,2015,7,12,"cudc,gass84,rdativ,osiic",NA,"http://creativecommons.org/licenses/by/4.0/legalcode","WGS84","1864130092",NA,NA,NA,NA,NA,NA,NA
"db09684b-0fd1-431e-b5fa-4c1532fbdb14","HUMAN_OBSERVATION","PRESENT","Euprepiophis mandarinus",121.443883,24.64365,NA,2015,7,16,"cudc,gass84,rdativ,osiic",NA,"http://creativecommons.org/licenses/by/4.0/legalcode","WGS84","1864130383",NA,NA,NA,NA,NA,NA,NA
"db09684b-0fd1-431e-b5fa-4c1532fbdb14","HUMAN_OBSERVATION","PRESENT","Euprepiophis mandarinus",121.114479,24.503374,NA,2015,7,29,"cudc,gass84,rdativ,osiic",NA,"http://creativecommons.org/licenses/by/4.0/legalcode","WGS84","1864130834",NA,NA,NA,NA,NA,NA,NA
"db09684b-0fd1-431e-b5fa-4c1532fbdb14","HUMAN_OBSERVATION","PRESENT","Euprepiophis mandarinus",121.382655,24.188232,NA,2015,8,21,"cudc,gass84,rdativ,osiic",NA,"http://creativecommons.org/licenses/by/4.0/legalcode","WGS84","1864130968",NA,NA,NA,NA,NA,NA,NA
"db09684b-0fd1-431e-b5fa-4c1532fbdb14","HUMAN_OBSERVATION","PRESENT","Euprepiophis mandarinus",121.406721,24.663925,NA,2015,9,21,"cudc,gass84,rdativ,osiic",NA,"http://creativecommons.org/licenses/by/4.0/legalcode","WGS84","1864131696",NA,NA,NA,NA,NA,NA,NA
"db09684b-0fd1-431e-b5fa-4c1532fbdb14","HUMAN_OBSERVATION","PRESENT","Euprepiophis mandarinus",121.451222,24.640614,NA,2015,9,25,"cudc,gass84,rdativ,osiic",NA,"http://creativecommons.org/licenses/by/4.0/legalcode","WGS84","1864132053",NA,NA,NA,NA,NA,NA,NA
"db09684b-0fd1-431e-b5fa-4c1532fbdb14","HUMAN_OBSERVATION","PRESENT","Euprepiophis mandarinus",121.322274,24.66156,NA,2015,9,16,"cudc,gass84,rdativ,osiic",NA,"http://creativecommons.org/licenses/by/4.0/legalcode","WGS84","1864132170",NA,NA,NA,NA,NA,NA,NA
"db09684b-0fd1-431e-b5fa-4c1532fbdb14","HUMAN_OBSERVATION","PRESENT","Euprepiophis mandarinus",121.013549,23.222657,NA,2015,11,19,"cudc,gass84,rdativ,osiic",NA,"http://creativecommons.org/licenses/by/4.0/legalcode","WGS84","1864133531",NA,NA,NA,NA,NA,NA,NA
"50c9509d-22c7-4a22-a47d-8c48425ef4a7","HUMAN_OBSERVATION","PRESENT","Euprepiophis mandarinus",121.73775,24.702107,"Taiwan",2014,5,27,"","https://www.inaturalist.org/observations/747331","http://creativecommons.org/licenses/by-nc/4.0/legalcode","WGS84","1457644049","747331",NA,NA,NA,NA,NA,NA
"db09684b-0fd1-431e-b5fa-4c1532fbdb14","HUMAN_OBSERVATION","PRESENT","Euprepiophis mandarinus",121.522366,24.512517,NA,2014,5,14,"cudc,gass84,rdativ,osiic",NA,"http://creativecommons.org/licenses/by/4.0/legalcode","WGS84","1864119401",NA,NA,NA,NA,NA,NA,NA
"db09684b-0fd1-431e-b5fa-4c1532fbdb14","HUMAN_OBSERVATION","PRESENT","Euprepiophis mandarinus",121.246266,24.24836,NA,2014,5,25,"cudc,gass84,rdativ,osiic",NA,"http://creativecommons.org/licenses/by/4.0/legalcode","WGS84","1864119695",NA,NA,NA,NA,NA,NA,NA
"db09684b-0fd1-431e-b5fa-4c1532fbdb14","HUMAN_OBSERVATION","PRESENT","Euprepiophis mandarinus",121.197885,24.107274,NA,2014,7,1,"cudc,gass84,rdativ,osiic",NA,"http://creativecommons.org/licenses/by/4.0/legalcode","WGS84","1864121478",NA,NA,NA,NA,NA,NA,NA
"db09684b-0fd1-431e-b5fa-4c1532fbdb14","HUMAN_OBSERVATION","PRESENT","Euprepiophis mandarinus",121.402223,24.687292,NA,2014,7,17,"cudc,gass84,rdativ,osiic",NA,"http://creativecommons.org/licenses/by/4.0/legalcode","WGS84","1864122274",NA,NA,NA,NA,NA,NA,NA
"db09684b-0fd1-431e-b5fa-4c1532fbdb14","HUMAN_OBSERVATION","PRESENT","Euprepiophis mandarinus",121.111565,24.502399,NA,2014,10,17,"cudc,gass84,rdativ,osiic",NA,"http://creativecommons.org/licenses/by/4.0/legalcode","WGS84","1864124711",NA,NA,NA,NA,NA,NA,NA
"db09684b-0fd1-431e-b5fa-4c1532fbdb14","HUMAN_OBSERVATION","PRESENT","Euprepiophis mandarinus",121.116455,24.535036,NA,2014,10,20,"cudc,gass84,rdativ,osiic",NA,"http://creativecommons.org/licenses/by/4.0/legalcode","WGS84","1864124875",NA,NA,NA,NA,NA,NA,NA
"db09684b-0fd1-431e-b5fa-4c1532fbdb14","HUMAN_OBSERVATION","PRESENT","Euprepiophis mandarinus",121.409225,24.690092,NA,2014,10,27,"cudc,gass84,rdativ,osiic",NA,"http://creativecommons.org/licenses/by/4.0/legalcode","WGS84","1864125040",NA,NA,NA,NA,NA,NA,NA
"50c9509d-22c7-4a22-a47d-8c48425ef4a7","HUMAN_OBSERVATION","PRESENT","Euprepiophis mandarinus",121.588286,24.996958,"Taipei",2014,11,20,"cdround","https://www.inaturalist.org/observations/67971324","http://creativecommons.org/licenses/by-nc/4.0/legalcode","WGS84","3031703688","67971324",NA,NA,NA,NA,NA,NA
"db09684b-0fd1-431e-b5fa-4c1532fbdb14","HUMAN_OBSERVATION","PRESENT","Euprepiophis mandarinus",120.977833,24.238474,NA,2013,5,10,"cudc,gass84,rdativ,osiic",NA,"http://creativecommons.org/licenses/by/4.0/legalcode","WGS84","1864113877",NA,NA,NA,NA,NA,NA,NA
"db09684b-0fd1-431e-b5fa-4c1532fbdb14","HUMAN_OBSERVATION","PRESENT","Euprepiophis mandarinus",121.306502,24.222648,NA,2013,5,30,"cudc,gass84,rdativ,osiic",NA,"http://creativecommons.org/licenses/by/4.0/legalcode","WGS84","1864114130",NA,NA,NA,NA,NA,NA,NA
"db09684b-0fd1-431e-b5fa-4c1532fbdb14","HUMAN_OBSERVATION","PRESENT","Euprepiophis mandarinus",121.11556,24.503761,NA,2013,6,1,"cudc,gass84,rdativ,osiic",NA,"http://creativecommons.org/licenses/by/4.0/legalcode","WGS84","1864114093",NA,NA,NA,NA,NA,NA,NA
"db09684b-0fd1-431e-b5fa-4c1532fbdb14","HUMAN_OBSERVATION","PRESENT","Euprepiophis mandarinus",121.416577,24.69392,NA,2013,6,5,"cudc,gass84,rdativ,osiic",NA,"http://creativecommons.org/licenses/by/4.0/legalcode","WGS84","1864114299",NA,NA,NA,NA,NA,NA,NA
"db09684b-0fd1-431e-b5fa-4c1532fbdb14","HUMAN_OBSERVATION","PRESENT","Euprepiophis mandarinus",121.250963,24.255025,NA,2013,6,22,"cudc,gass84,rdativ,osiic",NA,"http://creativecommons.org/licenses/by/4.0/legalcode","WGS84","1864114586",NA,NA,NA,NA,NA,NA,NA
"db09684b-0fd1-431e-b5fa-4c1532fbdb14","HUMAN_OBSERVATION","PRESENT","Euprepiophis mandarinus",121.522,24.5114,NA,2013,7,1,"cudc,gass84,rdativ,osiic",NA,"http://creativecommons.org/licenses/by/4.0/legalcode","WGS84","1864114625",NA,NA,NA,NA,NA,NA,NA
"db09684b-0fd1-431e-b5fa-4c1532fbdb14","HUMAN_OBSERVATION","PRESENT","Euprepiophis mandarinus",121.31067,24.363439,NA,2013,7,9,"cudc,gass84,rdativ,osiic",NA,"http://creativecommons.org/licenses/by/4.0/legalcode","WGS84","1864114820",NA,NA,NA,NA,NA,NA,NA
"db09684b-0fd1-431e-b5fa-4c1532fbdb14","HUMAN_OBSERVATION","PRESENT","Euprepiophis mandarinus",121.335371,24.374027,NA,2013,8,19,"cudc,gass84,rdativ,osiic",NA,"http://creativecommons.org/licenses/by/4.0/legalcode","WGS84","1864115584",NA,NA,NA,NA,NA,NA,NA
"db09684b-0fd1-431e-b5fa-4c1532fbdb14","HUMAN_OBSERVATION","PRESENT","Euprepiophis mandarinus",121.308225,24.348592,NA,2013,10,9,"cudc,gass84,rdativ,osiic",NA,"http://creativecommons.org/licenses/by/4.0/legalcode","WGS84","1864116208",NA,NA,NA,NA,NA,NA,NA
"db09684b-0fd1-431e-b5fa-4c1532fbdb14","HUMAN_OBSERVATION","PRESENT","Euprepiophis mandarinus",121.114038,22.969046,NA,2013,10,1,"cudc,gass84,rdativ,osiic",NA,"http://creativecommons.org/licenses/by/4.0/legalcode","WGS84","1864116314",NA,NA,NA,NA,NA,NA,NA
"db09684b-0fd1-431e-b5fa-4c1532fbdb14","HUMAN_OBSERVATION","PRESENT","Euprepiophis mandarinus",121.015083,23.223361,NA,2013,11,14,"cudc,gass84,rdativ,osiic",NA,"http://creativecommons.org/licenses/by/4.0/legalcode","WGS84","1864117361",NA,NA,NA,NA,NA,NA,NA
"db09684b-0fd1-431e-b5fa-4c1532fbdb14","HUMAN_OBSERVATION","PRESENT","Euprepiophis mandarinus",121.254343,24.255382,NA,2012,6,4,"cudc,gass84,rdativ,osiic",NA,"http://creativecommons.org/licenses/by/4.0/legalcode","WGS84","1864112451",NA,NA,NA,NA,NA,NA,NA
"db09684b-0fd1-431e-b5fa-4c1532fbdb14","HUMAN_OBSERVATION","PRESENT","Euprepiophis mandarinus",120.936018,23.89377,NA,2012,6,5,"cudc,gass84,rdativ,osiic",NA,"http://creativecommons.org/licenses/by/4.0/legalcode","WGS84","1864112673",NA,NA,NA,NA,NA,NA,NA
"50c9509d-22c7-4a22-a47d-8c48425ef4a7","HUMAN_OBSERVATION","PRESENT","Euprepiophis mandarinus",113.39721,23.23493,"Guangdong",2012,12,15,"","https://www.inaturalist.org/observations/112807779","http://creativecommons.org/licenses/by-nc/4.0/legalcode","WGS84","3764120928","112807779",NA,NA,NA,NA,NA,NA
"50c9509d-22c7-4a22-a47d-8c48425ef4a7","HUMAN_OBSERVATION","PRESENT","Euprepiophis mandarinus",121.309303,24.34977,"Taichung",2008,4,4,"cdround","https://www.inaturalist.org/observations/35080125","http://creativecommons.org/licenses/by-nc/4.0/legalcode","WGS84","2447990295","35080125",NA,NA,NA,NA,NA,NA
"fb93fb10-f1ca-11dd-b2d4-b8a03c50a862","PRESERVED_SPECIMEN","PRESENT","Euprepiophis mandarinus",137.916667,33.183333,NA,1992,8,25,"cdround,cudc,gass84,colmano,inmafu",NA,"http://creativecommons.org/licenses/by-nc/4.0/legalcode","WGS84","2625283428","00001915","8 Km N Wushe.Meifeng.",NA,NA,NA,NA,NA
"4bfac3ea-8763-4f4b-a71a-76a6f5f243d3","PRESERVED_SPECIMEN","PRESENT","Euprepiophis mandarinus",105.82,28.041,"Sichuan",1958,11,22,"colmafu,inmafu","http://mczbase.mcz.harvard.edu/guid/MCZ:Herp:R-163255","http://creativecommons.org/licenses/by-nc/4.0/legalcode","WGS84","476500484","R-163255","China: Sichuan: Gulan","ASIA","whole animal (ethanol)",NA,NA,NA
"4bfac3ea-8763-4f4b-a71a-76a6f5f243d3","PRESERVED_SPECIMEN","PRESENT","Euprepiophis mandarinus",103.845615,22.339578,NA,1931,8,1,"colmafu,inmafu","http://mczbase.mcz.harvard.edu/guid/MCZ:Herp:R-43033","http://creativecommons.org/licenses/by-nc/4.0/legalcode","WGS84","476699492","R-43033","Chapa: Tongking: Indo China","ASIA","whole animal (ethanol)",NA,NA,NA
"cece4fc2-1fec-4bb5-a335-7252548e3f0b","PRESERVED_SPECIMEN","PRESENT","Euprepiophis mandarinus",119.833461,30.640139,"Zhejiang Prov.",1927,8,23,"cdround",NA,"http://creativecommons.org/publicdomain/zero/1.0/legalcode","WGS84","543654615","66094","Mokanshan","ASIA","Alcohol","PhysicalObject",NA,NA
"cece4fc2-1fec-4bb5-a335-7252548e3f0b","PRESERVED_SPECIMEN","PRESENT","Euprepiophis mandarinus",120.583025,29.994372,"Zhejiang Prov.",1911,3,27,"cdround",NA,"http://creativecommons.org/publicdomain/zero/1.0/legalcode","WGS84","543616027","31364","Shaohsing","ASIA","Alcohol","PhysicalObject",NA,NA
"cece4fc2-1fec-4bb5-a335-7252548e3f0b","PRESERVED_SPECIMEN","PRESENT","Euprepiophis mandarinus",119.842333,30.633225,"Zhejiang Prov.",1909,7,NA,"cdround",NA,"http://creativecommons.org/publicdomain/zero/1.0/legalcode","WGS84","543610933","26780","Mokanshan","ASIA","Alcohol","PhysicalObject",381,76.2
"cece4fc2-1fec-4bb5-a335-7252548e3f0b","PRESERVED_SPECIMEN","PRESENT","Euprepiophis mandarinus",102.653808,31.160364,"Sichuan Prov.",NA,NA,NA,"cdround",NA,"http://creativecommons.org/publicdomain/zero/1.0/legalcode","WGS84","543533755","183344","snake farm","ASIA","Alcohol","PhysicalObject",NA,NA
