"datasetKey","basisOfRecord","occurrenceStatus","species","decimalLongitude","decimalLatitude","stateProvince","year","month","day","issues","references","license","geodeticDatum","gbifID","catalogNumber","locality","type","elevation","elevationAccuracy","continent","preparations","county"
"50c9509d-22c7-4a22-a47d-8c48425ef4a7","HUMAN_OBSERVATION","PRESENT","Gekko japonicus",139.378866,35.617697,"Tokyo",2022,2,15,"cdround","https://www.inaturalist.org/observations/106787633","http://creativecommons.org/licenses/by-nc/4.0/legalcode","WGS84","3743284423","106787633",NA,NA,NA,NA,NA,NA,NA
"50c9509d-22c7-4a22-a47d-8c48425ef4a7","HUMAN_OBSERVATION","PRESENT","Gekko japonicus",139.75235,35.601362,"Tokyo",2022,3,2,"","https://www.inaturalist.org/observations/108568058","http://creativecommons.org/licenses/by-nc/4.0/legalcode","WGS84","3743345767","108568058",NA,NA,NA,NA,NA,NA,NA
"50c9509d-22c7-4a22-a47d-8c48425ef4a7","HUMAN_OBSERVATION","PRESENT","Gekko japonicus",139.663147,35.865763,"Saitama",2022,4,12,"cdround","https://www.inaturalist.org/observations/126403797","http://creativecommons.org/licenses/by-nc/4.0/legalcode","WGS84","3874205510","126403797",NA,NA,NA,NA,NA,NA,NA
"50c9509d-22c7-4a22-a47d-8c48425ef4a7","HUMAN_OBSERVATION","PRESENT","Gekko japonicus",114.366316,30.542296,"Hubei",2022,5,22,"cdround","https://www.inaturalist.org/observations/118497925","http://creativecommons.org/licenses/by-nc/4.0/legalcode","WGS84","3802591935","118497925",NA,NA,NA,NA,NA,NA,NA
"50c9509d-22c7-4a22-a47d-8c48425ef4a7","HUMAN_OBSERVATION","PRESENT","Gekko japonicus",137.159168,35.367857,"Aichi",2022,5,27,"cdround","https://www.inaturalist.org/observations/118945512","http://creativecommons.org/licenses/by-nc/4.0/legalcode","WGS84","3859230268","118945512",NA,NA,NA,NA,NA,NA,NA
"50c9509d-22c7-4a22-a47d-8c48425ef4a7","HUMAN_OBSERVATION","PRESENT","Gekko japonicus",139.754621,35.596484,"Tokyo",2022,5,25,"cdround","https://www.inaturalist.org/observations/118732163","http://creativecommons.org/licenses/by-nc/4.0/legalcode","WGS84","3859288285","118732163",NA,NA,NA,NA,NA,NA,NA
"50c9509d-22c7-4a22-a47d-8c48425ef4a7","HUMAN_OBSERVATION","PRESENT","Gekko japonicus",132.187547,34.144863,"Yamaguchi",2022,6,27,"cdround","https://www.inaturalist.org/observations/123614802","http://creativecommons.org/licenses/by-nc/4.0/legalcode","WGS84","3858688372","123614802",NA,NA,NA,NA,NA,NA,NA
"50c9509d-22c7-4a22-a47d-8c48425ef4a7","HUMAN_OBSERVATION","PRESENT","Gekko japonicus",136.975607,35.210209,"Aichi",2022,6,24,"cdround","https://www.inaturalist.org/observations/123320777","http://creativecommons.org/licenses/by-nc/4.0/legalcode","WGS84","3859105037","123320777",NA,NA,NA,NA,NA,NA,NA
"50c9509d-22c7-4a22-a47d-8c48425ef4a7","HUMAN_OBSERVATION","PRESENT","Gekko japonicus",136.900434,35.072762,"Aichi",2022,6,5,"cdround","https://www.inaturalist.org/observations/120311346","http://creativecommons.org/licenses/by-nc/4.0/legalcode","WGS84","3859895504","120311346",NA,NA,NA,NA,NA,NA,NA
"50c9509d-22c7-4a22-a47d-8c48425ef4a7","HUMAN_OBSERVATION","PRESENT","Gekko japonicus",139.610796,35.349369,"Kanagawa",2022,7,20,"cdround","https://www.inaturalist.org/observations/127074453","http://creativecommons.org/licenses/by-nc/4.0/legalcode","WGS84","3873444762","127074453",NA,NA,NA,NA,NA,NA,NA
"50c9509d-22c7-4a22-a47d-8c48425ef4a7","HUMAN_OBSERVATION","PRESENT","Gekko japonicus",137.10115,35.349725,"Aichi",2022,7,24,"cdround","https://www.inaturalist.org/observations/127671512","http://creativecommons.org/licenses/by-nc/4.0/legalcode","WGS84","3881609555","127671512",NA,NA,NA,NA,NA,NA,NA
"50c9509d-22c7-4a22-a47d-8c48425ef4a7","HUMAN_OBSERVATION","PRESENT","Gekko japonicus",139.521709,35.45265,"Tokyo",2021,3,28,"cdround","https://www.inaturalist.org/observations/72242862","http://creativecommons.org/licenses/by-nc/4.0/legalcode","WGS84","3070367903","72242862",NA,NA,NA,NA,NA,NA,NA
"50c9509d-22c7-4a22-a47d-8c48425ef4a7","HUMAN_OBSERVATION","PRESENT","Gekko japonicus",118.815833,32.055556,"Jiangsu",2021,4,8,"cdround","https://www.inaturalist.org/observations/73349495","http://creativecommons.org/licenses/by-nc/4.0/legalcode","WGS84","3090553999","73349495",NA,NA,NA,NA,NA,NA,NA
"50c9509d-22c7-4a22-a47d-8c48425ef4a7","HUMAN_OBSERVATION","PRESENT","Gekko japonicus",139.753735,35.604696,"Tokyo",2021,5,9,"cdround","https://www.inaturalist.org/observations/78159828","http://creativecommons.org/licenses/by-nc/4.0/legalcode","WGS84","3113566232","78159828",NA,NA,NA,NA,NA,NA,NA
"50c9509d-22c7-4a22-a47d-8c48425ef4a7","HUMAN_OBSERVATION","PRESENT","Gekko japonicus",139.610833,35.349369,"Kanagawa",2021,5,19,"cdround","https://www.inaturalist.org/observations/79382688","http://creativecommons.org/licenses/by-nc/4.0/legalcode","WGS84","3118241518","79382688",NA,NA,NA,NA,NA,NA,NA
"50c9509d-22c7-4a22-a47d-8c48425ef4a7","HUMAN_OBSERVATION","PRESENT","Gekko japonicus",118.811526,32.080507,"Jiangsu",2021,5,24,"cdround","https://www.inaturalist.org/observations/80084146","http://creativecommons.org/licenses/by-nc/4.0/legalcode","WGS84","3343972465","80084146",NA,NA,NA,NA,NA,NA,NA
"50c9509d-22c7-4a22-a47d-8c48425ef4a7","HUMAN_OBSERVATION","PRESENT","Gekko japonicus",135.485212,34.454547,"Osaka",2021,5,6,"cdround","https://www.inaturalist.org/observations/107285104","http://creativecommons.org/licenses/by-nc/4.0/legalcode","WGS84","3873425590","107285104",NA,NA,NA,NA,NA,NA,NA
"50c9509d-22c7-4a22-a47d-8c48425ef4a7","HUMAN_OBSERVATION","PRESENT","Gekko japonicus",121.592353,31.224027,"Shanghai",2021,6,5,"cdround","https://www.inaturalist.org/observations/82113858","http://creativecommons.org/licenses/by-nc/4.0/legalcode","WGS84","3307145552","82113858",NA,NA,NA,NA,NA,NA,NA
"50c9509d-22c7-4a22-a47d-8c48425ef4a7","HUMAN_OBSERVATION","PRESENT","Gekko japonicus",139.751407,35.603751,"Tokyo",2021,6,25,"cdround","https://www.inaturalist.org/observations/84379564","http://creativecommons.org/licenses/by-nc/4.0/legalcode","WGS84","3321077610","84379564",NA,NA,NA,NA,NA,NA,NA
"50c9509d-22c7-4a22-a47d-8c48425ef4a7","HUMAN_OBSERVATION","PRESENT","Gekko japonicus",139.726897,35.691647,"Tokyo",2021,6,27,"cdround","https://www.inaturalist.org/observations/84690966","http://creativecommons.org/licenses/by-nc/4.0/legalcode","WGS84","3321083954","84690966",NA,NA,NA,NA,NA,NA,NA
"50c9509d-22c7-4a22-a47d-8c48425ef4a7","HUMAN_OBSERVATION","PRESENT","Gekko japonicus",139.354016,35.706001,"Tokyo",2021,6,22,"cdround","https://www.inaturalist.org/observations/85787823","http://creativecommons.org/licenses/by-nc/4.0/legalcode","WGS84","3327786573","85787823",NA,NA,NA,NA,NA,NA,NA
"50c9509d-22c7-4a22-a47d-8c48425ef4a7","HUMAN_OBSERVATION","PRESENT","Gekko japonicus",136.494636,35.984977,"Fukui",2021,6,1,"cdround","https://www.inaturalist.org/observations/94308019","http://creativecommons.org/licenses/by-nc/4.0/legalcode","WGS84","3384010331","94308019",NA,NA,NA,NA,NA,NA,NA
"50c9509d-22c7-4a22-a47d-8c48425ef4a7","HUMAN_OBSERVATION","PRESENT","Gekko japonicus",135.492839,34.482854,"Osaka",2021,7,1,"cdround","https://www.inaturalist.org/observations/85415158","http://creativecommons.org/licenses/by-nc/4.0/legalcode","WGS84","3325468713","85415158",NA,NA,NA,NA,NA,NA,NA
"50c9509d-22c7-4a22-a47d-8c48425ef4a7","HUMAN_OBSERVATION","PRESENT","Gekko japonicus",139.751382,35.603571,"Tokyo",2021,7,20,"cdround","https://www.inaturalist.org/observations/87800344","http://creativecommons.org/licenses/by-nc/4.0/legalcode","WGS84","3330487217","87800344",NA,NA,NA,NA,NA,NA,NA
"50c9509d-22c7-4a22-a47d-8c48425ef4a7","HUMAN_OBSERVATION","PRESENT","Gekko japonicus",118.79938,32.093171,"Jiangsu",2021,7,19,"cdround","https://www.inaturalist.org/observations/87833426","http://creativecommons.org/licenses/by-nc/4.0/legalcode","WGS84","3330725280","87833426",NA,NA,NA,NA,NA,NA,NA
"50c9509d-22c7-4a22-a47d-8c48425ef4a7","HUMAN_OBSERVATION","PRESENT","Gekko japonicus",139.542831,35.56454,"Tokyo",2021,7,10,"cdround","https://www.inaturalist.org/observations/87965385","http://creativecommons.org/licenses/by-nc/4.0/legalcode","WGS84","3330925366","87965385",NA,NA,NA,NA,NA,NA,NA
"50c9509d-22c7-4a22-a47d-8c48425ef4a7","HUMAN_OBSERVATION","PRESENT","Gekko japonicus",140.137314,36.054081,"Ibaraki",2021,7,28,"cdround","https://www.inaturalist.org/observations/88903629","http://creativecommons.org/licenses/by-nc/4.0/legalcode","WGS84","3333531409","88903629",NA,NA,NA,NA,NA,NA,NA
"50c9509d-22c7-4a22-a47d-8c48425ef4a7","HUMAN_OBSERVATION","PRESENT","Gekko japonicus",118.783109,32.062297,"Jiangsu",2021,7,2,"cdround","https://www.inaturalist.org/observations/85348249","http://creativecommons.org/licenses/by-nc/4.0/legalcode","WGS84","3337761600","85348249",NA,NA,NA,NA,NA,NA,NA
"50c9509d-22c7-4a22-a47d-8c48425ef4a7","HUMAN_OBSERVATION","PRESENT","Gekko japonicus",119.835726,30.605352,"Zhejiang",2021,7,5,"","https://www.inaturalist.org/observations/105905029","http://creativecommons.org/licenses/by-nc/4.0/legalcode","WGS84","3466352179","105905029",NA,NA,NA,NA,NA,NA,NA
"50c9509d-22c7-4a22-a47d-8c48425ef4a7","HUMAN_OBSERVATION","PRESENT","Gekko japonicus",132.76642,33.845517,"Ehime",2021,7,31,"cdround","https://www.inaturalist.org/observations/125979704","http://creativecommons.org/licenses/by-nc/4.0/legalcode","WGS84","3873778460","125979704",NA,NA,NA,NA,NA,NA,NA
"50c9509d-22c7-4a22-a47d-8c48425ef4a7","HUMAN_OBSERVATION","PRESENT","Gekko japonicus",139.539289,35.46373,"Tokyo",2021,8,23,"cdround","https://www.inaturalist.org/observations/95363853","http://creativecommons.org/licenses/by-nc/4.0/legalcode","WGS84","3385154448","95363853",NA,NA,NA,NA,NA,NA,NA
"50c9509d-22c7-4a22-a47d-8c48425ef4a7","HUMAN_OBSERVATION","PRESENT","Gekko japonicus",136.870235,35.158712,"Aichi",2021,9,6,"cdround","https://www.inaturalist.org/observations/93839430","http://creativecommons.org/licenses/by-nc/4.0/legalcode","WGS84","3355139101","93839430",NA,NA,NA,NA,NA,NA,NA
"50c9509d-22c7-4a22-a47d-8c48425ef4a7","HUMAN_OBSERVATION","PRESENT","Gekko japonicus",139.392371,35.619553,"Tokyo",2021,9,17,"cdround","https://www.inaturalist.org/observations/95264683","http://creativecommons.org/licenses/by-nc/4.0/legalcode","WGS84","3384986406","95264683",NA,NA,NA,NA,NA,NA,NA
"50c9509d-22c7-4a22-a47d-8c48425ef4a7","HUMAN_OBSERVATION","PRESENT","Gekko japonicus",139.589375,35.426878,"Tokyo",2021,9,11,"cdround","https://www.inaturalist.org/observations/100469077","http://creativecommons.org/licenses/by-nc/4.0/legalcode","WGS84","3415912196","100469077",NA,NA,NA,NA,NA,NA,NA
"50c9509d-22c7-4a22-a47d-8c48425ef4a7","HUMAN_OBSERVATION","PRESENT","Gekko japonicus",135.772142,35.017228,"Kyoto",2021,9,19,"cdround","https://www.inaturalist.org/observations/105000677","http://creativecommons.org/licenses/by-nc/4.0/legalcode","WGS84","3456206439","105000677",NA,NA,NA,NA,NA,NA,NA
"50c9509d-22c7-4a22-a47d-8c48425ef4a7","HUMAN_OBSERVATION","PRESENT","Gekko japonicus",139.614105,35.697462,"Tokyo",2021,10,26,"cdround","https://www.inaturalist.org/observations/99447967","http://creativecommons.org/licenses/by-nc/4.0/legalcode","WGS84","3398866230","99447967",NA,NA,NA,NA,NA,NA,NA
"50c9509d-22c7-4a22-a47d-8c48425ef4a7","HUMAN_OBSERVATION","PRESENT","Gekko japonicus",108.376057,22.871484,"Guangxi",2021,12,9,"","https://www.inaturalist.org/observations/102722521","http://creativecommons.org/licenses/by-nc/4.0/legalcode","WGS84","3746978471","102722521",NA,NA,NA,NA,NA,NA,NA
"50c9509d-22c7-4a22-a47d-8c48425ef4a7","HUMAN_OBSERVATION","PRESENT","Gekko japonicus",121.497602,31.179328,"Shanghai",2020,2,4,"cdround","https://www.inaturalist.org/observations/38294176","http://creativecommons.org/licenses/by-nc/4.0/legalcode","WGS84","2574166119","38294176",NA,NA,NA,NA,NA,NA,NA
"50c9509d-22c7-4a22-a47d-8c48425ef4a7","HUMAN_OBSERVATION","PRESENT","Gekko japonicus",121.588732,31.064397,"Shanghai",2020,3,9,"cdround","https://www.inaturalist.org/observations/39788997","http://creativecommons.org/licenses/by-nc/4.0/legalcode","WGS84","2579310428","39788997",NA,NA,NA,NA,NA,NA,NA
"50c9509d-22c7-4a22-a47d-8c48425ef4a7","HUMAN_OBSERVATION","PRESENT","Gekko japonicus",121.529956,31.031255,"Shanghai",2020,4,5,"cdround","https://www.inaturalist.org/observations/41440585","http://creativecommons.org/licenses/by-nc/4.0/legalcode","WGS84","2597726351","41440585",NA,NA,NA,NA,NA,NA,NA
"50c9509d-22c7-4a22-a47d-8c48425ef4a7","HUMAN_OBSERVATION","PRESENT","Gekko japonicus",121.467197,31.169621,"Shanghai",2020,4,9,"cdround","https://www.inaturalist.org/observations/41799755","http://creativecommons.org/licenses/by-nc/4.0/legalcode","WGS84","2597804115","41799755",NA,NA,NA,NA,NA,NA,NA
"50c9509d-22c7-4a22-a47d-8c48425ef4a7","HUMAN_OBSERVATION","PRESENT","Gekko japonicus",121.416231,31.011848,"Shanghai",2020,4,5,"cdround","https://www.inaturalist.org/observations/41440691","http://creativecommons.org/licenses/by-nc/4.0/legalcode","WGS84","2597817378","41440691",NA,NA,NA,NA,NA,NA,NA
"50c9509d-22c7-4a22-a47d-8c48425ef4a7","HUMAN_OBSERVATION","PRESENT","Gekko japonicus",121.471562,31.187561,"Shanghai",2020,4,7,"cdround","https://www.inaturalist.org/observations/41603883","http://creativecommons.org/licenses/by-nc/4.0/legalcode","WGS84","2597884688","41603883",NA,NA,NA,NA,NA,NA,NA
"50c9509d-22c7-4a22-a47d-8c48425ef4a7","HUMAN_OBSERVATION","PRESENT","Gekko japonicus",121.517952,31.05686,"Shanghai",2020,4,9,"cdround","https://www.inaturalist.org/observations/41799668","http://creativecommons.org/licenses/by-nc/4.0/legalcode","WGS84","2597913101","41799668",NA,NA,NA,NA,NA,NA,NA
"50c9509d-22c7-4a22-a47d-8c48425ef4a7","HUMAN_OBSERVATION","PRESENT","Gekko japonicus",121.501769,31.042197,"Shanghai",2020,4,5,"cdround","https://www.inaturalist.org/observations/41440952","http://creativecommons.org/licenses/by-nc/4.0/legalcode","WGS84","2603289870","41440952",NA,NA,NA,NA,NA,NA,NA
"50c9509d-22c7-4a22-a47d-8c48425ef4a7","HUMAN_OBSERVATION","PRESENT","Gekko japonicus",121.500603,31.04687,"Shanghai",2020,4,15,"cdround","https://www.inaturalist.org/observations/42283367","http://creativecommons.org/licenses/by-nc/4.0/legalcode","WGS84","2603349167","42283367",NA,NA,NA,NA,NA,NA,NA
"50c9509d-22c7-4a22-a47d-8c48425ef4a7","HUMAN_OBSERVATION","PRESENT","Gekko japonicus",133.198058,34.417236,"Hiroshima",2020,4,15,"cdround","https://www.inaturalist.org/observations/42222379","http://creativecommons.org/licenses/by-nc/4.0/legalcode","WGS84","2603364164","42222379",NA,NA,NA,NA,NA,NA,NA
"50c9509d-22c7-4a22-a47d-8c48425ef4a7","HUMAN_OBSERVATION","PRESENT","Gekko japonicus",121.442517,31.124928,"Shanghai",2020,4,15,"cdround","https://www.inaturalist.org/observations/42283090","http://creativecommons.org/licenses/by-nc/4.0/legalcode","WGS84","2603366245","42283090",NA,NA,NA,NA,NA,NA,NA
"50c9509d-22c7-4a22-a47d-8c48425ef4a7","HUMAN_OBSERVATION","PRESENT","Gekko japonicus",121.403525,31.102644,"Shanghai",2020,4,15,"cdround","https://www.inaturalist.org/observations/42283659","http://creativecommons.org/licenses/by-nc/4.0/legalcode","WGS84","2603496501","42283659",NA,NA,NA,NA,NA,NA,NA
"50c9509d-22c7-4a22-a47d-8c48425ef4a7","HUMAN_OBSERVATION","PRESENT","Gekko japonicus",121.42224,31.042104,"Shanghai",2020,4,15,"cdround","https://www.inaturalist.org/observations/42283077","http://creativecommons.org/licenses/by-nc/4.0/legalcode","WGS84","2603526457","42283077",NA,NA,NA,NA,NA,NA,NA
"50c9509d-22c7-4a22-a47d-8c48425ef4a7","HUMAN_OBSERVATION","PRESENT","Gekko japonicus",121.433522,31.130492,"Shanghai",2020,4,16,"cdround","https://www.inaturalist.org/observations/42306912","http://creativecommons.org/licenses/by-nc/4.0/legalcode","WGS84","2603539502","42306912",NA,NA,NA,NA,NA,NA,NA
"50c9509d-22c7-4a22-a47d-8c48425ef4a7","HUMAN_OBSERVATION","PRESENT","Gekko japonicus",121.524696,31.024221,"Shanghai",2020,4,19,"cdround","https://www.inaturalist.org/observations/42558780","http://creativecommons.org/licenses/by-nc/4.0/legalcode","WGS84","2609144789","42558780",NA,NA,NA,NA,NA,NA,NA
"50c9509d-22c7-4a22-a47d-8c48425ef4a7","HUMAN_OBSERVATION","PRESENT","Gekko japonicus",121.453298,31.007434,"Shanghai",2020,4,6,"cdround","https://www.inaturalist.org/observations/41534632","http://creativecommons.org/licenses/by-nc/4.0/legalcode","WGS84","2619896536","41534632",NA,NA,NA,NA,NA,NA,NA
"50c9509d-22c7-4a22-a47d-8c48425ef4a7","HUMAN_OBSERVATION","PRESENT","Gekko japonicus",121.487178,31.114163,"Shanghai",2020,5,1,"cdround","https://www.inaturalist.org/observations/44470008","http://creativecommons.org/licenses/by-nc/4.0/legalcode","WGS84","2620105578","44470008",NA,NA,NA,NA,NA,NA,NA
"50c9509d-22c7-4a22-a47d-8c48425ef4a7","HUMAN_OBSERVATION","PRESENT","Gekko japonicus",139.599903,35.669918,"Tokyo",2020,5,2,"cdround","https://www.inaturalist.org/observations/44566239","http://creativecommons.org/licenses/by-nc/4.0/legalcode","WGS84","2864796381","44566239",NA,NA,NA,NA,NA,NA,NA
"50c9509d-22c7-4a22-a47d-8c48425ef4a7","HUMAN_OBSERVATION","PRESENT","Gekko japonicus",139.661287,35.643438,"Tokyo",2020,5,2,"cdround","https://www.inaturalist.org/observations/46820825","http://creativecommons.org/licenses/by-nc/4.0/legalcode","WGS84","2980804373","46820825",NA,NA,NA,NA,NA,NA,NA
"50c9509d-22c7-4a22-a47d-8c48425ef4a7","HUMAN_OBSERVATION","PRESENT","Gekko japonicus",105.852824,32.420604,"Sichuan",2020,5,13,"cdround","https://www.inaturalist.org/observations/106092465","http://creativecommons.org/licenses/by-nc/4.0/legalcode","WGS84","3468902436","106092465",NA,NA,NA,NA,NA,NA,NA
"50c9509d-22c7-4a22-a47d-8c48425ef4a7","HUMAN_OBSERVATION","PRESENT","Gekko japonicus",139.60785,35.627292,"Tokyo",2020,6,2,"cdround","https://www.inaturalist.org/observations/48222878","http://creativecommons.org/licenses/by-nc/4.0/legalcode","WGS84","2634128113","48222878",NA,NA,NA,NA,NA,NA,NA
"50c9509d-22c7-4a22-a47d-8c48425ef4a7","HUMAN_OBSERVATION","PRESENT","Gekko japonicus",139.551362,35.386345,"Kanagawa",2020,6,7,"cdround","https://www.inaturalist.org/observations/48767235","http://creativecommons.org/licenses/by-nc/4.0/legalcode","WGS84","2641493992","48767235",NA,NA,NA,NA,NA,NA,NA
"50c9509d-22c7-4a22-a47d-8c48425ef4a7","HUMAN_OBSERVATION","PRESENT","Gekko japonicus",139.338945,35.688865,"Tokyo",2020,6,24,"cdround","https://www.inaturalist.org/observations/63106721","http://creativecommons.org/publicdomain/zero/1.0/legalcode","WGS84","2988498741","63106721",NA,NA,NA,NA,NA,NA,NA
"50c9509d-22c7-4a22-a47d-8c48425ef4a7","HUMAN_OBSERVATION","PRESENT","Gekko japonicus",139.610872,35.34946,"Kanagawa",2020,7,12,"cdround","https://www.inaturalist.org/observations/52772164","http://creativecommons.org/licenses/by-nc/4.0/legalcode","WGS84","2818578910","52772164",NA,NA,NA,NA,NA,NA,NA
"50c9509d-22c7-4a22-a47d-8c48425ef4a7","HUMAN_OBSERVATION","PRESENT","Gekko japonicus",121.528806,31.289928,"Shanghai",2020,7,8,"cdround","https://www.inaturalist.org/observations/53476783","http://creativecommons.org/licenses/by-nc/4.0/legalcode","WGS84","2823267809","53476783",NA,NA,NA,NA,NA,NA,NA
"50c9509d-22c7-4a22-a47d-8c48425ef4a7","HUMAN_OBSERVATION","PRESENT","Gekko japonicus",121.528138,31.295424,"Shanghai",2020,7,31,"cdround","https://www.inaturalist.org/observations/54923065","http://creativecommons.org/licenses/by-nc/4.0/legalcode","WGS84","2826311891","54923065",NA,NA,NA,NA,NA,NA,NA
"50c9509d-22c7-4a22-a47d-8c48425ef4a7","HUMAN_OBSERVATION","PRESENT","Gekko japonicus",137.157622,34.952996,"Aichi",2020,7,2,"cdround","https://www.inaturalist.org/observations/51702377","http://creativecommons.org/licenses/by-nc/4.0/legalcode","WGS84","2860139443","51702377",NA,NA,NA,NA,NA,NA,NA
"50c9509d-22c7-4a22-a47d-8c48425ef4a7","HUMAN_OBSERVATION","PRESENT","Gekko japonicus",130.746522,33.527713,"Fukuoka",2020,7,27,"cdround","https://www.inaturalist.org/observations/54618289","http://creativecommons.org/licenses/by-nc/4.0/legalcode","WGS84","2862579452","54618289",NA,NA,NA,NA,NA,NA,NA
"50c9509d-22c7-4a22-a47d-8c48425ef4a7","HUMAN_OBSERVATION","PRESENT","Gekko japonicus",137.159652,34.956346,"Aichi",2020,7,18,"cdround","https://www.inaturalist.org/observations/53595248","http://creativecommons.org/licenses/by-nc/4.0/legalcode","WGS84","2999216450","53595248",NA,NA,NA,NA,NA,NA,NA
"50c9509d-22c7-4a22-a47d-8c48425ef4a7","HUMAN_OBSERVATION","PRESENT","Gekko japonicus",139.648839,35.320403,"Kanagawa",2020,8,31,"cdround","https://www.inaturalist.org/observations/58117682","http://creativecommons.org/licenses/by-nc/4.0/legalcode","WGS84","2860064998","58117682",NA,NA,NA,NA,NA,NA,NA
"50c9509d-22c7-4a22-a47d-8c48425ef4a7","HUMAN_OBSERVATION","PRESENT","Gekko japonicus",139.622408,35.335337,"Kanagawa",2020,8,15,"cdround","https://www.inaturalist.org/observations/67731992","http://creativecommons.org/licenses/by-nc/4.0/legalcode","WGS84","3061558517","67731992",NA,NA,NA,NA,NA,NA,NA
"50c9509d-22c7-4a22-a47d-8c48425ef4a7","HUMAN_OBSERVATION","PRESENT","Gekko japonicus",134.990848,34.778679,"Hyogo",2020,8,27,"cdround","https://www.inaturalist.org/observations/83744118","http://creativecommons.org/licenses/by-nc/4.0/legalcode","WGS84","3325470489","83744118",NA,NA,NA,NA,NA,NA,NA
"50c9509d-22c7-4a22-a47d-8c48425ef4a7","HUMAN_OBSERVATION","PRESENT","Gekko japonicus",137.151971,34.946454,"Aichi",2020,9,19,"cdround","https://www.inaturalist.org/observations/60067150","http://creativecommons.org/licenses/by-nc/4.0/legalcode","WGS84","2868235727","60067150",NA,NA,NA,NA,NA,NA,NA
"50c9509d-22c7-4a22-a47d-8c48425ef4a7","HUMAN_OBSERVATION","PRESENT","Gekko japonicus",139.681392,35.613488,"Tokyo",2020,9,26,"cdround","https://www.inaturalist.org/observations/64441814","http://creativecommons.org/licenses/by-nc/4.0/legalcode","WGS84","2984391638","64441814",NA,NA,NA,NA,NA,NA,NA
"50c9509d-22c7-4a22-a47d-8c48425ef4a7","HUMAN_OBSERVATION","PRESENT","Gekko japonicus",135.282883,34.834562,"Hyogo",2020,9,8,"cdround","https://www.inaturalist.org/observations/58989403","http://creativecommons.org/licenses/by-nc/4.0/legalcode","WGS84","3325747351","58989403",NA,NA,NA,NA,NA,NA,NA
"50c9509d-22c7-4a22-a47d-8c48425ef4a7","HUMAN_OBSERVATION","PRESENT","Gekko japonicus",135.406167,34.953583,"Osaka",2020,10,23,"cdround","https://www.inaturalist.org/observations/63247343","http://creativecommons.org/licenses/by-nc/4.0/legalcode","WGS84","2901597276","63247343",NA,NA,NA,NA,NA,NA,NA
"50c9509d-22c7-4a22-a47d-8c48425ef4a7","HUMAN_OBSERVATION","PRESENT","Gekko japonicus",139.750474,35.602648,"Tokyo",2020,11,2,"cdround","https://www.inaturalist.org/observations/64018356","http://creativecommons.org/licenses/by-nc/4.0/legalcode","WGS84","2980962942","64018356",NA,NA,NA,NA,NA,NA,NA
"50c9509d-22c7-4a22-a47d-8c48425ef4a7","HUMAN_OBSERVATION","PRESENT","Gekko japonicus",139.610867,35.34942,"Kanagawa",2020,11,13,"cdround","https://www.inaturalist.org/observations/64783989","http://creativecommons.org/licenses/by-nc/4.0/legalcode","WGS84","2988356903","64783989",NA,NA,NA,NA,NA,NA,NA
"50c9509d-22c7-4a22-a47d-8c48425ef4a7","HUMAN_OBSERVATION","PRESENT","Gekko japonicus",137.155948,34.953654,"Aichi",2020,11,25,"cdround","https://www.inaturalist.org/observations/65682666","http://creativecommons.org/licenses/by-nc/4.0/legalcode","WGS84","2992835628","65682666",NA,NA,NA,NA,NA,NA,NA
"50c9509d-22c7-4a22-a47d-8c48425ef4a7","HUMAN_OBSERVATION","PRESENT","Gekko japonicus",139.63449,35.695218,"Tokyo",2019,4,6,"cdround","https://www.inaturalist.org/observations/22073270","http://creativecommons.org/licenses/by-nc/4.0/legalcode","WGS84","2236225067","22073270",NA,NA,NA,NA,NA,NA,NA
"50c9509d-22c7-4a22-a47d-8c48425ef4a7","HUMAN_OBSERVATION","PRESENT","Gekko japonicus",121.56243,31.231517,"Shanghai",2019,5,23,"cdround","https://www.inaturalist.org/observations/25670848","http://creativecommons.org/licenses/by-nc/4.0/legalcode","WGS84","2251864069","25670848",NA,NA,NA,NA,NA,NA,NA
"50c9509d-22c7-4a22-a47d-8c48425ef4a7","HUMAN_OBSERVATION","PRESENT","Gekko japonicus",139.513709,35.726152,"Tokyo",2019,6,19,"cdround","https://www.inaturalist.org/observations/27237878","http://creativecommons.org/licenses/by-nc/4.0/legalcode","WGS84","2331834362","27237878",NA,NA,NA,NA,NA,NA,NA
"50c9509d-22c7-4a22-a47d-8c48425ef4a7","HUMAN_OBSERVATION","PRESENT","Gekko japonicus",139.769613,35.713912,"Tokyo",2019,6,25,"cdround","https://www.inaturalist.org/observations/27623494","http://creativecommons.org/licenses/by-nc/4.0/legalcode","WGS84","2331835342","27623494",NA,NA,NA,NA,NA,NA,NA
"50c9509d-22c7-4a22-a47d-8c48425ef4a7","HUMAN_OBSERVATION","PRESENT","Gekko japonicus",139.762755,35.735875,"Tokyo",2019,6,21,"","https://www.inaturalist.org/observations/42674368","http://creativecommons.org/licenses/by-nc/4.0/legalcode","WGS84","2862340373","42674368",NA,NA,NA,NA,NA,NA,NA
"50c9509d-22c7-4a22-a47d-8c48425ef4a7","HUMAN_OBSERVATION","PRESENT","Gekko japonicus",136.860503,34.963903,"Aichi",2019,6,14,"cdround","https://www.inaturalist.org/observations/89127393","http://creativecommons.org/licenses/by-nc/4.0/legalcode","WGS84","3333478579","89127393",NA,NA,NA,NA,NA,NA,NA
"50c9509d-22c7-4a22-a47d-8c48425ef4a7","HUMAN_OBSERVATION","PRESENT","Gekko japonicus",139.742009,35.715903,"Tokyo",2019,7,25,"cdround","https://www.inaturalist.org/observations/29501741","http://creativecommons.org/licenses/by-nc/4.0/legalcode","WGS84","2294675401","29501741",NA,NA,NA,NA,NA,NA,NA
"50c9509d-22c7-4a22-a47d-8c48425ef4a7","HUMAN_OBSERVATION","PRESENT","Gekko japonicus",139.67761,35.695184,"Tokyo",2019,7,25,"cdround","https://www.inaturalist.org/observations/29503149","http://creativecommons.org/licenses/by-nc/4.0/legalcode","WGS84","2883151334","29503149",NA,NA,NA,NA,NA,NA,NA
"50c9509d-22c7-4a22-a47d-8c48425ef4a7","HUMAN_OBSERVATION","PRESENT","Gekko japonicus",133.85102,33.830424,"Tokushima",2019,7,20,"cdround","https://www.inaturalist.org/observations/89405921","http://creativecommons.org/licenses/by-nc/4.0/legalcode","WGS84","3335169944","89405921",NA,NA,NA,NA,NA,NA,NA
"50c9509d-22c7-4a22-a47d-8c48425ef4a7","HUMAN_OBSERVATION","PRESENT","Gekko japonicus",139.775416,35.55649,"Kanagawa",2019,8,6,"cdround","https://www.inaturalist.org/observations/30298320","http://creativecommons.org/licenses/by-nc/4.0/legalcode","WGS84","2331932328","30298320",NA,NA,NA,NA,NA,NA,NA
"50c9509d-22c7-4a22-a47d-8c48425ef4a7","HUMAN_OBSERVATION","PRESENT","Gekko japonicus",139.479646,35.79843,"Saitama",2019,8,18,"cdround","https://www.inaturalist.org/observations/31057395","http://creativecommons.org/licenses/by-nc/4.0/legalcode","WGS84","2366082825","31057395",NA,NA,NA,NA,NA,NA,NA
"50c9509d-22c7-4a22-a47d-8c48425ef4a7","HUMAN_OBSERVATION","PRESENT","Gekko japonicus",138.914838,34.652957,"Shizuoka",2019,8,21,"cdround","https://www.inaturalist.org/observations/32194838","http://creativecommons.org/licenses/by-nc/4.0/legalcode","WGS84","2422929052","32194838",NA,NA,NA,NA,NA,NA,NA
"50c9509d-22c7-4a22-a47d-8c48425ef4a7","HUMAN_OBSERVATION","PRESENT","Gekko japonicus",139.773522,35.713229,"Tokyo",2019,8,18,"cdround","https://www.inaturalist.org/observations/38767171","http://creativecommons.org/licenses/by-nc/4.0/legalcode","WGS84","2574007388","38767171",NA,NA,NA,NA,NA,NA,NA
"50c9509d-22c7-4a22-a47d-8c48425ef4a7","HUMAN_OBSERVATION","PRESENT","Gekko japonicus",132.376002,34.352403,"Hiroshima",2019,8,10,"cdround","https://www.inaturalist.org/observations/38722805","http://creativecommons.org/licenses/by-nc/4.0/legalcode","WGS84","2574147379","38722805",NA,NA,NA,NA,NA,NA,NA
"50c9509d-22c7-4a22-a47d-8c48425ef4a7","HUMAN_OBSERVATION","PRESENT","Gekko japonicus",134.048614,33.556417,"Kochi",2019,9,11,"cdround","https://www.inaturalist.org/observations/32522113","http://creativecommons.org/licenses/by-nc/4.0/legalcode","WGS84","2423017010","32522113",NA,NA,NA,NA,NA,NA,NA
"50c9509d-22c7-4a22-a47d-8c48425ef4a7","HUMAN_OBSERVATION","PRESENT","Gekko japonicus",130.335486,33.578614,"Fukuoka",2019,9,2,"cdround","https://www.inaturalist.org/observations/37024468","http://creativecommons.org/licenses/by-nc/4.0/legalcode","WGS84","2543032358","37024468",NA,NA,NA,NA,NA,NA,NA
"50c9509d-22c7-4a22-a47d-8c48425ef4a7","HUMAN_OBSERVATION","PRESENT","Gekko japonicus",121.537009,31.042679,"Shanghai",2019,10,2,"cdround","https://www.inaturalist.org/observations/33750548","http://creativecommons.org/licenses/by-nc/4.0/legalcode","WGS84","2429344084","33750548",NA,NA,NA,NA,NA,NA,NA
"50c9509d-22c7-4a22-a47d-8c48425ef4a7","HUMAN_OBSERVATION","PRESENT","Gekko japonicus",121.40088,31.070813,"Shanghai",2019,10,2,"cdround","https://www.inaturalist.org/observations/33750566","http://creativecommons.org/licenses/by-nc/4.0/legalcode","WGS84","2429345903","33750566",NA,NA,NA,NA,NA,NA,NA
"50c9509d-22c7-4a22-a47d-8c48425ef4a7","HUMAN_OBSERVATION","PRESENT","Gekko japonicus",139.690425,35.687423,"Tokyo",2019,10,4,"cdround","https://www.inaturalist.org/observations/36346601","http://creativecommons.org/licenses/by-nc/4.0/legalcode","WGS84","2465341870","36346601",NA,NA,NA,NA,NA,NA,NA
"50c9509d-22c7-4a22-a47d-8c48425ef4a7","HUMAN_OBSERVATION","PRESENT","Gekko japonicus",132.564059,32.964266,"Ehime",2019,10,10,"cdround","https://www.inaturalist.org/observations/105233157","http://creativecommons.org/licenses/by-nc/4.0/legalcode","WGS84","3456324040","105233157",NA,NA,NA,NA,NA,NA,NA
"50c9509d-22c7-4a22-a47d-8c48425ef4a7","HUMAN_OBSERVATION","PRESENT","Gekko japonicus",135.68053,34.991219,"Kyoto",2019,12,30,"cdround","https://www.inaturalist.org/observations/37100883","http://creativecommons.org/licenses/by-nc/4.0/legalcode","WGS84","2980784352","37100883",NA,NA,NA,NA,NA,NA,NA
"50c9509d-22c7-4a22-a47d-8c48425ef4a7","HUMAN_OBSERVATION","PRESENT","Gekko japonicus",136.613918,35.524582,"Gifu",2018,4,16,"cdround","https://www.inaturalist.org/observations/11152779","http://creativecommons.org/licenses/by-nc/4.0/legalcode","WGS84","1839209109","11152779",NA,NA,NA,NA,NA,NA,NA
"50c9509d-22c7-4a22-a47d-8c48425ef4a7","HUMAN_OBSERVATION","PRESENT","Gekko japonicus",136.655405,36.560084,"Ishikawa",2018,4,13,"cdround","https://www.inaturalist.org/observations/10852096","http://creativecommons.org/licenses/by-nc/4.0/legalcode","WGS84","1901026062","10852096",NA,NA,NA,NA,NA,NA,NA
"50c9509d-22c7-4a22-a47d-8c48425ef4a7","HUMAN_OBSERVATION","PRESENT","Gekko japonicus",133.063685,33.984021,"Ehime",2018,5,27,"cdround","https://www.inaturalist.org/observations/13003683","http://creativecommons.org/licenses/by-nc/4.0/legalcode","WGS84","1848784860","13003683",NA,NA,NA,NA,NA,NA,NA
"50c9509d-22c7-4a22-a47d-8c48425ef4a7","HUMAN_OBSERVATION","PRESENT","Gekko japonicus",133.723553,33.619665,"Kochi",2018,6,4,"cdround","https://www.inaturalist.org/observations/13137926","http://creativecommons.org/licenses/by-nc/4.0/legalcode","WGS84","1850913214","13137926",NA,NA,NA,NA,NA,NA,NA
"50c9509d-22c7-4a22-a47d-8c48425ef4a7","HUMAN_OBSERVATION","PRESENT","Gekko japonicus",133.714617,33.616346,"Kochi",2018,6,8,"cdround","https://www.inaturalist.org/observations/13415918","http://creativecommons.org/licenses/by-nc/4.0/legalcode","WGS84","1850982457","13415918",NA,NA,NA,NA,NA,NA,NA
"50c9509d-22c7-4a22-a47d-8c48425ef4a7","HUMAN_OBSERVATION","PRESENT","Gekko japonicus",133.71685,33.61773,"Kochi",2018,6,14,"cdround","https://www.inaturalist.org/observations/13443027","http://creativecommons.org/licenses/by-nc/4.0/legalcode","WGS84","1850987668","13443027",NA,NA,NA,NA,NA,NA,NA
"50c9509d-22c7-4a22-a47d-8c48425ef4a7","HUMAN_OBSERVATION","PRESENT","Gekko japonicus",139.591001,35.537687,"Kanagawa",2018,6,24,"cdround","https://www.inaturalist.org/observations/13734520","http://creativecommons.org/licenses/by-nc/4.0/legalcode","WGS84","1880557603","13734520",NA,NA,NA,NA,NA,NA,NA
"50c9509d-22c7-4a22-a47d-8c48425ef4a7","HUMAN_OBSERVATION","PRESENT","Gekko japonicus",117.068611,36.626944,"Shandong",2018,6,28,"cdround","https://www.inaturalist.org/observations/16588825","http://creativecommons.org/licenses/by-nc/4.0/legalcode","WGS84","1914199862","16588825",NA,NA,NA,NA,NA,NA,NA
"50c9509d-22c7-4a22-a47d-8c48425ef4a7","HUMAN_OBSERVATION","PRESENT","Gekko japonicus",136.945704,35.090477,"Aichi",2018,9,13,"cdround","https://www.inaturalist.org/observations/25100104","http://creativecommons.org/licenses/by-nc/4.0/legalcode","WGS84","2242985494","25100104",NA,NA,NA,NA,NA,NA,NA
"50c9509d-22c7-4a22-a47d-8c48425ef4a7","HUMAN_OBSERVATION","PRESENT","Gekko japonicus",139.520977,35.395513,"Kanagawa",2018,9,24,"cdround","https://www.inaturalist.org/observations/19584914","http://creativecommons.org/licenses/by/4.0/legalcode","WGS84","3070564523","19584914",NA,NA,NA,NA,NA,NA,NA
"50c9509d-22c7-4a22-a47d-8c48425ef4a7","HUMAN_OBSERVATION","PRESENT","Gekko japonicus",139.724949,35.698469,"Tokyo",2018,9,7,"cdround","https://www.inaturalist.org/observations/83362782","http://creativecommons.org/licenses/by-nc/4.0/legalcode","WGS84","3307474132","83362782",NA,NA,NA,NA,NA,NA,NA
"50c9509d-22c7-4a22-a47d-8c48425ef4a7","HUMAN_OBSERVATION","PRESENT","Gekko japonicus",113.076073,28.799397,"Hunan",2018,9,8,"cdround","https://www.inaturalist.org/observations/16309159","http://creativecommons.org/licenses/by-nc/4.0/legalcode","WGS84","3759160331","16309159",NA,NA,NA,NA,NA,NA,NA
"50c9509d-22c7-4a22-a47d-8c48425ef4a7","HUMAN_OBSERVATION","PRESENT","Gekko japonicus",113.07032,28.791649,"Hunan",2018,9,28,"cdround","https://www.inaturalist.org/observations/16981558","http://creativecommons.org/licenses/by-nc/4.0/legalcode","WGS84","3772791318","16981558",NA,NA,NA,NA,NA,NA,NA
"50c9509d-22c7-4a22-a47d-8c48425ef4a7","HUMAN_OBSERVATION","PRESENT","Gekko japonicus",129.074625,35.219608,"Busan",2018,10,9,"","https://www.inaturalist.org/observations/66276747","http://creativecommons.org/licenses/by-nc/4.0/legalcode","WGS84","2999125940","66276747",NA,NA,NA,NA,NA,NA,NA
"50c9509d-22c7-4a22-a47d-8c48425ef4a7","HUMAN_OBSERVATION","PRESENT","Gekko japonicus",135.527985,34.635513,"Osaka",2018,11,25,"cdround","https://www.inaturalist.org/observations/18672047","http://creativecommons.org/licenses/by-nc/4.0/legalcode","WGS84","1948742706","18672047",NA,NA,NA,NA,NA,NA,NA
"50c9509d-22c7-4a22-a47d-8c48425ef4a7","HUMAN_OBSERVATION","PRESENT","Gekko japonicus",139.553304,35.313046,"Kanagawa",2018,12,2,"cdround","https://www.inaturalist.org/observations/30673093","http://creativecommons.org/licenses/by-nc/4.0/legalcode","WGS84","2350393715","30673093",NA,NA,NA,NA,NA,NA,NA
"50c9509d-22c7-4a22-a47d-8c48425ef4a7","HUMAN_OBSERVATION","PRESENT","Gekko japonicus",138.758169,35.502049,"Yamanashi",2017,2,17,"cdround","https://www.inaturalist.org/observations/82998793","http://creativecommons.org/licenses/by-nc/4.0/legalcode","WGS84","3330491468","82998793",NA,NA,NA,NA,NA,NA,NA
"50c9509d-22c7-4a22-a47d-8c48425ef4a7","HUMAN_OBSERVATION","PRESENT","Gekko japonicus",128.971944,35.048889,"Busan",2017,4,8,"cdround","https://www.inaturalist.org/observations/5778068","http://creativecommons.org/licenses/by-nc/4.0/legalcode","WGS84","1500254598","5778068",NA,NA,NA,NA,NA,NA,NA
"50c9509d-22c7-4a22-a47d-8c48425ef4a7","HUMAN_OBSERVATION","PRESENT","Gekko japonicus",129.024167,35.114444,"Busan",2017,4,9,"cdround","https://www.inaturalist.org/observations/5778055","http://creativecommons.org/licenses/by-nc/4.0/legalcode","WGS84","1500254617","5778055",NA,NA,NA,NA,NA,NA,NA
"50c9509d-22c7-4a22-a47d-8c48425ef4a7","HUMAN_OBSERVATION","PRESENT","Gekko japonicus",128.971888,35.048878,"Busan",2017,4,8,"cdround","https://www.inaturalist.org/observations/5778054","http://creativecommons.org/licenses/by-nc/4.0/legalcode","WGS84","1500254619","5778054",NA,NA,NA,NA,NA,NA,NA
"50c9509d-22c7-4a22-a47d-8c48425ef4a7","HUMAN_OBSERVATION","PRESENT","Gekko japonicus",128.971683,35.048904,"Busan",2017,4,8,"cdround","https://www.inaturalist.org/observations/5778058","http://creativecommons.org/licenses/by-nc/4.0/legalcode","WGS84","1500254622","5778058",NA,NA,NA,NA,NA,NA,NA
"50c9509d-22c7-4a22-a47d-8c48425ef4a7","HUMAN_OBSERVATION","PRESENT","Gekko japonicus",129.004464,35.086998,"Busan",2017,4,8,"cdround","https://www.inaturalist.org/observations/5778056","http://creativecommons.org/licenses/by-nc/4.0/legalcode","WGS84","1500254645","5778056",NA,NA,NA,NA,NA,NA,NA
"50c9509d-22c7-4a22-a47d-8c48425ef4a7","HUMAN_OBSERVATION","PRESENT","Gekko japonicus",128.968056,35.048056,"Busan",2017,4,8,"cdround","https://www.inaturalist.org/observations/5778065","http://creativecommons.org/licenses/by-nc/4.0/legalcode","WGS84","1500254651","5778065",NA,NA,NA,NA,NA,NA,NA
"50c9509d-22c7-4a22-a47d-8c48425ef4a7","HUMAN_OBSERVATION","PRESENT","Gekko japonicus",128.971694,35.048919,"Busan",2017,4,8,"cdround","https://www.inaturalist.org/observations/5778057","http://creativecommons.org/licenses/by-nc/4.0/legalcode","WGS84","1500254684","5778057",NA,NA,NA,NA,NA,NA,NA
"50c9509d-22c7-4a22-a47d-8c48425ef4a7","HUMAN_OBSERVATION","PRESENT","Gekko japonicus",128.573714,35.203905,"Gyeongsangnam-do",2017,4,16,"cdround","https://www.inaturalist.org/observations/5778629","http://creativecommons.org/licenses/by-nc/4.0/legalcode","WGS84","1500254731","5778629",NA,NA,NA,NA,NA,NA,NA
"50c9509d-22c7-4a22-a47d-8c48425ef4a7","HUMAN_OBSERVATION","PRESENT","Gekko japonicus",128.573711,35.203544,"Gyeongsangnam-do",2017,4,16,"cdround","https://www.inaturalist.org/observations/5778630","http://creativecommons.org/licenses/by-nc/4.0/legalcode","WGS84","1500254808","5778630",NA,NA,NA,NA,NA,NA,NA
"50c9509d-22c7-4a22-a47d-8c48425ef4a7","HUMAN_OBSERVATION","PRESENT","Gekko japonicus",126.39107,34.791582,"Jeollanam-do",2017,4,15,"cdround","https://www.inaturalist.org/observations/5780241","http://creativecommons.org/licenses/by-nc/4.0/legalcode","WGS84","1500255291","5780241",NA,NA,NA,NA,NA,NA,NA
"50c9509d-22c7-4a22-a47d-8c48425ef4a7","HUMAN_OBSERVATION","PRESENT","Gekko japonicus",126.389903,34.787937,"Jeollanam-do",2017,4,15,"cdround","https://www.inaturalist.org/observations/5780238","http://creativecommons.org/licenses/by-nc/4.0/legalcode","WGS84","1500255295","5780238",NA,NA,NA,NA,NA,NA,NA
"50c9509d-22c7-4a22-a47d-8c48425ef4a7","HUMAN_OBSERVATION","PRESENT","Gekko japonicus",126.389903,34.787913,"Jeollanam-do",2017,4,15,"cdround","https://www.inaturalist.org/observations/5780239","http://creativecommons.org/licenses/by-nc/4.0/legalcode","WGS84","1500255309","5780239",NA,NA,NA,NA,NA,NA,NA
"50c9509d-22c7-4a22-a47d-8c48425ef4a7","HUMAN_OBSERVATION","PRESENT","Gekko japonicus",126.391128,34.791159,"Jeollanam-do",2017,4,15,"cdround","https://www.inaturalist.org/observations/5780240","http://creativecommons.org/licenses/by-nc/4.0/legalcode","WGS84","1500255310","5780240",NA,NA,NA,NA,NA,NA,NA
"50c9509d-22c7-4a22-a47d-8c48425ef4a7","HUMAN_OBSERVATION","PRESENT","Gekko japonicus",129.025579,35.107577,"Busan",2017,4,20,"cdround","https://www.inaturalist.org/observations/5882841","http://creativecommons.org/licenses/by-nc/4.0/legalcode","WGS84","1500289811","5882841",NA,NA,NA,NA,NA,NA,NA
"50c9509d-22c7-4a22-a47d-8c48425ef4a7","HUMAN_OBSERVATION","PRESENT","Gekko japonicus",129.034167,35.106667,"Incheon",2017,4,19,"cdround","https://www.inaturalist.org/observations/5882840","http://creativecommons.org/licenses/by-nc/4.0/legalcode","WGS84","1500289829","5882840",NA,NA,NA,NA,NA,NA,NA
"50c9509d-22c7-4a22-a47d-8c48425ef4a7","HUMAN_OBSERVATION","PRESENT","Gekko japonicus",129.031111,35.113056,"Busan",2017,4,19,"cdround","https://www.inaturalist.org/observations/5882842","http://creativecommons.org/licenses/by-nc/4.0/legalcode","WGS84","1500289831","5882842",NA,NA,NA,NA,NA,NA,NA
"50c9509d-22c7-4a22-a47d-8c48425ef4a7","HUMAN_OBSERVATION","PRESENT","Gekko japonicus",129.291431,34.201923,"Nagasaki",2017,4,22,"cdround","https://www.inaturalist.org/observations/5931387","http://creativecommons.org/licenses/by-nc/4.0/legalcode","WGS84","1500305686","5931387",NA,NA,NA,NA,NA,NA,NA
"50c9509d-22c7-4a22-a47d-8c48425ef4a7","HUMAN_OBSERVATION","PRESENT","Gekko japonicus",129.326248,34.642247,"Nagasaki",2017,4,22,"cdround","https://www.inaturalist.org/observations/5931386","http://creativecommons.org/licenses/by-nc/4.0/legalcode","WGS84","1500305703","5931386",NA,NA,NA,NA,NA,NA,NA
"50c9509d-22c7-4a22-a47d-8c48425ef4a7","HUMAN_OBSERVATION","PRESENT","Gekko japonicus",129.398178,34.639252,"Nagasaki",2017,4,22,"cdround","https://www.inaturalist.org/observations/5931388","http://creativecommons.org/licenses/by-nc/4.0/legalcode","WGS84","1500305713","5931388",NA,NA,NA,NA,NA,NA,NA
"50c9509d-22c7-4a22-a47d-8c48425ef4a7","HUMAN_OBSERVATION","PRESENT","Gekko japonicus",129.036944,35.113056,"Busan",2017,4,19,"cdround","https://www.inaturalist.org/observations/5882843","http://creativecommons.org/licenses/by-nc/4.0/legalcode","WGS84","1586092076","5882843",NA,NA,NA,NA,NA,NA,NA
"50c9509d-22c7-4a22-a47d-8c48425ef4a7","HUMAN_OBSERVATION","PRESENT","Gekko japonicus",126.38872,34.788449,"Jeollanam-do",2017,4,25,"","https://www.inaturalist.org/observations/5950713","http://creativecommons.org/licenses/by/4.0/legalcode","WGS84","1586092285","5950713",NA,NA,NA,NA,NA,NA,NA
"50c9509d-22c7-4a22-a47d-8c48425ef4a7","HUMAN_OBSERVATION","PRESENT","Gekko japonicus",126.388752,34.788466,"Jeollanam-do",2017,4,27,"","https://www.inaturalist.org/observations/5978857","http://creativecommons.org/licenses/by/4.0/legalcode","WGS84","1586092391","5978857",NA,NA,NA,NA,NA,NA,NA
"50c9509d-22c7-4a22-a47d-8c48425ef4a7","HUMAN_OBSERVATION","PRESENT","Gekko japonicus",126.38873,34.788484,"Jeollanam-do",2017,4,30,"","https://www.inaturalist.org/observations/6020062","http://creativecommons.org/licenses/by/4.0/legalcode","WGS84","1586092579","6020062",NA,NA,NA,NA,NA,NA,NA
"50c9509d-22c7-4a22-a47d-8c48425ef4a7","HUMAN_OBSERVATION","PRESENT","Gekko japonicus",126.388725,34.78851,"Jeollanam-do",2017,5,5,"","https://www.inaturalist.org/observations/6108104","http://creativecommons.org/licenses/by/4.0/legalcode","WGS84","1562898732","6108104",NA,NA,NA,NA,NA,NA,NA
"50c9509d-22c7-4a22-a47d-8c48425ef4a7","HUMAN_OBSERVATION","PRESENT","Gekko japonicus",121.437364,31.139944,"Shanghai",2017,5,20,"cdround","https://www.inaturalist.org/observations/17403602","http://creativecommons.org/licenses/by-nc/4.0/legalcode","WGS84","1920840499","17403602",NA,NA,NA,NA,NA,NA,NA
"50c9509d-22c7-4a22-a47d-8c48425ef4a7","HUMAN_OBSERVATION","PRESENT","Gekko japonicus",129.092258,35.202111,"Busan",2017,6,12,"cdround","https://www.inaturalist.org/observations/6677107","http://creativecommons.org/licenses/by-nc/4.0/legalcode","WGS84","1586094880","6677107",NA,NA,NA,NA,NA,NA,NA
"50c9509d-22c7-4a22-a47d-8c48425ef4a7","HUMAN_OBSERVATION","PRESENT","Gekko japonicus",129.021288,35.079926,"Busan",2017,6,12,"cdround","https://www.inaturalist.org/observations/6677128","http://creativecommons.org/licenses/by-nc/4.0/legalcode","WGS84","1586094881","6677128",NA,NA,NA,NA,NA,NA,NA
"50c9509d-22c7-4a22-a47d-8c48425ef4a7","HUMAN_OBSERVATION","PRESENT","Gekko japonicus",128.994535,35.102143,"Busan",2017,6,14,"cdround","https://www.inaturalist.org/observations/6677163","http://creativecommons.org/licenses/by-nc/4.0/legalcode","WGS84","1586094882","6677163",NA,NA,NA,NA,NA,NA,NA
"50c9509d-22c7-4a22-a47d-8c48425ef4a7","HUMAN_OBSERVATION","PRESENT","Gekko japonicus",129.010595,35.097453,"Busan",2017,6,12,"cdround","https://www.inaturalist.org/observations/6677159","http://creativecommons.org/licenses/by-nc/4.0/legalcode","WGS84","1586094883","6677159",NA,NA,NA,NA,NA,NA,NA
"50c9509d-22c7-4a22-a47d-8c48425ef4a7","HUMAN_OBSERVATION","PRESENT","Gekko japonicus",129.091179,35.208845,"Busan",2017,6,12,"","https://www.inaturalist.org/observations/6676910","http://creativecommons.org/licenses/by-nc/4.0/legalcode","WGS84","1586094884","6676910",NA,NA,NA,NA,NA,NA,NA
"50c9509d-22c7-4a22-a47d-8c48425ef4a7","HUMAN_OBSERVATION","PRESENT","Gekko japonicus",129.091917,35.209968,"Busan",2017,6,12,"cdround","https://www.inaturalist.org/observations/6677113","http://creativecommons.org/licenses/by-nc/4.0/legalcode","WGS84","1586094885","6677113",NA,NA,NA,NA,NA,NA,NA
"50c9509d-22c7-4a22-a47d-8c48425ef4a7","HUMAN_OBSERVATION","PRESENT","Gekko japonicus",129.093658,35.201795,"Busan",2017,6,12,"cdround","https://www.inaturalist.org/observations/6676940","http://creativecommons.org/licenses/by-nc/4.0/legalcode","WGS84","1586094887","6676940",NA,NA,NA,NA,NA,NA,NA
"50c9509d-22c7-4a22-a47d-8c48425ef4a7","HUMAN_OBSERVATION","PRESENT","Gekko japonicus",128.964224,35.092241,"Busan",2017,6,14,"cdround","https://www.inaturalist.org/observations/6677166","http://creativecommons.org/licenses/by-nc/4.0/legalcode","WGS84","1586094895","6677166",NA,NA,NA,NA,NA,NA,NA
"50c9509d-22c7-4a22-a47d-8c48425ef4a7","HUMAN_OBSERVATION","PRESENT","Gekko japonicus",126.390275,34.78929,"Jeollanam-do",2017,7,15,"","https://www.inaturalist.org/observations/7072789","http://creativecommons.org/licenses/by/4.0/legalcode","WGS84","1586098620","7072789",NA,NA,NA,NA,NA,NA,NA
"50c9509d-22c7-4a22-a47d-8c48425ef4a7","HUMAN_OBSERVATION","PRESENT","Gekko japonicus",126.390426,34.789294,"Jeollanam-do",2017,7,23,"","https://www.inaturalist.org/observations/7285425","http://creativecommons.org/licenses/by/4.0/legalcode","WGS84","1586112490","7285425",NA,NA,NA,NA,NA,NA,NA
"50c9509d-22c7-4a22-a47d-8c48425ef4a7","HUMAN_OBSERVATION","PRESENT","Gekko japonicus",133.236008,34.843797,"Hiroshima",2016,5,30,"cdround","https://www.inaturalist.org/observations/3867468","http://creativecommons.org/licenses/by-nc/4.0/legalcode","WGS84","1315051673","3867468",NA,NA,NA,NA,NA,NA,NA
"50c9509d-22c7-4a22-a47d-8c48425ef4a7","HUMAN_OBSERVATION","PRESENT","Gekko japonicus",135.77162,35.009142,"Kyoto",2016,6,8,"","https://www.inaturalist.org/observations/34949448","http://creativecommons.org/licenses/by-nc/4.0/legalcode","WGS84","2447953220","34949448",NA,NA,NA,NA,NA,NA,NA
"50c9509d-22c7-4a22-a47d-8c48425ef4a7","HUMAN_OBSERVATION","PRESENT","Gekko japonicus",126.39125,34.789082,"Jeollanam-do",2016,8,27,"cdround","https://www.inaturalist.org/observations/3972298","http://creativecommons.org/licenses/by/4.0/legalcode","WGS84","1305164886","3972298",NA,NA,NA,NA,NA,NA,NA
"50c9509d-22c7-4a22-a47d-8c48425ef4a7","HUMAN_OBSERVATION","PRESENT","Gekko japonicus",121.404542,31.200625,"Shanghai",2016,8,19,"cdround","https://www.inaturalist.org/observations/30235792","http://creativecommons.org/licenses/by-nc/4.0/legalcode","WGS84","2331913095","30235792",NA,NA,NA,NA,NA,NA,NA
"50c9509d-22c7-4a22-a47d-8c48425ef4a7","HUMAN_OBSERVATION","PRESENT","Gekko japonicus",139.87843,35.659703,"Tokyo",2016,9,9,"cdround","https://www.inaturalist.org/observations/4076901","http://creativecommons.org/licenses/by-nc/4.0/legalcode","WGS84","1315057365","4076901",NA,NA,NA,NA,NA,NA,NA
"50c9509d-22c7-4a22-a47d-8c48425ef4a7","HUMAN_OBSERVATION","PRESENT","Gekko japonicus",128.981348,35.19392,"Busan",2016,9,25,"cdround","https://www.inaturalist.org/observations/4197102","http://creativecommons.org/licenses/by-nc/4.0/legalcode","WGS84","1323007516","4197102",NA,NA,NA,NA,NA,NA,NA
"50c9509d-22c7-4a22-a47d-8c48425ef4a7","HUMAN_OBSERVATION","PRESENT","Gekko japonicus",128.967224,35.113888,"Busan",2016,9,24,"cdround","https://www.inaturalist.org/observations/4197091","http://creativecommons.org/licenses/by-nc/4.0/legalcode","WGS84","1323007608","4197091",NA,NA,NA,NA,NA,NA,NA
"50c9509d-22c7-4a22-a47d-8c48425ef4a7","HUMAN_OBSERVATION","PRESENT","Gekko japonicus",133.701531,33.568804,"Kochi",2015,4,16,"","https://www.inaturalist.org/observations/73833389","http://creativecommons.org/publicdomain/zero/1.0/legalcode","WGS84","3090655707","73833389",NA,NA,NA,NA,NA,NA,NA
"50c9509d-22c7-4a22-a47d-8c48425ef4a7","HUMAN_OBSERVATION","PRESENT","Gekko japonicus",133.488564,33.548532,"Kochi",2015,4,22,"cdround","https://www.inaturalist.org/observations/73837141","http://creativecommons.org/publicdomain/zero/1.0/legalcode","WGS84","3090746714","73837141",NA,NA,NA,NA,NA,NA,NA
"50c9509d-22c7-4a22-a47d-8c48425ef4a7","HUMAN_OBSERVATION","PRESENT","Gekko japonicus",133.488658,33.550171,"Kochi",2015,4,14,"cdround","https://www.inaturalist.org/observations/73725411","http://creativecommons.org/publicdomain/zero/1.0/legalcode","WGS84","3090959546","73725411",NA,NA,NA,NA,NA,NA,NA
"50c9509d-22c7-4a22-a47d-8c48425ef4a7","HUMAN_OBSERVATION","PRESENT","Gekko japonicus",133.703833,33.568639,"Kochi",2015,6,17,"","https://www.inaturalist.org/observations/75349854","http://creativecommons.org/publicdomain/zero/1.0/legalcode","WGS84","3109171160","75349854",NA,NA,NA,NA,NA,NA,NA
"50c9509d-22c7-4a22-a47d-8c48425ef4a7","HUMAN_OBSERVATION","PRESENT","Gekko japonicus",135.13526,34.676371,"Hyogo",2015,9,27,"","https://www.inaturalist.org/observations/2032708","http://creativecommons.org/licenses/by/4.0/legalcode","WGS84","1143560209","2032708",NA,NA,NA,NA,NA,NA,NA
"50c9509d-22c7-4a22-a47d-8c48425ef4a7","HUMAN_OBSERVATION","PRESENT","Gekko japonicus",131.708205,33.483862,"Oita",2015,11,16,"cdround","https://www.inaturalist.org/observations/2389162","http://creativecommons.org/licenses/by-nc/4.0/legalcode","WGS84","1249275966","2389162",NA,NA,NA,NA,NA,NA,NA
"50c9509d-22c7-4a22-a47d-8c48425ef4a7","HUMAN_OBSERVATION","PRESENT","Gekko japonicus",138.383085,34.97712,"Shizuoka",2014,6,23,"cdround","https://www.inaturalist.org/observations/16463414","http://creativecommons.org/licenses/by-nc/4.0/legalcode","WGS84","1913193520","16463414",NA,NA,NA,NA,NA,NA,NA
"50c9509d-22c7-4a22-a47d-8c48425ef4a7","HUMAN_OBSERVATION","PRESENT","Gekko japonicus",135.768149,35.011564,"Kyoto",2014,7,26,"cdround","https://www.inaturalist.org/observations/49945705","http://creativecommons.org/licenses/by-nc/4.0/legalcode","WGS84","2981075397","49945705",NA,NA,NA,NA,NA,NA,NA
"50c9509d-22c7-4a22-a47d-8c48425ef4a7","HUMAN_OBSERVATION","PRESENT","Gekko japonicus",113.661342,34.769685,"Henan",2014,9,1,"cdround","https://www.inaturalist.org/observations/58609526","http://creativecommons.org/licenses/by-nc/4.0/legalcode","WGS84","2862551737","58609526",NA,NA,NA,NA,NA,NA,NA
"50c9509d-22c7-4a22-a47d-8c48425ef4a7","HUMAN_OBSERVATION","PRESENT","Gekko japonicus",120.123515,30.254034,"Zhejiang",2013,9,3,"","https://www.inaturalist.org/observations/27382087","http://creativecommons.org/licenses/by/4.0/legalcode","WGS84","3383882391","27382087",NA,NA,NA,NA,NA,NA,NA
"50c9509d-22c7-4a22-a47d-8c48425ef4a7","HUMAN_OBSERVATION","PRESENT","Gekko japonicus",128.973999,35.108675,"Busan",2011,7,14,"cdround","https://www.inaturalist.org/observations/25680","http://creativecommons.org/licenses/by/4.0/legalcode","WGS84","1322994974","25680",NA,NA,NA,NA,NA,NA,NA
"50c9509d-22c7-4a22-a47d-8c48425ef4a7","HUMAN_OBSERVATION","PRESENT","Gekko japonicus",129.020348,35.125244,"Busan",2011,7,1,"","https://www.inaturalist.org/observations/2575182","http://creativecommons.org/licenses/by/4.0/legalcode","WGS84","1322994979","2575182",NA,NA,NA,NA,NA,NA,NA
"50c9509d-22c7-4a22-a47d-8c48425ef4a7","HUMAN_OBSERVATION","PRESENT","Gekko japonicus",129.021721,35.124682,"Busan",2011,7,24,"","https://www.inaturalist.org/observations/2575266","http://creativecommons.org/licenses/by/4.0/legalcode","WGS84","1837782418","2575266",NA,NA,NA,NA,NA,NA,NA
"50c9509d-22c7-4a22-a47d-8c48425ef4a7","HUMAN_OBSERVATION","PRESENT","Gekko japonicus",121.788674,29.806877,"Zhejiang",2011,7,23,"cdround","https://www.inaturalist.org/observations/27153058","http://creativecommons.org/licenses/by/4.0/legalcode","WGS84","2999085331","27153058",NA,NA,NA,NA,NA,NA,NA
"50c9509d-22c7-4a22-a47d-8c48425ef4a7","HUMAN_OBSERVATION","PRESENT","Gekko japonicus",128.997871,35.108289,"Busan",2011,8,5,"","https://www.inaturalist.org/observations/2342063","http://creativecommons.org/licenses/by/4.0/legalcode","WGS84","1586085337","2342063",NA,NA,NA,NA,NA,NA,NA
"50c9509d-22c7-4a22-a47d-8c48425ef4a7","HUMAN_OBSERVATION","PRESENT","Gekko japonicus",128.983612,35.131141,"Busan",2011,8,2,"cdround","https://www.inaturalist.org/observations/26759","http://creativecommons.org/licenses/by/4.0/legalcode","WGS84","1802605688","26759",NA,NA,NA,NA,NA,NA,NA
"50c9509d-22c7-4a22-a47d-8c48425ef4a7","HUMAN_OBSERVATION","PRESENT","Gekko japonicus",129.092102,35.14209,"Busan",2011,9,7,"cdround","https://www.inaturalist.org/observations/30406","http://creativecommons.org/licenses/by/4.0/legalcode","WGS84","1322995943","30406",NA,NA,NA,NA,NA,NA,NA
"50c9509d-22c7-4a22-a47d-8c48425ef4a7","HUMAN_OBSERVATION","PRESENT","Gekko japonicus",129.020873,35.122304,"Busan",2011,9,14,"","https://www.inaturalist.org/observations/4626427","http://creativecommons.org/licenses/by/4.0/legalcode","WGS84","1586089268","4626427",NA,NA,NA,NA,NA,NA,NA
"50c9509d-22c7-4a22-a47d-8c48425ef4a7","HUMAN_OBSERVATION","PRESENT","Gekko japonicus",129.092789,35.149109,"Busan",2011,11,17,"cdround","https://www.inaturalist.org/observations/151465","http://creativecommons.org/licenses/by/4.0/legalcode","WGS84","1322993667","151465",NA,NA,NA,NA,NA,NA,NA
"50c9509d-22c7-4a22-a47d-8c48425ef4a7","HUMAN_OBSERVATION","PRESENT","Gekko japonicus",117.683145,27.747854,"Fujian",2010,2,8,"","https://www.inaturalist.org/observations/27001690","http://creativecommons.org/licenses/by/4.0/legalcode","WGS84","2999052324","27001690",NA,NA,NA,NA,NA,NA,NA
"d8cd16ba-bb74-4420-821e-083f2bac17c2","MATERIAL_SAMPLE","PRESENT","Gekko japonicus",120.918297,32.008202,NA,2009,10,25,"gass84","https://www.ebi.ac.uk/ena/browser/view/LNDG01000000","http://creativecommons.org/licenses/by/4.0/legalcode","WGS84","3349454175",NA," Nantong, Jiangsu province",NA,NA,NA,NA,NA,NA
"fe34f771-4df6-4f07-910b-12948dde2180","PRESERVED_SPECIMEN","PRESENT","Gekko japonicus",135.089278,34.072667,NA,2007,5,12,"cdround,gass84,colmano,inmafu",NA,"http://creativecommons.org/licenses/by-nc/4.0/legalcode","WGS84","779874686","KUZ R64259","Arita-shi, Wakayama Pref.",NA,NA,NA,NA,NA,NA
"50c9509d-22c7-4a22-a47d-8c48425ef4a7","HUMAN_OBSERVATION","PRESENT","Gekko japonicus",128.572963,35.203594,"Gyeongsangnam-do",2007,8,11,"","https://www.inaturalist.org/observations/5725271","http://creativecommons.org/licenses/by/4.0/legalcode","WGS84","1586091576","5725271",NA,NA,NA,NA,NA,NA,NA
"50c9509d-22c7-4a22-a47d-8c48425ef4a7","HUMAN_OBSERVATION","PRESENT","Gekko japonicus",139.507242,35.314716,"Kanagawa",2005,8,23,"cdround","https://www.inaturalist.org/observations/19634361","http://creativecommons.org/licenses/by-nc/4.0/legalcode","WGS84","1990496655","19634361",NA,NA,NA,NA,NA,NA,NA
"cece4fc2-1fec-4bb5-a335-7252548e3f0b","PRESERVED_SPECIMEN","PRESENT","Gekko japonicus",119.686667,30.635278,"Zhejiang Prov.",1992,7,14,"cdround",NA,"http://creativecommons.org/publicdomain/zero/1.0/legalcode","WGS84","543545900","194275","Anji (30 38 N, 119 41 E)","PhysicalObject",NA,NA,"ASIA","Alcohol","Jiaxing Pref."
"cece4fc2-1fec-4bb5-a335-7252548e3f0b","PRESERVED_SPECIMEN","PRESENT","Gekko japonicus",118.32105,29.704819,"Anhwei Prov.",1992,7,19,"cdround",NA,"http://creativecommons.org/publicdomain/zero/1.0/legalcode","WGS84","543545911","194285","along Xin'an River within 1 km of the intersection with Xuishi River, Huangshan City (Tunxi) [29 43 N, 118 19 E]","PhysicalObject",NA,NA,"ASIA","Alcohol","Huizhou Pref."
"a8ee9bc6-5914-427d-9fba-f8545250ac34","PRESERVED_SPECIMEN","PRESENT","Gekko japonicus",127.505744508835,29.5853142127682,NA,1958,8,NA,"cdrep,cdround,incomis","http://portal.vertnet.org/o/cumv/herps?id=4d48424f-5381-11e6-9649-a4a3446a4726","http://creativecommons.org/publicdomain/zero/1.0/legalcode","WGS84","1852445499","R-0011512","Kyushu","PhysicalObject",NA,NA,"ASIA","whole organism (isopropanol) - 1",NA
"4bfac3ea-8763-4f4b-a71a-76a6f5f243d3","PRESERVED_SPECIMEN","PRESENT","Gekko japonicus",127.77,26.309,"Okinawa Prefecture",1945,6,11,"colmafu,inmafu","http://mczbase.mcz.harvard.edu/guid/MCZ:Herp:R-55839","http://creativecommons.org/licenses/by-nc/4.0/legalcode","WGS84","476704263","R-55839","Chatan,Okinawa",NA,NA,NA,"ASIA","whole animal (ethanol)",NA
"4bfac3ea-8763-4f4b-a71a-76a6f5f243d3","PRESERVED_SPECIMEN","PRESENT","Gekko japonicus",127.773,26.287,"Okinawa Prefecture",1945,6,12,"colmafu,inmafu","http://mczbase.mcz.harvard.edu/guid/MCZ:Herp:R-55840","http://creativecommons.org/licenses/by-nc/4.0/legalcode","WGS84","476704264","R-55840","Futema,Okinawa",NA,NA,NA,"ASIA","whole animal (ethanol)",NA
"4bfac3ea-8763-4f4b-a71a-76a6f5f243d3","PRESERVED_SPECIMEN","PRESENT","Gekko japonicus",127.767,26.317,"Okinawa Prefecture",1945,6,17,"colmafu,inmafu","http://mczbase.mcz.harvard.edu/guid/MCZ:Herp:R-55841","http://creativecommons.org/licenses/by-nc/4.0/legalcode","WGS84","476704265","R-55841","Shido,Okinawa",NA,NA,NA,"ASIA","whole animal (ethanol)",NA
"4bfac3ea-8763-4f4b-a71a-76a6f5f243d3","PRESERVED_SPECIMEN","PRESENT","Gekko japonicus",127.924,26.606,"Okinawa Prefecture",1945,6,24,"colmafu,inmafu","http://mczbase.mcz.harvard.edu/guid/MCZ:Herp:R-55842","http://creativecommons.org/licenses/by-nc/4.0/legalcode","WGS84","476704371","R-55842","Motoho Peninsula Awa",NA,NA,NA,"ASIA","whole animal (ethanol); dissected part (SEM stub)",NA
"4bfac3ea-8763-4f4b-a71a-76a6f5f243d3","PRESERVED_SPECIMEN","PRESENT","Gekko japonicus",127.826,26.336,"Okinawa Prefecture",1945,9,26,"colmafu,inmafu","http://mczbase.mcz.harvard.edu/guid/MCZ:Herp:R-55843","http://creativecommons.org/licenses/by-nc/4.0/legalcode","WGS84","476704372","R-55843","Koza,Okinawa",NA,NA,NA,"ASIA","whole animal (ethanol)",NA
"09c4287e-e6d5-4552-a07f-bff8a00833d8","PRESERVED_SPECIMEN","PRESENT","Gekko japonicus",120.81667,21.96667,"Pingtung County",1934,5,6,"colmafu,inmafu,fpwktinv","http://arctos.database.museum/guid/MVZ:Herp:23339","http://creativecommons.org/publicdomain/zero/1.0/legalcode","WGS84","1145545008","MVZ:Herp:23339","Kuraru",NA,NA,NA,"ASIA","whole organism",NA
"4bfac3ea-8763-4f4b-a71a-76a6f5f243d3","PRESERVED_SPECIMEN","PRESENT","Gekko japonicus",119.669,29.809,"Zhejiang",1926,1,1,"colmafu,inmafu","http://mczbase.mcz.harvard.edu/guid/MCZ:Herp:R-28864","http://creativecommons.org/licenses/by-nc/4.0/legalcode","WGS84","476492567","R-28864","Tung-lu,Chekiang",NA,NA,NA,"ASIA","whole animal (ethanol)",NA
"cece4fc2-1fec-4bb5-a335-7252548e3f0b","PRESERVED_SPECIMEN","PRESENT","Gekko japonicus",119.380833,26.057814,"Fujian Prov.",1910,8,19,"cdround",NA,"http://creativecommons.org/publicdomain/zero/1.0/legalcode","WGS84","543616077","31409","Fuzhou, Guling Mtn","PhysicalObject",274.32,NA,"ASIA","Alcohol",NA
"cece4fc2-1fec-4bb5-a335-7252548e3f0b","PRESERVED_SPECIMEN","PRESENT","Gekko japonicus",121.473811,31.230289,"Shanghai Municipality",1906,6,4,"cdround",NA,"http://creativecommons.org/publicdomain/zero/1.0/legalcode","WGS84","543492961","14663","Shanghai","PhysicalObject",NA,NA,"ASIA","Alcohol",NA
"4bfac3ea-8763-4f4b-a71a-76a6f5f243d3","PRESERVED_SPECIMEN","PRESENT","Gekko japonicus",139.5,35.5,"Kanagawa Prefecture",1871,1,1,"colmafu,inmafu","http://mczbase.mcz.harvard.edu/guid/MCZ:Herp:R-7382","http://creativecommons.org/licenses/by-nc/4.0/legalcode","WGS84","476650541","R-7382","Kanagawa: Japan",NA,NA,NA,"ASIA","whole animal (ethanol)",NA
"4bfac3ea-8763-4f4b-a71a-76a6f5f243d3","PRESERVED_SPECIMEN","PRESENT","Gekko japonicus",108.938,34.262,"Shaanxi",1871,1,1,"txmathi,colmafu,inmafu","http://mczbase.mcz.harvard.edu/guid/MCZ:Herp:R-163649","http://creativecommons.org/licenses/by-nc/4.0/legalcode","WGS84","476710399","R-163649","Sian: Shensi: China",NA,NA,NA,"ASIA","whole animal (ethanol)",NA
"cece4fc2-1fec-4bb5-a335-7252548e3f0b","PRESERVED_SPECIMEN","PRESENT","Gekko japonicus",121.447961,37.46365,"Shandong Province",NA,NA,NA,"cdround",NA,"http://creativecommons.org/publicdomain/zero/1.0/legalcode","WGS84","543494372","14790","Yantai","PhysicalObject",NA,NA,"ASIA","Alcohol",NA
"cece4fc2-1fec-4bb5-a335-7252548e3f0b","PRESERVED_SPECIMEN","PRESENT","Gekko japonicus",118.796919,32.060256,"Jiangsu Prov.",NA,NA,NA,"cdround",NA,"http://creativecommons.org/publicdomain/zero/1.0/legalcode","WGS84","543653349","64955","Nanjing","PhysicalObject",NA,NA,"ASIA","Alcohol",NA
