"datasetKey","basisOfRecord","occurrenceStatus","species","decimalLongitude","decimalLatitude","stateProvince","year","month","day","issues","references","license","geodeticDatum","gbifID","catalogNumber","locality","continent","preparations","county","type","elevation","elevationAccuracy"
"50c9509d-22c7-4a22-a47d-8c48425ef4a7","HUMAN_OBSERVATION","PRESENT","Hebius sauteri",121.567863,25.183796,"Taipei",2022,3,17,"cdround","https://www.inaturalist.org/observations/108783831","http://creativecommons.org/licenses/by-nc/4.0/legalcode","WGS84","3743372304","108783831",NA,NA,NA,NA,NA,NA,NA
"50c9509d-22c7-4a22-a47d-8c48425ef4a7","HUMAN_OBSERVATION","PRESENT","Hebius sauteri",121.568467,25.104953,"Taipei",2022,4,12,"cdround","https://www.inaturalist.org/observations/111181497","http://creativecommons.org/licenses/by-nc/4.0/legalcode","WGS84","3760100734","111181497",NA,NA,NA,NA,NA,NA,NA
"50c9509d-22c7-4a22-a47d-8c48425ef4a7","HUMAN_OBSERVATION","PRESENT","Hebius sauteri",121.534522,25.145125,"Taipei",2021,3,17,"cdround","https://www.inaturalist.org/observations/112034901","http://creativecommons.org/licenses/by-nc/4.0/legalcode","WGS84","3759806592","112034901",NA,NA,NA,NA,NA,NA,NA
"50c9509d-22c7-4a22-a47d-8c48425ef4a7","HUMAN_OBSERVATION","PRESENT","Hebius sauteri",121.429919,24.795652,"Taipei",2021,5,15,"cdround","https://www.inaturalist.org/observations/78883138","http://creativecommons.org/licenses/by-nc/4.0/legalcode","WGS84","3118280877","78883138",NA,NA,NA,NA,NA,NA,NA
"50c9509d-22c7-4a22-a47d-8c48425ef4a7","HUMAN_OBSERVATION","PRESENT","Hebius sauteri",121.402579,24.683078,"Taipei",2021,5,10,"cdround","https://www.inaturalist.org/observations/78188030","http://creativecommons.org/licenses/by-nc/4.0/legalcode","WGS84","3118390565","78188030",NA,NA,NA,NA,NA,NA,NA
"50c9509d-22c7-4a22-a47d-8c48425ef4a7","HUMAN_OBSERVATION","PRESENT","Hebius sauteri",121.58812,25.120979,"Taipei",2021,5,20,"cdround","https://www.inaturalist.org/observations/79896787","http://creativecommons.org/licenses/by-nc/4.0/legalcode","WGS84","3124534604","79896787",NA,NA,NA,NA,NA,NA,NA
"50c9509d-22c7-4a22-a47d-8c48425ef4a7","HUMAN_OBSERVATION","PRESENT","Hebius sauteri",121.595292,25.121953,"Taipei",2021,6,3,"cdround","https://www.inaturalist.org/observations/81654608","http://creativecommons.org/licenses/by-nc/4.0/legalcode","WGS84","3301963908","81654608",NA,NA,NA,NA,NA,NA,NA
"50c9509d-22c7-4a22-a47d-8c48425ef4a7","HUMAN_OBSERVATION","PRESENT","Hebius sauteri",120.792997,23.66455,"Taiwan",2021,11,27,"cdround","https://www.inaturalist.org/observations/102241982","http://creativecommons.org/licenses/by-nc/4.0/legalcode","WGS84","3456574490","102241982",NA,NA,NA,NA,NA,NA,NA
"50c9509d-22c7-4a22-a47d-8c48425ef4a7","HUMAN_OBSERVATION","PRESENT","Hebius sauteri",121.773692,24.722994,"Taiwan",2020,4,18,"cdround","https://www.inaturalist.org/observations/42672257","http://creativecommons.org/licenses/by-nc/4.0/legalcode","WGS84","2609302830","42672257",NA,NA,NA,NA,NA,NA,NA
"50c9509d-22c7-4a22-a47d-8c48425ef4a7","HUMAN_OBSERVATION","PRESENT","Hebius sauteri",121.503378,25.164286,"New Taipei",2020,5,4,"cdround","https://www.inaturalist.org/observations/44960776","http://creativecommons.org/licenses/by-nc/4.0/legalcode","WGS84","2620130161","44960776",NA,NA,NA,NA,NA,NA,NA
"50c9509d-22c7-4a22-a47d-8c48425ef4a7","HUMAN_OBSERVATION","PRESENT","Hebius sauteri",121.470887,24.653503,"Taiwan",2020,6,18,"cdround","https://www.inaturalist.org/observations/50023481","http://creativecommons.org/licenses/by-nc/4.0/legalcode","WGS84","2963867376","50023481",NA,NA,NA,NA,NA,NA,NA
"50c9509d-22c7-4a22-a47d-8c48425ef4a7","HUMAN_OBSERVATION","PRESENT","Hebius sauteri",120.82013,22.853027,"Taiwan",2020,7,11,"cdround","https://www.inaturalist.org/observations/52694778","http://creativecommons.org/licenses/by-nc/4.0/legalcode","WGS84","2818737793","52694778",NA,NA,NA,NA,NA,NA,NA
"50c9509d-22c7-4a22-a47d-8c48425ef4a7","HUMAN_OBSERVATION","PRESENT","Hebius sauteri",121.409571,24.651721,"Taipei",2020,9,26,"","https://www.inaturalist.org/observations/61085493","http://creativecommons.org/licenses/by-nc/4.0/legalcode","WGS84","2874007430","61085493",NA,NA,NA,NA,NA,NA,NA
"50c9509d-22c7-4a22-a47d-8c48425ef4a7","HUMAN_OBSERVATION","PRESENT","Hebius sauteri",121.409478,24.651997,"Taipei",2020,9,26,"cdround","https://www.inaturalist.org/observations/60926114","http://creativecommons.org/licenses/by/4.0/legalcode","WGS84","3415416493","60926114",NA,NA,NA,NA,NA,NA,NA
"50c9509d-22c7-4a22-a47d-8c48425ef4a7","HUMAN_OBSERVATION","PRESENT","Hebius sauteri",121.611611,24.701074,"Taiwan",2020,11,1,"cdround","https://www.inaturalist.org/observations/64335584","http://creativecommons.org/licenses/by-nc/4.0/legalcode","WGS84","2981115374","64335584",NA,NA,NA,NA,NA,NA,NA
"50c9509d-22c7-4a22-a47d-8c48425ef4a7","HUMAN_OBSERVATION","PRESENT","Hebius sauteri",121.637953,24.190971,"Taiwan",2019,4,7,"cdround","https://www.inaturalist.org/observations/75178441","http://creativecommons.org/licenses/by-nc/4.0/legalcode","WGS84","3109298857","75178441",NA,NA,NA,NA,NA,NA,NA
"50c9509d-22c7-4a22-a47d-8c48425ef4a7","HUMAN_OBSERVATION","PRESENT","Hebius sauteri",120.513336,23.318447,"Tainan",2019,5,25,"cdround","https://www.inaturalist.org/observations/25929686","http://creativecommons.org/licenses/by-nc/4.0/legalcode","WGS84","2251937013","25929686",NA,NA,NA,NA,NA,NA,NA
"50c9509d-22c7-4a22-a47d-8c48425ef4a7","HUMAN_OBSERVATION","PRESENT","Hebius sauteri",121.482612,24.748536,"Taipei",2019,7,29,"cdround","https://www.inaturalist.org/observations/48229601","http://creativecommons.org/licenses/by-nc/4.0/legalcode","WGS84","2634493029","48229601",NA,NA,NA,NA,NA,NA,NA
"50c9509d-22c7-4a22-a47d-8c48425ef4a7","HUMAN_OBSERVATION","PRESENT","Hebius sauteri",120.787903,24.169347,"Taichung",2019,8,25,"cdround","https://www.inaturalist.org/observations/31846497","http://creativecommons.org/licenses/by-nc/4.0/legalcode","WGS84","2397644217","31846497",NA,NA,NA,NA,NA,NA,NA
"50c9509d-22c7-4a22-a47d-8c48425ef4a7","HUMAN_OBSERVATION","PRESENT","Hebius sauteri",121.522622,25.18815,"New Taipei",2019,9,8,"cdround","https://www.inaturalist.org/observations/32320421","http://creativecommons.org/licenses/by-nc/4.0/legalcode","WGS84","2460126792","32320421",NA,NA,NA,NA,NA,NA,NA
"50c9509d-22c7-4a22-a47d-8c48425ef4a7","HUMAN_OBSERVATION","PRESENT","Hebius sauteri",112.893469,31.075708,"Hubei",2019,9,14,"cdround","https://www.inaturalist.org/observations/109280844","http://creativecommons.org/licenses/by-nc/4.0/legalcode","WGS84","3859287981","109280844",NA,NA,NA,NA,NA,NA,NA
"50c9509d-22c7-4a22-a47d-8c48425ef4a7","HUMAN_OBSERVATION","PRESENT","Hebius sauteri",121.47616,24.965042,"New Taipei",2018,5,18,"cdround","https://www.inaturalist.org/observations/12602816","http://creativecommons.org/licenses/by-nc/4.0/legalcode","WGS84","1847554393","12602816",NA,NA,NA,NA,NA,NA,NA
"50c9509d-22c7-4a22-a47d-8c48425ef4a7","HUMAN_OBSERVATION","PRESENT","Hebius sauteri",121.520073,25.183887,"New Taipei",2018,5,31,"cdround","https://www.inaturalist.org/observations/12971480","http://creativecommons.org/licenses/by-nc/4.0/legalcode","WGS84","1848775249","12971480",NA,NA,NA,NA,NA,NA,NA
"50c9509d-22c7-4a22-a47d-8c48425ef4a7","HUMAN_OBSERVATION","PRESENT","Hebius sauteri",121.516693,25.181749,"New Taipei",2018,5,30,"cdround","https://www.inaturalist.org/observations/98786565","http://creativecommons.org/licenses/by-nc/4.0/legalcode","WGS84","3399257534","98786565",NA,NA,NA,NA,NA,NA,NA
"50c9509d-22c7-4a22-a47d-8c48425ef4a7","HUMAN_OBSERVATION","PRESENT","Hebius sauteri",120.802263,23.829659,"Taiwan",2018,8,12,"cdround","https://www.inaturalist.org/observations/38601670","http://creativecommons.org/licenses/by-nc/4.0/legalcode","WGS84","2573933799","38601670",NA,NA,NA,NA,NA,NA,NA
"50c9509d-22c7-4a22-a47d-8c48425ef4a7","HUMAN_OBSERVATION","PRESENT","Hebius sauteri",121.148056,24.749444,"Taiwan",2018,10,6,"cdround","https://www.inaturalist.org/observations/17268311","http://creativecommons.org/licenses/by-nc/4.0/legalcode","WGS84","2626124399","17268311",NA,NA,NA,NA,NA,NA,NA
"db09684b-0fd1-431e-b5fa-4c1532fbdb14","HUMAN_OBSERVATION","PRESENT","Hebius sauteri",120.758432,24.185332,NA,2017,1,4,"cudc,gass84,rdativ,osiic",NA,"http://creativecommons.org/licenses/by/4.0/legalcode","WGS84","1864143309",NA,NA,NA,NA,NA,NA,NA,NA
"db09684b-0fd1-431e-b5fa-4c1532fbdb14","HUMAN_OBSERVATION","PRESENT","Hebius sauteri",120.58311,23.5184,NA,2017,1,9,"cudc,gass84,rdativ,osiic",NA,"http://creativecommons.org/licenses/by/4.0/legalcode","WGS84","1864143729",NA,NA,NA,NA,NA,NA,NA,NA
"db09684b-0fd1-431e-b5fa-4c1532fbdb14","HUMAN_OBSERVATION","PRESENT","Hebius sauteri",121.40651,24.67395,NA,2017,4,9,"cudc,gass84,rdativ,osiic",NA,"http://creativecommons.org/licenses/by/4.0/legalcode","WGS84","1864145192",NA,NA,NA,NA,NA,NA,NA,NA
"db09684b-0fd1-431e-b5fa-4c1532fbdb14","HUMAN_OBSERVATION","PRESENT","Hebius sauteri",121.50079,24.60547,NA,2017,4,12,"cudc,gass84,rdativ,osiic",NA,"http://creativecommons.org/licenses/by/4.0/legalcode","WGS84","1864145217",NA,NA,NA,NA,NA,NA,NA,NA
"db09684b-0fd1-431e-b5fa-4c1532fbdb14","HUMAN_OBSERVATION","PRESENT","Hebius sauteri",120.855041,22.241318,NA,2017,4,15,"cudc,gass84,rdativ,osiic",NA,"http://creativecommons.org/licenses/by/4.0/legalcode","WGS84","1864145253",NA,NA,NA,NA,NA,NA,NA,NA
"db09684b-0fd1-431e-b5fa-4c1532fbdb14","HUMAN_OBSERVATION","PRESENT","Hebius sauteri",121.400977,24.67373,NA,2017,4,21,"cudc,gass84,rdativ,osiic",NA,"http://creativecommons.org/licenses/by/4.0/legalcode","WGS84","1864145496",NA,NA,NA,NA,NA,NA,NA,NA
"db09684b-0fd1-431e-b5fa-4c1532fbdb14","HUMAN_OBSERVATION","PRESENT","Hebius sauteri",121.35107,24.73424,NA,2017,6,2,"cudc,gass84,rdativ,osiic",NA,"http://creativecommons.org/licenses/by/4.0/legalcode","WGS84","1864147842",NA,NA,NA,NA,NA,NA,NA,NA
"db09684b-0fd1-431e-b5fa-4c1532fbdb14","HUMAN_OBSERVATION","PRESENT","Hebius sauteri",121.3047,25.05431,NA,2017,6,5,"cudc,gass84,rdativ,osiic",NA,"http://creativecommons.org/licenses/by/4.0/legalcode","WGS84","1864147897",NA,NA,NA,NA,NA,NA,NA,NA
"db09684b-0fd1-431e-b5fa-4c1532fbdb14","HUMAN_OBSERVATION","PRESENT","Hebius sauteri",121.52759,25.18545,NA,2017,6,10,"cudc,gass84,rdativ,osiic",NA,"http://creativecommons.org/licenses/by/4.0/legalcode","WGS84","1864148318",NA,NA,NA,NA,NA,NA,NA,NA
"db09684b-0fd1-431e-b5fa-4c1532fbdb14","HUMAN_OBSERVATION","PRESENT","Hebius sauteri",121.849071,25.111136,NA,2017,6,13,"cudc,gass84,rdativ,osiic",NA,"http://creativecommons.org/licenses/by/4.0/legalcode","WGS84","1864148395",NA,NA,NA,NA,NA,NA,NA,NA
"db09684b-0fd1-431e-b5fa-4c1532fbdb14","HUMAN_OBSERVATION","PRESENT","Hebius sauteri",121.31732,25.0574,NA,2017,6,20,"cudc,gass84,rdativ,osiic",NA,"http://creativecommons.org/licenses/by/4.0/legalcode","WGS84","1864148727",NA,NA,NA,NA,NA,NA,NA,NA
"db09684b-0fd1-431e-b5fa-4c1532fbdb14","HUMAN_OBSERVATION","PRESENT","Hebius sauteri",121.31335,25.0555,NA,2017,6,22,"cudc,gass84,rdativ,osiic",NA,"http://creativecommons.org/licenses/by/4.0/legalcode","WGS84","1864148743",NA,NA,NA,NA,NA,NA,NA,NA
"db09684b-0fd1-431e-b5fa-4c1532fbdb14","HUMAN_OBSERVATION","PRESENT","Hebius sauteri",121.33881,25.06217,NA,2017,6,27,"cudc,gass84,rdativ,osiic",NA,"http://creativecommons.org/licenses/by/4.0/legalcode","WGS84","1864149107",NA,NA,NA,NA,NA,NA,NA,NA
"db09684b-0fd1-431e-b5fa-4c1532fbdb14","HUMAN_OBSERVATION","PRESENT","Hebius sauteri",121.53312,25.18182,NA,2017,6,30,"cudc,gass84,rdativ,osiic",NA,"http://creativecommons.org/licenses/by/4.0/legalcode","WGS84","1864149398",NA,NA,NA,NA,NA,NA,NA,NA
"db09684b-0fd1-431e-b5fa-4c1532fbdb14","HUMAN_OBSERVATION","PRESENT","Hebius sauteri",120.85093,24.03121,NA,2017,7,1,"cudc,gass84,rdativ,osiic",NA,"http://creativecommons.org/licenses/by/4.0/legalcode","WGS84","1864149469",NA,NA,NA,NA,NA,NA,NA,NA
"db09684b-0fd1-431e-b5fa-4c1532fbdb14","HUMAN_OBSERVATION","PRESENT","Hebius sauteri",121.32353,25.0585,NA,2017,7,5,"cudc,gass84,rdativ,osiic",NA,"http://creativecommons.org/licenses/by/4.0/legalcode","WGS84","1864149497",NA,NA,NA,NA,NA,NA,NA,NA
"db09684b-0fd1-431e-b5fa-4c1532fbdb14","HUMAN_OBSERVATION","PRESENT","Hebius sauteri",121.63598,24.7528,NA,2017,7,16,"cudc,gass84,rdativ,osiic",NA,"http://creativecommons.org/licenses/by/4.0/legalcode","WGS84","1864150468",NA,NA,NA,NA,NA,NA,NA,NA
"db09684b-0fd1-431e-b5fa-4c1532fbdb14","HUMAN_OBSERVATION","PRESENT","Hebius sauteri",121.409242,24.651767,NA,2017,7,19,"cudc,gass84,rdativ,osiic",NA,"http://creativecommons.org/licenses/by/4.0/legalcode","WGS84","1864150827",NA,NA,NA,NA,NA,NA,NA,NA
"db09684b-0fd1-431e-b5fa-4c1532fbdb14","HUMAN_OBSERVATION","PRESENT","Hebius sauteri",121.00788,24.75219,NA,2017,7,21,"cudc,gass84,rdativ,osiic",NA,"http://creativecommons.org/licenses/by/4.0/legalcode","WGS84","1864150903",NA,NA,NA,NA,NA,NA,NA,NA
"db09684b-0fd1-431e-b5fa-4c1532fbdb14","HUMAN_OBSERVATION","PRESENT","Hebius sauteri",121.67982,24.91184,NA,2017,7,25,"cudc,gass84,rdativ,osiic",NA,"http://creativecommons.org/licenses/by/4.0/legalcode","WGS84","1864151161",NA,NA,NA,NA,NA,NA,NA,NA
"50c9509d-22c7-4a22-a47d-8c48425ef4a7","HUMAN_OBSERVATION","PRESENT","Hebius sauteri",121.53963,25.162618,"Taipei",2017,7,1,"cdround","https://www.inaturalist.org/observations/14016831","http://creativecommons.org/licenses/by-nc/4.0/legalcode","WGS84","1898785400","14016831",NA,NA,NA,NA,NA,NA,NA
"db09684b-0fd1-431e-b5fa-4c1532fbdb14","HUMAN_OBSERVATION","PRESENT","Hebius sauteri",121.56682,25.10728,NA,2017,8,4,"cudc,gass84,rdativ,osiic",NA,"http://creativecommons.org/licenses/by/4.0/legalcode","WGS84","1864151956",NA,NA,NA,NA,NA,NA,NA,NA
"db09684b-0fd1-431e-b5fa-4c1532fbdb14","HUMAN_OBSERVATION","PRESENT","Hebius sauteri",121.31593,25.05744,NA,2017,8,7,"cudc,gass84,rdativ,osiic",NA,"http://creativecommons.org/licenses/by/4.0/legalcode","WGS84","1864152166",NA,NA,NA,NA,NA,NA,NA,NA
"db09684b-0fd1-431e-b5fa-4c1532fbdb14","HUMAN_OBSERVATION","PRESENT","Hebius sauteri",121.40636,24.66733,NA,2017,8,13,"cudc,gass84,rdativ,osiic",NA,"http://creativecommons.org/licenses/by/4.0/legalcode","WGS84","1864152517",NA,NA,NA,NA,NA,NA,NA,NA
"db09684b-0fd1-431e-b5fa-4c1532fbdb14","HUMAN_OBSERVATION","PRESENT","Hebius sauteri",120.83582,23.94412,NA,2017,8,21,"cudc,gass84,rdativ,osiic",NA,"http://creativecommons.org/licenses/by/4.0/legalcode","WGS84","1864153052",NA,NA,NA,NA,NA,NA,NA,NA
"db09684b-0fd1-431e-b5fa-4c1532fbdb14","HUMAN_OBSERVATION","PRESENT","Hebius sauteri",121.63648,24.75016,NA,2017,8,20,"cudc,gass84,rdativ,osiic",NA,"http://creativecommons.org/licenses/by/4.0/legalcode","WGS84","1864153212",NA,NA,NA,NA,NA,NA,NA,NA
"db09684b-0fd1-431e-b5fa-4c1532fbdb14","HUMAN_OBSERVATION","PRESENT","Hebius sauteri",120.7273,23.63347,NA,2017,8,27,"cudc,gass84,rdativ,osiic",NA,"http://creativecommons.org/licenses/by/4.0/legalcode","WGS84","1864153252",NA,NA,NA,NA,NA,NA,NA,NA
"db09684b-0fd1-431e-b5fa-4c1532fbdb14","HUMAN_OBSERVATION","PRESENT","Hebius sauteri",121.53359,25.18178,NA,2017,9,9,"cudc,gass84,rdativ,osiic",NA,"http://creativecommons.org/licenses/by/4.0/legalcode","WGS84","1864153657",NA,NA,NA,NA,NA,NA,NA,NA
"db09684b-0fd1-431e-b5fa-4c1532fbdb14","HUMAN_OBSERVATION","PRESENT","Hebius sauteri",120.836218,23.941049,NA,2017,9,10,"cudc,gass84,rdativ,osiic",NA,"http://creativecommons.org/licenses/by/4.0/legalcode","WGS84","1864153806",NA,NA,NA,NA,NA,NA,NA,NA
"db09684b-0fd1-431e-b5fa-4c1532fbdb14","HUMAN_OBSERVATION","PRESENT","Hebius sauteri",121.362652,24.811356,NA,2017,9,23,"cudc,gass84,rdativ,osiic",NA,"http://creativecommons.org/licenses/by/4.0/legalcode","WGS84","1864153970",NA,NA,NA,NA,NA,NA,NA,NA
"db09684b-0fd1-431e-b5fa-4c1532fbdb14","HUMAN_OBSERVATION","PRESENT","Hebius sauteri",120.76855,23.95335,NA,2017,9,18,"cudc,gass84,rdativ,osiic",NA,"http://creativecommons.org/licenses/by/4.0/legalcode","WGS84","1864154067",NA,NA,NA,NA,NA,NA,NA,NA
"db09684b-0fd1-431e-b5fa-4c1532fbdb14","HUMAN_OBSERVATION","PRESENT","Hebius sauteri",120.71506,23.47669,NA,2017,9,24,"cudc,gass84,rdativ,osiic",NA,"http://creativecommons.org/licenses/by/4.0/legalcode","WGS84","1864154483",NA,NA,NA,NA,NA,NA,NA,NA
"db09684b-0fd1-431e-b5fa-4c1532fbdb14","HUMAN_OBSERVATION","PRESENT","Hebius sauteri",121.14546,24.6935,NA,2017,10,1,"cudc,gass84,rdativ,osiic",NA,"http://creativecommons.org/licenses/by/4.0/legalcode","WGS84","1864154690",NA,NA,NA,NA,NA,NA,NA,NA
"db09684b-0fd1-431e-b5fa-4c1532fbdb14","HUMAN_OBSERVATION","PRESENT","Hebius sauteri",120.72878,22.74878,NA,2017,10,9,"cudc,gass84,rdativ,osiic",NA,"http://creativecommons.org/licenses/by/4.0/legalcode","WGS84","1864155273",NA,NA,NA,NA,NA,NA,NA,NA
"db09684b-0fd1-431e-b5fa-4c1532fbdb14","HUMAN_OBSERVATION","PRESENT","Hebius sauteri",120.7447,24.42351,NA,2017,10,26,"cudc,gass84,rdativ,osiic",NA,"http://creativecommons.org/licenses/by/4.0/legalcode","WGS84","1864155918",NA,NA,NA,NA,NA,NA,NA,NA
"db09684b-0fd1-431e-b5fa-4c1532fbdb14","HUMAN_OBSERVATION","PRESENT","Hebius sauteri",121.57749,25.1145,NA,2017,11,11,"cudc,gass84,rdativ,osiic",NA,"http://creativecommons.org/licenses/by/4.0/legalcode","WGS84","1864156922",NA,NA,NA,NA,NA,NA,NA,NA
"db09684b-0fd1-431e-b5fa-4c1532fbdb14","HUMAN_OBSERVATION","PRESENT","Hebius sauteri",121.585319,25.117567,NA,2016,4,4,"cudc,gass84,rdativ,osiic",NA,"http://creativecommons.org/licenses/by/4.0/legalcode","WGS84","1864135362",NA,NA,NA,NA,NA,NA,NA,NA
"db09684b-0fd1-431e-b5fa-4c1532fbdb14","HUMAN_OBSERVATION","PRESENT","Hebius sauteri",121.63782,24.74938,NA,2016,4,3,"cudc,gass84,rdativ,osiic",NA,"http://creativecommons.org/licenses/by/4.0/legalcode","WGS84","1864135648",NA,NA,NA,NA,NA,NA,NA,NA
"db09684b-0fd1-431e-b5fa-4c1532fbdb14","HUMAN_OBSERVATION","PRESENT","Hebius sauteri",121.344154,25.058938,NA,2016,4,7,"cudc,gass84,rdativ,osiic",NA,"http://creativecommons.org/licenses/by/4.0/legalcode","WGS84","1864135777",NA,NA,NA,NA,NA,NA,NA,NA
"db09684b-0fd1-431e-b5fa-4c1532fbdb14","HUMAN_OBSERVATION","PRESENT","Hebius sauteri",121.576329,23.992387,NA,2016,4,8,"cudc,gass84,rdativ,osiic",NA,"http://creativecommons.org/licenses/by/4.0/legalcode","WGS84","1864135927",NA,NA,NA,NA,NA,NA,NA,NA
"db09684b-0fd1-431e-b5fa-4c1532fbdb14","HUMAN_OBSERVATION","PRESENT","Hebius sauteri",121.535666,23.990997,NA,2016,5,8,"cudc,gass84,rdativ,osiic",NA,"http://creativecommons.org/licenses/by/4.0/legalcode","WGS84","1864136984",NA,NA,NA,NA,NA,NA,NA,NA
"db09684b-0fd1-431e-b5fa-4c1532fbdb14","HUMAN_OBSERVATION","PRESENT","Hebius sauteri",121.329731,25.059948,NA,2016,6,1,"cudc,gass84,rdativ,osiic",NA,"http://creativecommons.org/licenses/by/4.0/legalcode","WGS84","1864137486",NA,NA,NA,NA,NA,NA,NA,NA
"db09684b-0fd1-431e-b5fa-4c1532fbdb14","HUMAN_OBSERVATION","PRESENT","Hebius sauteri",121.13262,24.69753,NA,2016,6,4,"cudc,gass84,rdativ,osiic",NA,"http://creativecommons.org/licenses/by/4.0/legalcode","WGS84","1864137643",NA,NA,NA,NA,NA,NA,NA,NA
"db09684b-0fd1-431e-b5fa-4c1532fbdb14","HUMAN_OBSERVATION","PRESENT","Hebius sauteri",121.475549,24.647934,NA,2016,6,6,"cudc,gass84,rdativ,osiic",NA,"http://creativecommons.org/licenses/by/4.0/legalcode","WGS84","1864137844",NA,NA,NA,NA,NA,NA,NA,NA
"db09684b-0fd1-431e-b5fa-4c1532fbdb14","HUMAN_OBSERVATION","PRESENT","Hebius sauteri",121.524258,25.188299,NA,2016,6,19,"cudc,gass84,rdativ,osiic",NA,"http://creativecommons.org/licenses/by/4.0/legalcode","WGS84","1864137886",NA,NA,NA,NA,NA,NA,NA,NA
"db09684b-0fd1-431e-b5fa-4c1532fbdb14","HUMAN_OBSERVATION","PRESENT","Hebius sauteri",121.340601,25.060466,NA,2016,6,21,"cudc,gass84,rdativ,osiic",NA,"http://creativecommons.org/licenses/by/4.0/legalcode","WGS84","1864138309",NA,NA,NA,NA,NA,NA,NA,NA
"db09684b-0fd1-431e-b5fa-4c1532fbdb14","HUMAN_OBSERVATION","PRESENT","Hebius sauteri",121.547401,25.177925,NA,2016,7,1,"cudc,gass84,rdativ,osiic",NA,"http://creativecommons.org/licenses/by/4.0/legalcode","WGS84","1864138293",NA,NA,NA,NA,NA,NA,NA,NA
"db09684b-0fd1-431e-b5fa-4c1532fbdb14","HUMAN_OBSERVATION","PRESENT","Hebius sauteri",121.51966,23.916461,NA,2016,7,9,"cudc,gass84,rdativ,osiic",NA,"http://creativecommons.org/licenses/by/4.0/legalcode","WGS84","1864138755",NA,NA,NA,NA,NA,NA,NA,NA
"db09684b-0fd1-431e-b5fa-4c1532fbdb14","HUMAN_OBSERVATION","PRESENT","Hebius sauteri",121.308159,25.054623,NA,2016,7,11,"cudc,gass84,rdativ,osiic",NA,"http://creativecommons.org/licenses/by/4.0/legalcode","WGS84","1864138789",NA,NA,NA,NA,NA,NA,NA,NA
"db09684b-0fd1-431e-b5fa-4c1532fbdb14","HUMAN_OBSERVATION","PRESENT","Hebius sauteri",121.344708,25.058617,NA,2016,7,20,"cudc,gass84,rdativ,osiic",NA,"http://creativecommons.org/licenses/by/4.0/legalcode","WGS84","1864138934",NA,NA,NA,NA,NA,NA,NA,NA
"db09684b-0fd1-431e-b5fa-4c1532fbdb14","HUMAN_OBSERVATION","PRESENT","Hebius sauteri",121.635282,24.754095,NA,2016,7,14,"cudc,gass84,rdativ,osiic",NA,"http://creativecommons.org/licenses/by/4.0/legalcode","WGS84","1864139056",NA,NA,NA,NA,NA,NA,NA,NA
"db09684b-0fd1-431e-b5fa-4c1532fbdb14","HUMAN_OBSERVATION","PRESENT","Hebius sauteri",120.912053,24.242423,NA,2016,7,27,"cudc,gass84,rdativ,osiic",NA,"http://creativecommons.org/licenses/by/4.0/legalcode","WGS84","1864139522",NA,NA,NA,NA,NA,NA,NA,NA
"db09684b-0fd1-431e-b5fa-4c1532fbdb14","HUMAN_OBSERVATION","PRESENT","Hebius sauteri",121.343762,25.059145,NA,2016,7,27,"cudc,gass84,rdativ,osiic",NA,"http://creativecommons.org/licenses/by/4.0/legalcode","WGS84","1864139687",NA,NA,NA,NA,NA,NA,NA,NA
"db09684b-0fd1-431e-b5fa-4c1532fbdb14","HUMAN_OBSERVATION","PRESENT","Hebius sauteri",121.333102,25.062076,NA,2016,8,2,"cudc,gass84,rdativ,osiic",NA,"http://creativecommons.org/licenses/by/4.0/legalcode","WGS84","1864139718",NA,NA,NA,NA,NA,NA,NA,NA
"db09684b-0fd1-431e-b5fa-4c1532fbdb14","HUMAN_OBSERVATION","PRESENT","Hebius sauteri",120.887356,24.219202,NA,2016,8,19,"cudc,gass84,rdativ,osiic",NA,"http://creativecommons.org/licenses/by/4.0/legalcode","WGS84","1864140283",NA,NA,NA,NA,NA,NA,NA,NA
"db09684b-0fd1-431e-b5fa-4c1532fbdb14","HUMAN_OBSERVATION","PRESENT","Hebius sauteri",121.42896,24.647892,NA,2016,8,30,"cudc,gass84,rdativ,osiic",NA,"http://creativecommons.org/licenses/by/4.0/legalcode","WGS84","1864140807",NA,NA,NA,NA,NA,NA,NA,NA
"db09684b-0fd1-431e-b5fa-4c1532fbdb14","HUMAN_OBSERVATION","PRESENT","Hebius sauteri",121.14006,23.13299,NA,2016,9,6,"cudc,gass84,rdativ,osiic",NA,"http://creativecommons.org/licenses/by/4.0/legalcode","WGS84","1864141210",NA,NA,NA,NA,NA,NA,NA,NA
"db09684b-0fd1-431e-b5fa-4c1532fbdb14","HUMAN_OBSERVATION","PRESENT","Hebius sauteri",121.347694,24.716803,NA,2016,9,25,"cudc,gass84,rdativ,osiic",NA,"http://creativecommons.org/licenses/by/4.0/legalcode","WGS84","1864141231",NA,NA,NA,NA,NA,NA,NA,NA
"db09684b-0fd1-431e-b5fa-4c1532fbdb14","HUMAN_OBSERVATION","PRESENT","Hebius sauteri",121.334829,25.062586,NA,2016,9,25,"cudc,gass84,rdativ,osiic",NA,"http://creativecommons.org/licenses/by/4.0/legalcode","WGS84","1864141447",NA,NA,NA,NA,NA,NA,NA,NA
"db09684b-0fd1-431e-b5fa-4c1532fbdb14","HUMAN_OBSERVATION","PRESENT","Hebius sauteri",121.409939,24.833297,NA,2016,9,25,"cudc,gass84,rdativ,osiic",NA,"http://creativecommons.org/licenses/by/4.0/legalcode","WGS84","1864141457",NA,NA,NA,NA,NA,NA,NA,NA
"db09684b-0fd1-431e-b5fa-4c1532fbdb14","HUMAN_OBSERVATION","PRESENT","Hebius sauteri",120.901024,23.897175,NA,2016,10,17,"cudc,gass84,rdativ,osiic",NA,"http://creativecommons.org/licenses/by/4.0/legalcode","WGS84","1864141552",NA,NA,NA,NA,NA,NA,NA,NA
"db09684b-0fd1-431e-b5fa-4c1532fbdb14","HUMAN_OBSERVATION","PRESENT","Hebius sauteri",120.782583,24.192537,NA,2016,11,16,"cudc,gass84,rdativ,osiic",NA,"http://creativecommons.org/licenses/by/4.0/legalcode","WGS84","1864142353",NA,NA,NA,NA,NA,NA,NA,NA
"db09684b-0fd1-431e-b5fa-4c1532fbdb14","HUMAN_OBSERVATION","PRESENT","Hebius sauteri",120.78446,24.184794,NA,2016,11,13,"cudc,gass84,rdativ,osiic",NA,"http://creativecommons.org/licenses/by/4.0/legalcode","WGS84","1864142650",NA,NA,NA,NA,NA,NA,NA,NA
"db09684b-0fd1-431e-b5fa-4c1532fbdb14","HUMAN_OBSERVATION","PRESENT","Hebius sauteri",120.755389,23.460087,NA,2016,12,3,"cudc,gass84,rdativ,osiic",NA,"http://creativecommons.org/licenses/by/4.0/legalcode","WGS84","1864142702",NA,NA,NA,NA,NA,NA,NA,NA
"db09684b-0fd1-431e-b5fa-4c1532fbdb14","HUMAN_OBSERVATION","PRESENT","Hebius sauteri",120.96258,24.35812,NA,2016,12,8,"cudc,gass84,rdativ,osiic",NA,"http://creativecommons.org/licenses/by/4.0/legalcode","WGS84","1864143008",NA,NA,NA,NA,NA,NA,NA,NA
"db09684b-0fd1-431e-b5fa-4c1532fbdb14","HUMAN_OBSERVATION","PRESENT","Hebius sauteri",121.344226,25.058922,NA,2015,3,19,"cudc,gass84,rdativ,osiic",NA,"http://creativecommons.org/licenses/by/4.0/legalcode","WGS84","1864126530",NA,NA,NA,NA,NA,NA,NA,NA
"db09684b-0fd1-431e-b5fa-4c1532fbdb14","HUMAN_OBSERVATION","PRESENT","Hebius sauteri",121.393296,24.675745,NA,2015,4,7,"cudc,gass84,rdativ,osiic",NA,"http://creativecommons.org/licenses/by/4.0/legalcode","WGS84","1864127078",NA,NA,NA,NA,NA,NA,NA,NA
"db09684b-0fd1-431e-b5fa-4c1532fbdb14","HUMAN_OBSERVATION","PRESENT","Hebius sauteri",121.344681,25.058572,NA,2015,4,22,"cudc,gass84,rdativ,osiic",NA,"http://creativecommons.org/licenses/by/4.0/legalcode","WGS84","1864127283",NA,NA,NA,NA,NA,NA,NA,NA
"db09684b-0fd1-431e-b5fa-4c1532fbdb14","HUMAN_OBSERVATION","PRESENT","Hebius sauteri",121.407232,24.672018,NA,2015,5,1,"cudc,gass84,rdativ,osiic",NA,"http://creativecommons.org/licenses/by/4.0/legalcode","WGS84","1864127626",NA,NA,NA,NA,NA,NA,NA,NA
"db09684b-0fd1-431e-b5fa-4c1532fbdb14","HUMAN_OBSERVATION","PRESENT","Hebius sauteri",121.331325,25.060359,NA,2015,5,11,"cudc,gass84,rdativ,osiic",NA,"http://creativecommons.org/licenses/by/4.0/legalcode","WGS84","1864127786",NA,NA,NA,NA,NA,NA,NA,NA
"db09684b-0fd1-431e-b5fa-4c1532fbdb14","HUMAN_OBSERVATION","PRESENT","Hebius sauteri",121.34279,25.065732,NA,2015,5,14,"cudc,gass84,rdativ,osiic",NA,"http://creativecommons.org/licenses/by/4.0/legalcode","WGS84","1864128038",NA,NA,NA,NA,NA,NA,NA,NA
"db09684b-0fd1-431e-b5fa-4c1532fbdb14","HUMAN_OBSERVATION","PRESENT","Hebius sauteri",121.28592,24.65856,NA,2015,5,18,"cudc,gass84,rdativ,osiic",NA,"http://creativecommons.org/licenses/by/4.0/legalcode","WGS84","1864128078",NA,NA,NA,NA,NA,NA,NA,NA
"db09684b-0fd1-431e-b5fa-4c1532fbdb14","HUMAN_OBSERVATION","PRESENT","Hebius sauteri",121.568296,24.972898,NA,2015,5,18,"cudc,gass84,rdativ,osiic",NA,"http://creativecommons.org/licenses/by/4.0/legalcode","WGS84","1864128094",NA,NA,NA,NA,NA,NA,NA,NA
"db09684b-0fd1-431e-b5fa-4c1532fbdb14","HUMAN_OBSERVATION","PRESENT","Hebius sauteri",121.325283,25.058522,NA,2015,5,29,"cudc,gass84,rdativ,osiic",NA,"http://creativecommons.org/licenses/by/4.0/legalcode","WGS84","1864128446",NA,NA,NA,NA,NA,NA,NA,NA
"50c9509d-22c7-4a22-a47d-8c48425ef4a7","HUMAN_OBSERVATION","PRESENT","Hebius sauteri",121.492481,23.900944,"Taiwan",2015,6,22,"cdround","https://www.inaturalist.org/observations/9468989","http://creativecommons.org/licenses/by-nc/4.0/legalcode","WGS84","1805396408","9468989",NA,NA,NA,NA,NA,NA,NA
"db09684b-0fd1-431e-b5fa-4c1532fbdb14","HUMAN_OBSERVATION","PRESENT","Hebius sauteri",120.72699,23.05671,NA,2015,6,7,"cudc,gass84,rdativ,osiic",NA,"http://creativecommons.org/licenses/by/4.0/legalcode","WGS84","1864128708",NA,NA,NA,NA,NA,NA,NA,NA
"db09684b-0fd1-431e-b5fa-4c1532fbdb14","HUMAN_OBSERVATION","PRESENT","Hebius sauteri",120.504286,23.339825,NA,2015,6,17,"cudc,gass84,rdativ,osiic",NA,"http://creativecommons.org/licenses/by/4.0/legalcode","WGS84","1864129088",NA,NA,NA,NA,NA,NA,NA,NA
"db09684b-0fd1-431e-b5fa-4c1532fbdb14","HUMAN_OBSERVATION","PRESENT","Hebius sauteri",121.052861,23.158861,NA,2015,6,16,"cudc,gass84,rdativ,osiic",NA,"http://creativecommons.org/licenses/by/4.0/legalcode","WGS84","1864129092",NA,NA,NA,NA,NA,NA,NA,NA
"db09684b-0fd1-431e-b5fa-4c1532fbdb14","HUMAN_OBSERVATION","PRESENT","Hebius sauteri",121.407535,24.832261,NA,2015,6,19,"cudc,gass84,rdativ,osiic",NA,"http://creativecommons.org/licenses/by/4.0/legalcode","WGS84","1864129096",NA,NA,NA,NA,NA,NA,NA,NA
"db09684b-0fd1-431e-b5fa-4c1532fbdb14","HUMAN_OBSERVATION","PRESENT","Hebius sauteri",120.721086,23.06075,NA,2015,6,20,"cudc,gass84,rdativ,osiic",NA,"http://creativecommons.org/licenses/by/4.0/legalcode","WGS84","1864129181",NA,NA,NA,NA,NA,NA,NA,NA
"db09684b-0fd1-431e-b5fa-4c1532fbdb14","HUMAN_OBSERVATION","PRESENT","Hebius sauteri",121.430624,24.647765,NA,2015,6,26,"cudc,gass84,rdativ,osiic",NA,"http://creativecommons.org/licenses/by/4.0/legalcode","WGS84","1864129390",NA,NA,NA,NA,NA,NA,NA,NA
"db09684b-0fd1-431e-b5fa-4c1532fbdb14","HUMAN_OBSERVATION","PRESENT","Hebius sauteri",121.500446,25.209609,NA,2015,6,25,"cudc,gass84,rdativ,osiic",NA,"http://creativecommons.org/licenses/by/4.0/legalcode","WGS84","1864129504",NA,NA,NA,NA,NA,NA,NA,NA
"db09684b-0fd1-431e-b5fa-4c1532fbdb14","HUMAN_OBSERVATION","PRESENT","Hebius sauteri",121.403306,24.673688,NA,2015,7,2,"cudc,gass84,rdativ,osiic",NA,"http://creativecommons.org/licenses/by/4.0/legalcode","WGS84","1864129567",NA,NA,NA,NA,NA,NA,NA,NA
"db09684b-0fd1-431e-b5fa-4c1532fbdb14","HUMAN_OBSERVATION","PRESENT","Hebius sauteri",121.542683,24.938389,NA,2015,7,26,"cudc,gass84,rdativ,osiic",NA,"http://creativecommons.org/licenses/by/4.0/legalcode","WGS84","1864130575",NA,NA,NA,NA,NA,NA,NA,NA
"db09684b-0fd1-431e-b5fa-4c1532fbdb14","HUMAN_OBSERVATION","PRESENT","Hebius sauteri",120.79417,23.84825,NA,2015,8,9,"cudc,gass84,rdativ,osiic",NA,"http://creativecommons.org/licenses/by/4.0/legalcode","WGS84","1864131029",NA,NA,NA,NA,NA,NA,NA,NA
"db09684b-0fd1-431e-b5fa-4c1532fbdb14","HUMAN_OBSERVATION","PRESENT","Hebius sauteri",121.551068,25.100581,NA,2015,9,2,"cudc,gass84,rdativ,osiic",NA,"http://creativecommons.org/licenses/by/4.0/legalcode","WGS84","1864131342",NA,NA,NA,NA,NA,NA,NA,NA
"db09684b-0fd1-431e-b5fa-4c1532fbdb14","HUMAN_OBSERVATION","PRESENT","Hebius sauteri",121.507661,25.203735,NA,2015,9,11,"cudc,gass84,rdativ,osiic",NA,"http://creativecommons.org/licenses/by/4.0/legalcode","WGS84","1864131579",NA,NA,NA,NA,NA,NA,NA,NA
"db09684b-0fd1-431e-b5fa-4c1532fbdb14","HUMAN_OBSERVATION","PRESENT","Hebius sauteri",120.78257,23.8382,NA,2015,9,13,"cudc,gass84,rdativ,osiic",NA,"http://creativecommons.org/licenses/by/4.0/legalcode","WGS84","1864131967",NA,NA,NA,NA,NA,NA,NA,NA
"db09684b-0fd1-431e-b5fa-4c1532fbdb14","HUMAN_OBSERVATION","PRESENT","Hebius sauteri",120.681422,23.474941,NA,2015,9,25,"cudc,gass84,rdativ,osiic",NA,"http://creativecommons.org/licenses/by/4.0/legalcode","WGS84","1864132032",NA,NA,NA,NA,NA,NA,NA,NA
"db09684b-0fd1-431e-b5fa-4c1532fbdb14","HUMAN_OBSERVATION","PRESENT","Hebius sauteri",120.417148,23.562235,NA,2015,9,27,"cudc,gass84,rdativ,osiic",NA,"http://creativecommons.org/licenses/by/4.0/legalcode","WGS84","1864132037",NA,NA,NA,NA,NA,NA,NA,NA
"db09684b-0fd1-431e-b5fa-4c1532fbdb14","HUMAN_OBSERVATION","PRESENT","Hebius sauteri",121.77574,24.842425,NA,2015,9,19,"cudc,gass84,rdativ,osiic",NA,"http://creativecommons.org/licenses/by/4.0/legalcode","WGS84","1864132308",NA,NA,NA,NA,NA,NA,NA,NA
"db09684b-0fd1-431e-b5fa-4c1532fbdb14","HUMAN_OBSERVATION","PRESENT","Hebius sauteri",121.51139,25.184444,NA,2015,9,26,"cudc,gass84,rdativ,osiic",NA,"http://creativecommons.org/licenses/by/4.0/legalcode","WGS84","1864132379",NA,NA,NA,NA,NA,NA,NA,NA
"db09684b-0fd1-431e-b5fa-4c1532fbdb14","HUMAN_OBSERVATION","PRESENT","Hebius sauteri",121.047583,23.151617,NA,2015,10,6,"cudc,gass84,rdativ,osiic",NA,"http://creativecommons.org/licenses/by/4.0/legalcode","WGS84","1864132456",NA,NA,NA,NA,NA,NA,NA,NA
"db09684b-0fd1-431e-b5fa-4c1532fbdb14","HUMAN_OBSERVATION","PRESENT","Hebius sauteri",121.40902,23.65914,NA,2015,10,3,"cudc,gass84,rdativ,osiic",NA,"http://creativecommons.org/licenses/by/4.0/legalcode","WGS84","1864132919",NA,NA,NA,NA,NA,NA,NA,NA
"db09684b-0fd1-431e-b5fa-4c1532fbdb14","HUMAN_OBSERVATION","PRESENT","Hebius sauteri",121.048017,23.151483,NA,2015,10,6,"cudc,gass84,rdativ,osiic",NA,"http://creativecommons.org/licenses/by/4.0/legalcode","WGS84","1864132951",NA,NA,NA,NA,NA,NA,NA,NA
"db09684b-0fd1-431e-b5fa-4c1532fbdb14","HUMAN_OBSERVATION","PRESENT","Hebius sauteri",121.585368,25.117536,NA,2015,11,8,"cudc,gass84,rdativ,osiic",NA,"http://creativecommons.org/licenses/by/4.0/legalcode","WGS84","1864133485",NA,NA,NA,NA,NA,NA,NA,NA
"db09684b-0fd1-431e-b5fa-4c1532fbdb14","HUMAN_OBSERVATION","PRESENT","Hebius sauteri",120.572575,23.601862,NA,2015,11,16,"cudc,gass84,rdativ,osiic",NA,"http://creativecommons.org/licenses/by/4.0/legalcode","WGS84","1864133867",NA,NA,NA,NA,NA,NA,NA,NA
"db09684b-0fd1-431e-b5fa-4c1532fbdb14","HUMAN_OBSERVATION","PRESENT","Hebius sauteri",120.71781,23.401032,NA,2014,4,14,"cudc,gass84,rdativ,osiic",NA,"http://creativecommons.org/licenses/by/4.0/legalcode","WGS84","1864118739",NA,NA,NA,NA,NA,NA,NA,NA
"db09684b-0fd1-431e-b5fa-4c1532fbdb14","HUMAN_OBSERVATION","PRESENT","Hebius sauteri",121.073667,23.15025,NA,2014,5,15,"cudc,gass84,rdativ,osiic",NA,"http://creativecommons.org/licenses/by/4.0/legalcode","WGS84","1864119475",NA,NA,NA,NA,NA,NA,NA,NA
"db09684b-0fd1-431e-b5fa-4c1532fbdb14","HUMAN_OBSERVATION","PRESENT","Hebius sauteri",121.399201,24.67346,NA,2014,5,18,"cudc,gass84,rdativ,osiic",NA,"http://creativecommons.org/licenses/by/4.0/legalcode","WGS84","1864119553",NA,NA,NA,NA,NA,NA,NA,NA
"db09684b-0fd1-431e-b5fa-4c1532fbdb14","HUMAN_OBSERVATION","PRESENT","Hebius sauteri",121.24475,23.123528,NA,2014,5,23,"cudc,gass84,rdativ,osiic",NA,"http://creativecommons.org/licenses/by/4.0/legalcode","WGS84","1864119587",NA,NA,NA,NA,NA,NA,NA,NA
"db09684b-0fd1-431e-b5fa-4c1532fbdb14","HUMAN_OBSERVATION","PRESENT","Hebius sauteri",121.345583,25.058841,NA,2014,5,27,"cudc,gass84,rdativ,osiic",NA,"http://creativecommons.org/licenses/by/4.0/legalcode","WGS84","1864119689",NA,NA,NA,NA,NA,NA,NA,NA
"db09684b-0fd1-431e-b5fa-4c1532fbdb14","HUMAN_OBSERVATION","PRESENT","Hebius sauteri",121.406825,24.663681,NA,2014,5,30,"cudc,gass84,rdativ,osiic",NA,"http://creativecommons.org/licenses/by/4.0/legalcode","WGS84","1864119873",NA,NA,NA,NA,NA,NA,NA,NA
"db09684b-0fd1-431e-b5fa-4c1532fbdb14","HUMAN_OBSERVATION","PRESENT","Hebius sauteri",121.33886,25.062084,NA,2014,5,26,"cudc,gass84,rdativ,osiic",NA,"http://creativecommons.org/licenses/by/4.0/legalcode","WGS84","1864119886",NA,NA,NA,NA,NA,NA,NA,NA
"db09684b-0fd1-431e-b5fa-4c1532fbdb14","HUMAN_OBSERVATION","PRESENT","Hebius sauteri",121.34029,25.065561,NA,2014,6,7,"cudc,gass84,rdativ,osiic",NA,"http://creativecommons.org/licenses/by/4.0/legalcode","WGS84","1864120162",NA,NA,NA,NA,NA,NA,NA,NA
"db09684b-0fd1-431e-b5fa-4c1532fbdb14","HUMAN_OBSERVATION","PRESENT","Hebius sauteri",121.343172,25.059452,NA,2014,6,6,"cudc,gass84,rdativ,osiic",NA,"http://creativecommons.org/licenses/by/4.0/legalcode","WGS84","1864120270",NA,NA,NA,NA,NA,NA,NA,NA
"db09684b-0fd1-431e-b5fa-4c1532fbdb14","HUMAN_OBSERVATION","PRESENT","Hebius sauteri",121.40522,24.67516,NA,2014,6,15,"cudc,gass84,rdativ,osiic",NA,"http://creativecommons.org/licenses/by/4.0/legalcode","WGS84","1864120356",NA,NA,NA,NA,NA,NA,NA,NA
"db09684b-0fd1-431e-b5fa-4c1532fbdb14","HUMAN_OBSERVATION","PRESENT","Hebius sauteri",121.339675,25.065558,NA,2014,6,7,"cudc,gass84,rdativ,osiic",NA,"http://creativecommons.org/licenses/by/4.0/legalcode","WGS84","1864120449",NA,NA,NA,NA,NA,NA,NA,NA
"db09684b-0fd1-431e-b5fa-4c1532fbdb14","HUMAN_OBSERVATION","PRESENT","Hebius sauteri",121.343641,25.058936,NA,2014,6,18,"cudc,gass84,rdativ,osiic",NA,"http://creativecommons.org/licenses/by/4.0/legalcode","WGS84","1864120619",NA,NA,NA,NA,NA,NA,NA,NA
"db09684b-0fd1-431e-b5fa-4c1532fbdb14","HUMAN_OBSERVATION","PRESENT","Hebius sauteri",121.343962,25.058809,NA,2014,6,19,"cudc,gass84,rdativ,osiic",NA,"http://creativecommons.org/licenses/by/4.0/legalcode","WGS84","1864120688",NA,NA,NA,NA,NA,NA,NA,NA
"db09684b-0fd1-431e-b5fa-4c1532fbdb14","HUMAN_OBSERVATION","PRESENT","Hebius sauteri",121.344555,25.058899,NA,2014,6,22,"cudc,gass84,rdativ,osiic",NA,"http://creativecommons.org/licenses/by/4.0/legalcode","WGS84","1864120758",NA,NA,NA,NA,NA,NA,NA,NA
"db09684b-0fd1-431e-b5fa-4c1532fbdb14","HUMAN_OBSERVATION","PRESENT","Hebius sauteri",121.346704,25.058863,NA,2014,6,24,"cudc,gass84,rdativ,osiic",NA,"http://creativecommons.org/licenses/by/4.0/legalcode","WGS84","1864120763",NA,NA,NA,NA,NA,NA,NA,NA
"db09684b-0fd1-431e-b5fa-4c1532fbdb14","HUMAN_OBSERVATION","PRESENT","Hebius sauteri",121.511655,25.217858,NA,2014,6,25,"cudc,gass84,rdativ,osiic",NA,"http://creativecommons.org/licenses/by/4.0/legalcode","WGS84","1864121108",NA,NA,NA,NA,NA,NA,NA,NA
"db09684b-0fd1-431e-b5fa-4c1532fbdb14","HUMAN_OBSERVATION","PRESENT","Hebius sauteri",121.327312,25.059468,NA,2014,6,27,"cudc,gass84,rdativ,osiic",NA,"http://creativecommons.org/licenses/by/4.0/legalcode","WGS84","1864121268",NA,NA,NA,NA,NA,NA,NA,NA
"db09684b-0fd1-431e-b5fa-4c1532fbdb14","HUMAN_OBSERVATION","PRESENT","Hebius sauteri",121.517622,25.150024,NA,2014,6,28,"cudc,gass84,rdativ,osiic",NA,"http://creativecommons.org/licenses/by/4.0/legalcode","WGS84","1864121422",NA,NA,NA,NA,NA,NA,NA,NA
"db09684b-0fd1-431e-b5fa-4c1532fbdb14","HUMAN_OBSERVATION","PRESENT","Hebius sauteri",121.334042,25.062148,NA,2014,7,6,"cudc,gass84,rdativ,osiic",NA,"http://creativecommons.org/licenses/by/4.0/legalcode","WGS84","1864121501",NA,NA,NA,NA,NA,NA,NA,NA
"db09684b-0fd1-431e-b5fa-4c1532fbdb14","HUMAN_OBSERVATION","PRESENT","Hebius sauteri",120.76915,23.85024,NA,2014,7,6,"cudc,gass84,rdativ,osiic",NA,"http://creativecommons.org/licenses/by/4.0/legalcode","WGS84","1864121519",NA,NA,NA,NA,NA,NA,NA,NA
"db09684b-0fd1-431e-b5fa-4c1532fbdb14","HUMAN_OBSERVATION","PRESENT","Hebius sauteri",121.321123,25.059916,NA,2014,7,6,"cudc,gass84,rdativ,osiic",NA,"http://creativecommons.org/licenses/by/4.0/legalcode","WGS84","1864121544",NA,NA,NA,NA,NA,NA,NA,NA
"db09684b-0fd1-431e-b5fa-4c1532fbdb14","HUMAN_OBSERVATION","PRESENT","Hebius sauteri",121.333784,25.060233,NA,2014,7,1,"cudc,gass84,rdativ,osiic",NA,"http://creativecommons.org/licenses/by/4.0/legalcode","WGS84","1864121608",NA,NA,NA,NA,NA,NA,NA,NA
"db09684b-0fd1-431e-b5fa-4c1532fbdb14","HUMAN_OBSERVATION","PRESENT","Hebius sauteri",121.054,23.15865,NA,2014,7,9,"cudc,gass84,rdativ,osiic",NA,"http://creativecommons.org/licenses/by/4.0/legalcode","WGS84","1864121958",NA,NA,NA,NA,NA,NA,NA,NA
"db09684b-0fd1-431e-b5fa-4c1532fbdb14","HUMAN_OBSERVATION","PRESENT","Hebius sauteri",121.339852,25.053185,NA,2014,7,12,"cudc,gass84,rdativ,osiic",NA,"http://creativecommons.org/licenses/by/4.0/legalcode","WGS84","1864122008",NA,NA,NA,NA,NA,NA,NA,NA
"db09684b-0fd1-431e-b5fa-4c1532fbdb14","HUMAN_OBSERVATION","PRESENT","Hebius sauteri",121.381463,24.674259,NA,2014,7,12,"cudc,gass84,rdativ,osiic",NA,"http://creativecommons.org/licenses/by/4.0/legalcode","WGS84","1864122150",NA,NA,NA,NA,NA,NA,NA,NA
"db09684b-0fd1-431e-b5fa-4c1532fbdb14","HUMAN_OBSERVATION","PRESENT","Hebius sauteri",121.325658,25.058955,NA,2014,7,17,"cudc,gass84,rdativ,osiic",NA,"http://creativecommons.org/licenses/by/4.0/legalcode","WGS84","1864122207",NA,NA,NA,NA,NA,NA,NA,NA
"db09684b-0fd1-431e-b5fa-4c1532fbdb14","HUMAN_OBSERVATION","PRESENT","Hebius sauteri",121.343711,25.059065,NA,2014,7,18,"cudc,gass84,rdativ,osiic",NA,"http://creativecommons.org/licenses/by/4.0/legalcode","WGS84","1864122238",NA,NA,NA,NA,NA,NA,NA,NA
"db09684b-0fd1-431e-b5fa-4c1532fbdb14","HUMAN_OBSERVATION","PRESENT","Hebius sauteri",121.07005,23.1518,NA,2014,7,21,"cudc,gass84,rdativ,osiic",NA,"http://creativecommons.org/licenses/by/4.0/legalcode","WGS84","1864122372",NA,NA,NA,NA,NA,NA,NA,NA
"db09684b-0fd1-431e-b5fa-4c1532fbdb14","HUMAN_OBSERVATION","PRESENT","Hebius sauteri",121.310168,25.055458,NA,2014,7,17,"cudc,gass84,rdativ,osiic",NA,"http://creativecommons.org/licenses/by/4.0/legalcode","WGS84","1864122401",NA,NA,NA,NA,NA,NA,NA,NA
"db09684b-0fd1-431e-b5fa-4c1532fbdb14","HUMAN_OBSERVATION","PRESENT","Hebius sauteri",121.402018,25.045153,NA,2014,7,29,"cudc,gass84,rdativ,osiic",NA,"http://creativecommons.org/licenses/by/4.0/legalcode","WGS84","1864122806",NA,NA,NA,NA,NA,NA,NA,NA
"db09684b-0fd1-431e-b5fa-4c1532fbdb14","HUMAN_OBSERVATION","PRESENT","Hebius sauteri",121.339666,25.065338,NA,2014,8,1,"cudc,gass84,rdativ,osiic",NA,"http://creativecommons.org/licenses/by/4.0/legalcode","WGS84","1864122635",NA,NA,NA,NA,NA,NA,NA,NA
"db09684b-0fd1-431e-b5fa-4c1532fbdb14","HUMAN_OBSERVATION","PRESENT","Hebius sauteri",121.363091,24.698398,NA,2014,8,11,"cudc,gass84,rdativ,osiic",NA,"http://creativecommons.org/licenses/by/4.0/legalcode","WGS84","1864122742",NA,NA,NA,NA,NA,NA,NA,NA
"db09684b-0fd1-431e-b5fa-4c1532fbdb14","HUMAN_OBSERVATION","PRESENT","Hebius sauteri",121.344799,25.058584,NA,2014,8,20,"cudc,gass84,rdativ,osiic",NA,"http://creativecommons.org/licenses/by/4.0/legalcode","WGS84","1864123039",NA,NA,NA,NA,NA,NA,NA,NA
"db09684b-0fd1-431e-b5fa-4c1532fbdb14","HUMAN_OBSERVATION","PRESENT","Hebius sauteri",121.4072,24.66648,NA,2014,8,17,"cudc,gass84,rdativ,osiic",NA,"http://creativecommons.org/licenses/by/4.0/legalcode","WGS84","1864123057",NA,NA,NA,NA,NA,NA,NA,NA
"db09684b-0fd1-431e-b5fa-4c1532fbdb14","HUMAN_OBSERVATION","PRESENT","Hebius sauteri",120.770333,23.753599,NA,2014,8,24,"cudc,gass84,rdativ,osiic",NA,"http://creativecommons.org/licenses/by/4.0/legalcode","WGS84","1864123111",NA,NA,NA,NA,NA,NA,NA,NA
"db09684b-0fd1-431e-b5fa-4c1532fbdb14","HUMAN_OBSERVATION","PRESENT","Hebius sauteri",121.341153,25.060387,NA,2014,8,25,"cudc,gass84,rdativ,osiic",NA,"http://creativecommons.org/licenses/by/4.0/legalcode","WGS84","1864123271",NA,NA,NA,NA,NA,NA,NA,NA
"db09684b-0fd1-431e-b5fa-4c1532fbdb14","HUMAN_OBSERVATION","PRESENT","Hebius sauteri",121.531831,25.177816,NA,2014,9,9,"cudc,gass84,rdativ,osiic",NA,"http://creativecommons.org/licenses/by/4.0/legalcode","WGS84","1864123593",NA,NA,NA,NA,NA,NA,NA,NA
"db09684b-0fd1-431e-b5fa-4c1532fbdb14","HUMAN_OBSERVATION","PRESENT","Hebius sauteri",121.34217,25.059805,NA,2014,9,10,"cudc,gass84,rdativ,osiic",NA,"http://creativecommons.org/licenses/by/4.0/legalcode","WGS84","1864123686",NA,NA,NA,NA,NA,NA,NA,NA
"db09684b-0fd1-431e-b5fa-4c1532fbdb14","HUMAN_OBSERVATION","PRESENT","Hebius sauteri",121.53063,25.177136,NA,2014,9,9,"cudc,gass84,rdativ,osiic",NA,"http://creativecommons.org/licenses/by/4.0/legalcode","WGS84","1864123723",NA,NA,NA,NA,NA,NA,NA,NA
"db09684b-0fd1-431e-b5fa-4c1532fbdb14","HUMAN_OBSERVATION","PRESENT","Hebius sauteri",121.344063,25.058869,NA,2014,9,13,"cudc,gass84,rdativ,osiic",NA,"http://creativecommons.org/licenses/by/4.0/legalcode","WGS84","1864123751",NA,NA,NA,NA,NA,NA,NA,NA
"db09684b-0fd1-431e-b5fa-4c1532fbdb14","HUMAN_OBSERVATION","PRESENT","Hebius sauteri",121.329887,25.060072,NA,2014,9,18,"cudc,gass84,rdativ,osiic",NA,"http://creativecommons.org/licenses/by/4.0/legalcode","WGS84","1864124071",NA,NA,NA,NA,NA,NA,NA,NA
"db09684b-0fd1-431e-b5fa-4c1532fbdb14","HUMAN_OBSERVATION","PRESENT","Hebius sauteri",121.563889,24.938611,NA,2014,9,27,"cudc,gass84,rdativ,osiic",NA,"http://creativecommons.org/licenses/by/4.0/legalcode","WGS84","1864124107",NA,NA,NA,NA,NA,NA,NA,NA
"db09684b-0fd1-431e-b5fa-4c1532fbdb14","HUMAN_OBSERVATION","PRESENT","Hebius sauteri",121.332639,25.061835,NA,2014,9,30,"cudc,gass84,rdativ,osiic",NA,"http://creativecommons.org/licenses/by/4.0/legalcode","WGS84","1864124141",NA,NA,NA,NA,NA,NA,NA,NA
"db09684b-0fd1-431e-b5fa-4c1532fbdb14","HUMAN_OBSERVATION","PRESENT","Hebius sauteri",120.911134,23.947314,NA,2014,10,12,"cudc,gass84,rdativ,osiic",NA,"http://creativecommons.org/licenses/by/4.0/legalcode","WGS84","1864124388",NA,NA,NA,NA,NA,NA,NA,NA
"db09684b-0fd1-431e-b5fa-4c1532fbdb14","HUMAN_OBSERVATION","PRESENT","Hebius sauteri",120.911024,23.947341,NA,2014,10,12,"cudc,gass84,rdativ,osiic",NA,"http://creativecommons.org/licenses/by/4.0/legalcode","WGS84","1864124460",NA,NA,NA,NA,NA,NA,NA,NA
"db09684b-0fd1-431e-b5fa-4c1532fbdb14","HUMAN_OBSERVATION","PRESENT","Hebius sauteri",120.887831,23.91184,NA,2014,10,26,"cudc,gass84,rdativ,osiic",NA,"http://creativecommons.org/licenses/by/4.0/legalcode","WGS84","1864125202",NA,NA,NA,NA,NA,NA,NA,NA
"50c9509d-22c7-4a22-a47d-8c48425ef4a7","HUMAN_OBSERVATION","PRESENT","Hebius sauteri",121.47377,23.888977,"Taiwan",2014,10,26,"cdround","https://www.inaturalist.org/observations/12449824","http://creativecommons.org/licenses/by-nc/4.0/legalcode","WGS84","1880463657","12449824",NA,NA,NA,NA,NA,NA,NA
"db09684b-0fd1-431e-b5fa-4c1532fbdb14","HUMAN_OBSERVATION","PRESENT","Hebius sauteri",121.503541,25.154763,NA,2014,11,21,"cudc,gass84,rdativ,osiic",NA,"http://creativecommons.org/licenses/by/4.0/legalcode","WGS84","1864125605",NA,NA,NA,NA,NA,NA,NA,NA
"db09684b-0fd1-431e-b5fa-4c1532fbdb14","HUMAN_OBSERVATION","PRESENT","Hebius sauteri",121.495116,25.202198,NA,2013,3,30,"cudc,gass84,rdativ,osiic",NA,"http://creativecommons.org/licenses/by/4.0/legalcode","WGS84","1864113488",NA,NA,NA,NA,NA,NA,NA,NA
"db09684b-0fd1-431e-b5fa-4c1532fbdb14","HUMAN_OBSERVATION","PRESENT","Hebius sauteri",121.525303,25.18629,NA,2013,4,18,"cudc,gass84,rdativ,osiic",NA,"http://creativecommons.org/licenses/by/4.0/legalcode","WGS84","1864113640",NA,NA,NA,NA,NA,NA,NA,NA
"db09684b-0fd1-431e-b5fa-4c1532fbdb14","HUMAN_OBSERVATION","PRESENT","Hebius sauteri",121.330072,25.002344,NA,2013,5,10,"cudc,gass84,rdativ,osiic",NA,"http://creativecommons.org/licenses/by/4.0/legalcode","WGS84","1864113844",NA,NA,NA,NA,NA,NA,NA,NA
"db09684b-0fd1-431e-b5fa-4c1532fbdb14","HUMAN_OBSERVATION","PRESENT","Hebius sauteri",121.410414,24.649957,NA,2013,5,4,"cudc,gass84,rdativ,osiic",NA,"http://creativecommons.org/licenses/by/4.0/legalcode","WGS84","1864113933",NA,NA,NA,NA,NA,NA,NA,NA
"db09684b-0fd1-431e-b5fa-4c1532fbdb14","HUMAN_OBSERVATION","PRESENT","Hebius sauteri",120.697439,23.473198,NA,2013,5,15,"cudc,gass84,rdativ,osiic",NA,"http://creativecommons.org/licenses/by/4.0/legalcode","WGS84","1864113989",NA,NA,NA,NA,NA,NA,NA,NA
"db09684b-0fd1-431e-b5fa-4c1532fbdb14","HUMAN_OBSERVATION","PRESENT","Hebius sauteri",121.406756,24.663107,NA,2013,5,20,"cudc,gass84,rdativ,osiic",NA,"http://creativecommons.org/licenses/by/4.0/legalcode","WGS84","1864114031",NA,NA,NA,NA,NA,NA,NA,NA
"db09684b-0fd1-431e-b5fa-4c1532fbdb14","HUMAN_OBSERVATION","PRESENT","Hebius sauteri",121.407505,24.671065,NA,2013,6,7,"cudc,gass84,rdativ,osiic",NA,"http://creativecommons.org/licenses/by/4.0/legalcode","WGS84","1864114426",NA,NA,NA,NA,NA,NA,NA,NA
"db09684b-0fd1-431e-b5fa-4c1532fbdb14","HUMAN_OBSERVATION","PRESENT","Hebius sauteri",121.396669,24.686387,NA,2013,6,3,"cudc,gass84,rdativ,osiic",NA,"http://creativecommons.org/licenses/by/4.0/legalcode","WGS84","1864114430",NA,NA,NA,NA,NA,NA,NA,NA
"db09684b-0fd1-431e-b5fa-4c1532fbdb14","HUMAN_OBSERVATION","PRESENT","Hebius sauteri",121.58432,25.116922,NA,2013,7,10,"cudc,gass84,rdativ,osiic",NA,"http://creativecommons.org/licenses/by/4.0/legalcode","WGS84","1864114691",NA,NA,NA,NA,NA,NA,NA,NA
"db09684b-0fd1-431e-b5fa-4c1532fbdb14","HUMAN_OBSERVATION","PRESENT","Hebius sauteri",120.746655,23.918226,NA,2013,8,5,"cudc,gass84,rdativ,osiic",NA,"http://creativecommons.org/licenses/by/4.0/legalcode","WGS84","1864115260",NA,NA,NA,NA,NA,NA,NA,NA
"db09684b-0fd1-431e-b5fa-4c1532fbdb14","HUMAN_OBSERVATION","PRESENT","Hebius sauteri",121.537391,25.159054,NA,2013,8,10,"cudc,gass84,rdativ,osiic",NA,"http://creativecommons.org/licenses/by/4.0/legalcode","WGS84","1864115481",NA,NA,NA,NA,NA,NA,NA,NA
"db09684b-0fd1-431e-b5fa-4c1532fbdb14","HUMAN_OBSERVATION","PRESENT","Hebius sauteri",120.731371,22.414559,NA,2013,9,9,"cudc,gass84,rdativ,osiic",NA,"http://creativecommons.org/licenses/by/4.0/legalcode","WGS84","1864115824",NA,NA,NA,NA,NA,NA,NA,NA
"db09684b-0fd1-431e-b5fa-4c1532fbdb14","HUMAN_OBSERVATION","PRESENT","Hebius sauteri",121.561832,25.105808,NA,2013,9,14,"cudc,gass84,rdativ,osiic",NA,"http://creativecommons.org/licenses/by/4.0/legalcode","WGS84","1864115894",NA,NA,NA,NA,NA,NA,NA,NA
"db09684b-0fd1-431e-b5fa-4c1532fbdb14","HUMAN_OBSERVATION","PRESENT","Hebius sauteri",120.707886,23.039603,NA,2013,9,27,"cudc,gass84,rdativ,osiic",NA,"http://creativecommons.org/licenses/by/4.0/legalcode","WGS84","1864116273",NA,NA,NA,NA,NA,NA,NA,NA
"db09684b-0fd1-431e-b5fa-4c1532fbdb14","HUMAN_OBSERVATION","PRESENT","Hebius sauteri",121.364027,24.957075,NA,2013,10,11,"cudc,gass84,rdativ,osiic",NA,"http://creativecommons.org/licenses/by/4.0/legalcode","WGS84","1864116260",NA,NA,NA,NA,NA,NA,NA,NA
"db09684b-0fd1-431e-b5fa-4c1532fbdb14","HUMAN_OBSERVATION","PRESENT","Hebius sauteri",121.207732,23.06439,NA,2013,10,10,"cudc,gass84,rdativ,osiic",NA,"http://creativecommons.org/licenses/by/4.0/legalcode","WGS84","1864116534",NA,NA,NA,NA,NA,NA,NA,NA
"db09684b-0fd1-431e-b5fa-4c1532fbdb14","HUMAN_OBSERVATION","PRESENT","Hebius sauteri",120.510486,23.556592,NA,2013,10,15,"cudc,gass84,rdativ,osiic",NA,"http://creativecommons.org/licenses/by/4.0/legalcode","WGS84","1864116910",NA,NA,NA,NA,NA,NA,NA,NA
"db09684b-0fd1-431e-b5fa-4c1532fbdb14","HUMAN_OBSERVATION","PRESENT","Hebius sauteri",121.1293,24.0086,NA,2012,4,4,"cudc,gass84,rdativ,osiic",NA,"http://creativecommons.org/licenses/by/4.0/legalcode","WGS84","1864112405",NA,NA,NA,NA,NA,NA,NA,NA
"db09684b-0fd1-431e-b5fa-4c1532fbdb14","HUMAN_OBSERVATION","PRESENT","Hebius sauteri",121.542503,25.154676,NA,2012,7,18,"cudc,gass84,rdativ,osiic",NA,"http://creativecommons.org/licenses/by/4.0/legalcode","WGS84","1864112688",NA,NA,NA,NA,NA,NA,NA,NA
"db09684b-0fd1-431e-b5fa-4c1532fbdb14","HUMAN_OBSERVATION","PRESENT","Hebius sauteri",121.35303,24.71513,NA,2012,8,20,"cudc,gass84,rdativ,osiic",NA,"http://creativecommons.org/licenses/by/4.0/legalcode","WGS84","1864112743",NA,NA,NA,NA,NA,NA,NA,NA
"db09684b-0fd1-431e-b5fa-4c1532fbdb14","HUMAN_OBSERVATION","PRESENT","Hebius sauteri",121.63388,24.75165,NA,2012,11,14,"cudc,gass84,rdativ,osiic",NA,"http://creativecommons.org/licenses/by/4.0/legalcode","WGS84","1864113308",NA,NA,NA,NA,NA,NA,NA,NA
"db09684b-0fd1-431e-b5fa-4c1532fbdb14","HUMAN_OBSERVATION","PRESENT","Hebius sauteri",121.420975,24.476797,NA,2011,8,19,"cudc,gass84,rdativ,osiic",NA,"http://creativecommons.org/licenses/by/4.0/legalcode","WGS84","1864112060",NA,NA,NA,NA,NA,NA,NA,NA
"83cbdde7-998f-4354-95de-72d885cc5863","OCCURRENCE","PRESENT","Hebius sauteri",120.51948,23.55245,NA,2006,10,10,"",NA,"http://creativecommons.org/licenses/by/4.0/legalcode","WGS84","3774349630",NA,"<U+7530><U+5BEE><U+6A4B>",NA,NA,NA,NA,NA,NA
"8e479b8f-ac16-4bed-a11a-bc7e27c31663","PRESERVED_SPECIMEN","PRESENT","Hebius sauteri",120.970042,23.973337,"n/a",1980,7,22,"colmano,inmafu",NA,"http://creativecommons.org/licenses/by/4.0/legalcode","WGS84","1987032724","182658","CHI-TOU","ASIA","FLUID - 1","NAN-TOU","PhysicalObject",NA,NA
"09c4287e-e6d5-4552-a07f-bff8a00833d8","PRESERVED_SPECIMEN","PRESENT","Hebius sauteri",117.43333,28.1,"Jiangxi Province",1936,6,20,"colmafu,inmafu,fpwktinv","http://arctos.database.museum/guid/MVZ:Herp:23685","http://creativecommons.org/publicdomain/zero/1.0/legalcode","WGS84","1145548891","MVZ:Herp:23685","Hong-San, SE Kiangsi Prov.","ASIA","whole organism",NA,NA,850,0
"09c4287e-e6d5-4552-a07f-bff8a00833d8","PRESERVED_SPECIMEN","PRESENT","Hebius sauteri",121.01667,24.16667,"Taichung",1934,6,26,"colmafu,inmafu,fpwktinv","http://arctos.database.museum/guid/MVZ:Herp:23684","http://creativecommons.org/publicdomain/zero/1.0/legalcode","WGS84","1145548845","MVZ:Herp:23684","Pahsien Shan","ASIA","whole organism",NA,NA,1000,0
"cece4fc2-1fec-4bb5-a335-7252548e3f0b","PRESERVED_SPECIMEN","PRESENT","Hebius sauteri",119.833461,30.640139,"Zhejiang Prov.",1927,9,8,"cdround",NA,"http://creativecommons.org/publicdomain/zero/1.0/legalcode","WGS84","543654634","66110","Mokanshan","ASIA","Alcohol",NA,"PhysicalObject",NA,NA
"4bfac3ea-8763-4f4b-a71a-76a6f5f243d3","PRESERVED_SPECIMEN","PRESENT","Hebius sauteri",121,23.5,NA,1911,1,1,"colmafu,inmafu","http://mczbase.mcz.harvard.edu/guid/MCZ:Herp:R-18031","http://creativecommons.org/licenses/by-nc/4.0/legalcode","WGS84","476795334","R-18031","Kosempo,Formosa","ASIA","whole animal (ethanol)",NA,NA,NA,NA
"cece4fc2-1fec-4bb5-a335-7252548e3f0b","PRESERVED_SPECIMEN","PRESENT","Hebius sauteri",120.503069,23.33435,"Tainan Special Municipality",1909,3,24,"cdround",NA,"http://creativecommons.org/publicdomain/zero/1.0/legalcode","WGS84","543530084","18004","Kanshirei [= Guanziling]","ASIA","Alcohol",NA,"PhysicalObject",NA,NA
"cece4fc2-1fec-4bb5-a335-7252548e3f0b","PRESERVED_SPECIMEN","PRESENT","Hebius sauteri",120.585836,23.080794,"Kaohsiung Special Municipality",1909,3,14,"cdround",NA,"http://creativecommons.org/publicdomain/zero/1.0/legalcode","WGS84","543540993","18986","Kosempo","ASIA","Alcohol",NA,"PhysicalObject",NA,NA
"cece4fc2-1fec-4bb5-a335-7252548e3f0b","PRESERVED_SPECIMEN","PRESENT","Hebius sauteri",120.744178,22.003694,"Pingtung Co.",1909,4,NA,"cdround",NA,"http://creativecommons.org/publicdomain/zero/1.0/legalcode","WGS84","543540971","18984","Koshun [= Hengchun]","ASIA","Alcohol",NA,"PhysicalObject",NA,NA
"fb93fb10-f1ca-11dd-b2d4-b8a03c50a862","PRESERVED_SPECIMEN","PRESENT","Hebius sauteri",118.25,29.75,NA,NA,NA,NA,"cudc,gass84,rdativ,colmano,inmafu",NA,"http://creativecommons.org/licenses/by-nc/4.0/legalcode","WGS84","2625267937","00004348","Hsiuning.Lingnan.",NA,NA,NA,NA,NA,NA
