"datasetKey","basisOfRecord","occurrenceStatus","species","decimalLongitude","decimalLatitude","stateProvince","year","month","day","issues","references","license","geodeticDatum","gbifID","catalogNumber","elevation","elevationAccuracy","locality","continent","preparations","type"
"50c9509d-22c7-4a22-a47d-8c48425ef4a7","HUMAN_OBSERVATION","PRESENT","Pareas formosensis",120.601875,23.59189,"Taiwan",2022,5,1,"cdround","https://www.inaturalist.org/observations/114233573","http://creativecommons.org/licenses/by-nc/4.0/legalcode","WGS84","3772795267","114233573",NA,NA,NA,NA,NA,NA
"50c9509d-22c7-4a22-a47d-8c48425ef4a7","HUMAN_OBSERVATION","PRESENT","Pareas formosensis",121.20713,24.556336,"Taiwan",2021,4,4,"cdround","https://www.inaturalist.org/observations/73194979","http://creativecommons.org/licenses/by-nc/4.0/legalcode","WGS84","3079916980","73194979",NA,NA,NA,NA,NA,NA
"50c9509d-22c7-4a22-a47d-8c48425ef4a7","HUMAN_OBSERVATION","PRESENT","Pareas formosensis",120.70284,23.486364,"Taiwan",2021,5,8,"cdround","https://www.inaturalist.org/observations/78058515","http://creativecommons.org/licenses/by-nc/4.0/legalcode","WGS84","3113255170","78058515",NA,NA,NA,NA,NA,NA
"50c9509d-22c7-4a22-a47d-8c48425ef4a7","HUMAN_OBSERVATION","PRESENT","Pareas formosensis",113.964882,23.778449,"Guangdong",2021,5,15,"cdround","https://www.inaturalist.org/observations/101870994","http://creativecommons.org/licenses/by-nc/4.0/legalcode","WGS84","3881592393","101870994",NA,NA,NA,NA,NA,NA
"50c9509d-22c7-4a22-a47d-8c48425ef4a7","HUMAN_OBSERVATION","PRESENT","Pareas formosensis",120.957572,24.2354,"Taichung",2021,7,19,"cdround","https://www.inaturalist.org/observations/87747422","http://creativecommons.org/licenses/by-nc/4.0/legalcode","WGS84","3330791218","87747422",NA,NA,NA,NA,NA,NA
"50c9509d-22c7-4a22-a47d-8c48425ef4a7","HUMAN_OBSERVATION","PRESENT","Pareas formosensis",120.754442,23.656197,"Taiwan",2021,7,29,"cdround","https://www.inaturalist.org/observations/89183489","http://creativecommons.org/licenses/by-nc/4.0/legalcode","WGS84","3335437666","89183489",NA,NA,NA,NA,NA,NA
"50c9509d-22c7-4a22-a47d-8c48425ef4a7","HUMAN_OBSERVATION","PRESENT","Pareas formosensis",120.76777,23.66798,"Taiwan",2021,7,29,"","https://www.inaturalist.org/observations/89297826","http://creativecommons.org/licenses/by-nc/4.0/legalcode","WGS84","3705399411","89297826",NA,NA,NA,NA,NA,NA
"50c9509d-22c7-4a22-a47d-8c48425ef4a7","HUMAN_OBSERVATION","PRESENT","Pareas formosensis",121.014338,24.425356,"Taiwan",2020,4,28,"","https://www.inaturalist.org/observations/44210214","http://creativecommons.org/licenses/by-nc/4.0/legalcode","WGS84","2611398629","44210214",NA,NA,NA,NA,NA,NA
"50c9509d-22c7-4a22-a47d-8c48425ef4a7","HUMAN_OBSERVATION","PRESENT","Pareas formosensis",121.007961,24.41897,"Taiwan",2020,5,11,"","https://www.inaturalist.org/observations/45932963","http://creativecommons.org/licenses/by-nc/4.0/legalcode","WGS84","2626469368","45932963",NA,NA,NA,NA,NA,NA
"d8cd16ba-bb74-4420-821e-083f2bac17c2","PRESERVED_SPECIMEN","PRESENT","Pareas formosensis",119.919998,28.5,NA,2020,5,20,"gass84","https://www.ebi.ac.uk/ena/browser/view/MW531674","http://creativecommons.org/licenses/by/4.0/legalcode","WGS84","3349433437","LSU2020MLTWDT01",610,0," Baiyunshan, Lishui, Zhejiang",NA,NA,NA
"50c9509d-22c7-4a22-a47d-8c48425ef4a7","HUMAN_OBSERVATION","PRESENT","Pareas formosensis",120.604486,23.459706,"Taiwan",2020,7,23,"cdround","https://www.inaturalist.org/observations/54161859","http://creativecommons.org/licenses/by-nc/4.0/legalcode","WGS84","2826198804","54161859",NA,NA,NA,NA,NA,NA
"50c9509d-22c7-4a22-a47d-8c48425ef4a7","HUMAN_OBSERVATION","PRESENT","Pareas formosensis",121.014075,24.423397,"Taiwan",2020,9,24,"cdround","https://www.inaturalist.org/observations/60719243","http://creativecommons.org/licenses/by/4.0/legalcode","WGS84","3415502518","60719243",NA,NA,NA,NA,NA,NA
"50c9509d-22c7-4a22-a47d-8c48425ef4a7","HUMAN_OBSERVATION","PRESENT","Pareas formosensis",120.909164,24.239445,"Taichung",2019,4,4,"cdround","https://www.inaturalist.org/observations/21983342","http://creativecommons.org/licenses/by-nc/4.0/legalcode","WGS84","2236211565","21983342",NA,NA,NA,NA,NA,NA
"50c9509d-22c7-4a22-a47d-8c48425ef4a7","HUMAN_OBSERVATION","PRESENT","Pareas formosensis",120.907333,24.238551,"Taichung",2019,4,4,"cdround","https://www.inaturalist.org/observations/22135609","http://creativecommons.org/licenses/by-nc/4.0/legalcode","WGS84","2236240113","22135609",NA,NA,NA,NA,NA,NA
"50c9509d-22c7-4a22-a47d-8c48425ef4a7","HUMAN_OBSERVATION","PRESENT","Pareas formosensis",120.786113,24.19122,"Taichung",2019,4,24,"cdround","https://www.inaturalist.org/observations/23027287","http://creativecommons.org/licenses/by-nc/4.0/legalcode","WGS84","2237519397","23027287",NA,NA,NA,NA,NA,NA
"50c9509d-22c7-4a22-a47d-8c48425ef4a7","HUMAN_OBSERVATION","PRESENT","Pareas formosensis",120.767155,23.669518,"Taiwan",2019,8,26,"cdround","https://www.inaturalist.org/observations/48524710","http://creativecommons.org/licenses/by-nc/4.0/legalcode","WGS84","2802566781","48524710",NA,NA,NA,NA,NA,NA
"50c9509d-22c7-4a22-a47d-8c48425ef4a7","HUMAN_OBSERVATION","PRESENT","Pareas formosensis",121.534409,24.602415,"Taipei",2019,9,29,"cdround","https://www.inaturalist.org/observations/45963991","http://creativecommons.org/licenses/by-nc/4.0/legalcode","WGS84","2626217022","45963991",NA,NA,NA,NA,NA,NA
"50c9509d-22c7-4a22-a47d-8c48425ef4a7","HUMAN_OBSERVATION","PRESENT","Pareas formosensis",120.782059,23.74526,"Taiwan",2018,1,19,"cdround","https://www.inaturalist.org/observations/86119132","http://creativecommons.org/licenses/by-nc/4.0/legalcode","WGS84","3325854451","86119132",NA,NA,NA,NA,NA,NA
"db09684b-0fd1-431e-b5fa-4c1532fbdb14","HUMAN_OBSERVATION","PRESENT","Pareas formosensis",121.14411,24.69039,NA,2017,4,18,"cudc,gass84,rdativ,osiic",NA,"http://creativecommons.org/licenses/by/4.0/legalcode","WGS84","1864145815",NA,NA,NA,NA,NA,NA,NA
"db09684b-0fd1-431e-b5fa-4c1532fbdb14","HUMAN_OBSERVATION","PRESENT","Pareas formosensis",120.70607,23.03225,NA,2017,7,2,"cudc,gass84,rdativ,osiic",NA,"http://creativecommons.org/licenses/by/4.0/legalcode","WGS84","1864149356",NA,NA,NA,NA,NA,NA,NA
"db09684b-0fd1-431e-b5fa-4c1532fbdb14","HUMAN_OBSERVATION","PRESENT","Pareas formosensis",120.50262,22.68213,NA,2017,8,20,"cudc,gass84,rdativ,osiic",NA,"http://creativecommons.org/licenses/by/4.0/legalcode","WGS84","1864152765",NA,NA,NA,NA,NA,NA,NA
"db09684b-0fd1-431e-b5fa-4c1532fbdb14","HUMAN_OBSERVATION","PRESENT","Pareas formosensis",120.93497,24.24575,NA,2017,10,7,"cudc,gass84,rdativ,osiic",NA,"http://creativecommons.org/licenses/by/4.0/legalcode","WGS84","1864154994",NA,NA,NA,NA,NA,NA,NA
"db09684b-0fd1-431e-b5fa-4c1532fbdb14","HUMAN_OBSERVATION","PRESENT","Pareas formosensis",120.65043,23.41999,NA,2017,12,3,"cudc,gass84,rdativ,osiic",NA,"http://creativecommons.org/licenses/by/4.0/legalcode","WGS84","1864157940",NA,NA,NA,NA,NA,NA,NA
"db09684b-0fd1-431e-b5fa-4c1532fbdb14","HUMAN_OBSERVATION","PRESENT","Pareas formosensis",120.629776,23.541485,NA,2016,2,17,"cudc,gass84,rdativ,osiic",NA,"http://creativecommons.org/licenses/by/4.0/legalcode","WGS84","1864135227",NA,NA,NA,NA,NA,NA,NA
"db09684b-0fd1-431e-b5fa-4c1532fbdb14","HUMAN_OBSERVATION","PRESENT","Pareas formosensis",120.673257,23.555938,NA,2016,3,17,"cudc,gass84,rdativ,osiic",NA,"http://creativecommons.org/licenses/by/4.0/legalcode","WGS84","1864135054",NA,NA,NA,NA,NA,NA,NA
"db09684b-0fd1-431e-b5fa-4c1532fbdb14","HUMAN_OBSERVATION","PRESENT","Pareas formosensis",121.52334,25.18844,NA,2016,4,3,"cudc,gass84,rdativ,osiic",NA,"http://creativecommons.org/licenses/by/4.0/legalcode","WGS84","1864135567",NA,NA,NA,NA,NA,NA,NA
"db09684b-0fd1-431e-b5fa-4c1532fbdb14","HUMAN_OBSERVATION","PRESENT","Pareas formosensis",120.686632,22.415131,NA,2016,5,13,"cudc,gass84,rdativ,osiic",NA,"http://creativecommons.org/licenses/by/4.0/legalcode","WGS84","1864136940",NA,NA,NA,NA,NA,NA,NA
"db09684b-0fd1-431e-b5fa-4c1532fbdb14","HUMAN_OBSERVATION","PRESENT","Pareas formosensis",121.503989,25.239003,NA,2016,6,12,"cudc,gass84,rdativ,osiic",NA,"http://creativecommons.org/licenses/by/4.0/legalcode","WGS84","1864137836",NA,NA,NA,NA,NA,NA,NA
"db09684b-0fd1-431e-b5fa-4c1532fbdb14","HUMAN_OBSERVATION","PRESENT","Pareas formosensis",120.617522,23.47173,NA,2016,6,10,"cudc,gass84,rdativ,osiic",NA,"http://creativecommons.org/licenses/by/4.0/legalcode","WGS84","1864137980",NA,NA,NA,NA,NA,NA,NA
"db09684b-0fd1-431e-b5fa-4c1532fbdb14","HUMAN_OBSERVATION","PRESENT","Pareas formosensis",121.543442,25.179496,NA,2016,6,23,"cudc,gass84,rdativ,osiic",NA,"http://creativecommons.org/licenses/by/4.0/legalcode","WGS84","1864138367",NA,NA,NA,NA,NA,NA,NA
"db09684b-0fd1-431e-b5fa-4c1532fbdb14","HUMAN_OBSERVATION","PRESENT","Pareas formosensis",120.66019,23.42205,NA,2016,7,16,"cudc,gass84,rdativ,osiic",NA,"http://creativecommons.org/licenses/by/4.0/legalcode","WGS84","1864138901",NA,NA,NA,NA,NA,NA,NA
"db09684b-0fd1-431e-b5fa-4c1532fbdb14","HUMAN_OBSERVATION","PRESENT","Pareas formosensis",120.66318,23.43528,NA,2016,7,16,"cudc,gass84,rdativ,osiic",NA,"http://creativecommons.org/licenses/by/4.0/legalcode","WGS84","1864138925",NA,NA,NA,NA,NA,NA,NA
"db09684b-0fd1-431e-b5fa-4c1532fbdb14","HUMAN_OBSERVATION","PRESENT","Pareas formosensis",120.64104,23.43133,NA,2016,7,16,"cudc,gass84,rdativ,osiic",NA,"http://creativecommons.org/licenses/by/4.0/legalcode","WGS84","1864139231",NA,NA,NA,NA,NA,NA,NA
"db09684b-0fd1-431e-b5fa-4c1532fbdb14","HUMAN_OBSERVATION","PRESENT","Pareas formosensis",120.878191,24.228043,NA,2016,10,18,"cudc,gass84,rdativ,osiic",NA,"http://creativecommons.org/licenses/by/4.0/legalcode","WGS84","1864141687",NA,NA,NA,NA,NA,NA,NA
"db09684b-0fd1-431e-b5fa-4c1532fbdb14","HUMAN_OBSERVATION","PRESENT","Pareas formosensis",120.931549,24.244871,NA,2016,10,18,"cudc,gass84,rdativ,osiic",NA,"http://creativecommons.org/licenses/by/4.0/legalcode","WGS84","1864141852",NA,NA,NA,NA,NA,NA,NA
"83cbdde7-998f-4354-95de-72d885cc5863","OCCURRENCE","PRESENT","Pareas formosensis",120.8658,23.8432,NA,2016,10,17,"",NA,"http://creativecommons.org/licenses/by/4.0/legalcode","WGS84","3774441481",NA,NA,NA,"<U+4E09><U+5206><U+6A4B>",NA,NA,NA
"db09684b-0fd1-431e-b5fa-4c1532fbdb14","HUMAN_OBSERVATION","PRESENT","Pareas formosensis",120.883225,24.215316,NA,2016,11,4,"cudc,gass84,rdativ,osiic",NA,"http://creativecommons.org/licenses/by/4.0/legalcode","WGS84","1864141972",NA,NA,NA,NA,NA,NA,NA
"db09684b-0fd1-431e-b5fa-4c1532fbdb14","HUMAN_OBSERVATION","PRESENT","Pareas formosensis",120.738834,23.059851,NA,2016,11,19,"cudc,gass84,rdativ,osiic",NA,"http://creativecommons.org/licenses/by/4.0/legalcode","WGS84","1864142389",NA,NA,NA,NA,NA,NA,NA
"db09684b-0fd1-431e-b5fa-4c1532fbdb14","HUMAN_OBSERVATION","PRESENT","Pareas formosensis",120.899948,24.232213,NA,2016,11,20,"cudc,gass84,rdativ,osiic",NA,"http://creativecommons.org/licenses/by/4.0/legalcode","WGS84","1864142818",NA,NA,NA,NA,NA,NA,NA
"db09684b-0fd1-431e-b5fa-4c1532fbdb14","HUMAN_OBSERVATION","PRESENT","Pareas formosensis",120.787725,24.244521,NA,2015,1,21,"cudc,gass84,rdativ,osiic",NA,"http://creativecommons.org/licenses/by/4.0/legalcode","WGS84","1864126024",NA,NA,NA,NA,NA,NA,NA
"db09684b-0fd1-431e-b5fa-4c1532fbdb14","HUMAN_OBSERVATION","PRESENT","Pareas formosensis",121.583069,24.977578,NA,2015,2,28,"cudc,gass84,rdativ,osiic",NA,"http://creativecommons.org/licenses/by/4.0/legalcode","WGS84","1864126321",NA,NA,NA,NA,NA,NA,NA
"db09684b-0fd1-431e-b5fa-4c1532fbdb14","HUMAN_OBSERVATION","PRESENT","Pareas formosensis",121.503571,24.800741,NA,2015,2,27,"cudc,gass84,rdativ,osiic",NA,"http://creativecommons.org/licenses/by/4.0/legalcode","WGS84","1864126401",NA,NA,NA,NA,NA,NA,NA
"db09684b-0fd1-431e-b5fa-4c1532fbdb14","HUMAN_OBSERVATION","PRESENT","Pareas formosensis",120.92222,23.8467,NA,2015,3,31,"cudc,gass84,rdativ,osiic",NA,"http://creativecommons.org/licenses/by/4.0/legalcode","WGS84","1864126748",NA,NA,NA,NA,NA,NA,NA
"db09684b-0fd1-431e-b5fa-4c1532fbdb14","HUMAN_OBSERVATION","PRESENT","Pareas formosensis",120.726251,23.287275,NA,2015,4,28,"cudc,gass84,rdativ,osiic",NA,"http://creativecommons.org/licenses/by/4.0/legalcode","WGS84","1864127653",NA,NA,NA,NA,NA,NA,NA
"50c9509d-22c7-4a22-a47d-8c48425ef4a7","HUMAN_OBSERVATION","PRESENT","Pareas formosensis",120.697188,23.473565,"Taiwan",2015,5,16,"cdround","https://www.inaturalist.org/observations/64107053","http://creativecommons.org/licenses/by-nc/4.0/legalcode","WGS84","2981011028","64107053",NA,NA,NA,NA,NA,NA
"db09684b-0fd1-431e-b5fa-4c1532fbdb14","HUMAN_OBSERVATION","PRESENT","Pareas formosensis",121.185448,24.041881,NA,2015,6,7,"cudc,gass84,rdativ,osiic",NA,"http://creativecommons.org/licenses/by/4.0/legalcode","WGS84","1864128645",NA,NA,NA,NA,NA,NA,NA
"db09684b-0fd1-431e-b5fa-4c1532fbdb14","HUMAN_OBSERVATION","PRESENT","Pareas formosensis",120.701959,23.02506,NA,2015,6,8,"cudc,gass84,rdativ,osiic",NA,"http://creativecommons.org/licenses/by/4.0/legalcode","WGS84","1864128765",NA,NA,NA,NA,NA,NA,NA
"db09684b-0fd1-431e-b5fa-4c1532fbdb14","HUMAN_OBSERVATION","PRESENT","Pareas formosensis",120.878574,24.228215,NA,2015,6,14,"cudc,gass84,rdativ,osiic",NA,"http://creativecommons.org/licenses/by/4.0/legalcode","WGS84","1864129156",NA,NA,NA,NA,NA,NA,NA
"db09684b-0fd1-431e-b5fa-4c1532fbdb14","HUMAN_OBSERVATION","PRESENT","Pareas formosensis",120.7525,23.486389,NA,2015,6,21,"cudc,gass84,rdativ,osiic",NA,"http://creativecommons.org/licenses/by/4.0/legalcode","WGS84","1864129218",NA,NA,NA,NA,NA,NA,NA
"db09684b-0fd1-431e-b5fa-4c1532fbdb14","HUMAN_OBSERVATION","PRESENT","Pareas formosensis",120.718244,23.477197,NA,2015,6,21,"cudc,gass84,rdativ,osiic",NA,"http://creativecommons.org/licenses/by/4.0/legalcode","WGS84","1864129252",NA,NA,NA,NA,NA,NA,NA
"db09684b-0fd1-431e-b5fa-4c1532fbdb14","HUMAN_OBSERVATION","PRESENT","Pareas formosensis",120.769444,23.491111,NA,2015,6,21,"cudc,gass84,rdativ,osiic",NA,"http://creativecommons.org/licenses/by/4.0/legalcode","WGS84","1864129286",NA,NA,NA,NA,NA,NA,NA
"db09684b-0fd1-431e-b5fa-4c1532fbdb14","HUMAN_OBSERVATION","PRESENT","Pareas formosensis",120.71783,23.47387,NA,2015,6,21,"cudc,gass84,rdativ,osiic",NA,"http://creativecommons.org/licenses/by/4.0/legalcode","WGS84","1864129304",NA,NA,NA,NA,NA,NA,NA
"db09684b-0fd1-431e-b5fa-4c1532fbdb14","HUMAN_OBSERVATION","PRESENT","Pareas formosensis",120.723333,23.459444,NA,2015,6,21,"cudc,gass84,rdativ,osiic",NA,"http://creativecommons.org/licenses/by/4.0/legalcode","WGS84","1864129326",NA,NA,NA,NA,NA,NA,NA
"db09684b-0fd1-431e-b5fa-4c1532fbdb14","HUMAN_OBSERVATION","PRESENT","Pareas formosensis",120.728903,23.463902,NA,2015,6,21,"cudc,gass84,rdativ,osiic",NA,"http://creativecommons.org/licenses/by/4.0/legalcode","WGS84","1864129334",NA,NA,NA,NA,NA,NA,NA
"db09684b-0fd1-431e-b5fa-4c1532fbdb14","HUMAN_OBSERVATION","PRESENT","Pareas formosensis",120.737762,23.483206,NA,2015,6,21,"cudc,gass84,rdativ,osiic",NA,"http://creativecommons.org/licenses/by/4.0/legalcode","WGS84","1864129344",NA,NA,NA,NA,NA,NA,NA
"db09684b-0fd1-431e-b5fa-4c1532fbdb14","HUMAN_OBSERVATION","PRESENT","Pareas formosensis",121.13074,23.97824,NA,2015,6,23,"cudc,gass84,rdativ,osiic",NA,"http://creativecommons.org/licenses/by/4.0/legalcode","WGS84","1864129403",NA,NA,NA,NA,NA,NA,NA
"db09684b-0fd1-431e-b5fa-4c1532fbdb14","HUMAN_OBSERVATION","PRESENT","Pareas formosensis",120.800556,23.508056,NA,2015,6,21,"cudc,gass84,rdativ,osiic",NA,"http://creativecommons.org/licenses/by/4.0/legalcode","WGS84","1864129432",NA,NA,NA,NA,NA,NA,NA
"50c9509d-22c7-4a22-a47d-8c48425ef4a7","HUMAN_OBSERVATION","PRESENT","Pareas formosensis",121.414855,24.646877,"Taipei",2015,6,30,"","https://www.inaturalist.org/observations/112471280","http://creativecommons.org/licenses/by-nc/4.0/legalcode","WGS84","3764501568","112471280",NA,NA,NA,NA,NA,NA
"db09684b-0fd1-431e-b5fa-4c1532fbdb14","HUMAN_OBSERVATION","PRESENT","Pareas formosensis",120.65296,23.40726,NA,2015,7,9,"cudc,gass84,rdativ,osiic",NA,"http://creativecommons.org/licenses/by/4.0/legalcode","WGS84","1864129803",NA,NA,NA,NA,NA,NA,NA
"db09684b-0fd1-431e-b5fa-4c1532fbdb14","HUMAN_OBSERVATION","PRESENT","Pareas formosensis",120.66468,23.43244,NA,2015,7,15,"cudc,gass84,rdativ,osiic",NA,"http://creativecommons.org/licenses/by/4.0/legalcode","WGS84","1864130233",NA,NA,NA,NA,NA,NA,NA
"db09684b-0fd1-431e-b5fa-4c1532fbdb14","HUMAN_OBSERVATION","PRESENT","Pareas formosensis",120.68144,23.45472,NA,2015,7,16,"cudc,gass84,rdativ,osiic",NA,"http://creativecommons.org/licenses/by/4.0/legalcode","WGS84","1864130308",NA,NA,NA,NA,NA,NA,NA
"db09684b-0fd1-431e-b5fa-4c1532fbdb14","HUMAN_OBSERVATION","PRESENT","Pareas formosensis",120.645439,23.416589,NA,2015,7,15,"cudc,gass84,rdativ,osiic",NA,"http://creativecommons.org/licenses/by/4.0/legalcode","WGS84","1864130343",NA,NA,NA,NA,NA,NA,NA
"db09684b-0fd1-431e-b5fa-4c1532fbdb14","HUMAN_OBSERVATION","PRESENT","Pareas formosensis",120.711879,23.038473,NA,2015,7,17,"cudc,gass84,rdativ,osiic",NA,"http://creativecommons.org/licenses/by/4.0/legalcode","WGS84","1864130396",NA,NA,NA,NA,NA,NA,NA
"db09684b-0fd1-431e-b5fa-4c1532fbdb14","HUMAN_OBSERVATION","PRESENT","Pareas formosensis",120.702392,23.028749,NA,2015,7,31,"cudc,gass84,rdativ,osiic",NA,"http://creativecommons.org/licenses/by/4.0/legalcode","WGS84","1864130828",NA,NA,NA,NA,NA,NA,NA
"db09684b-0fd1-431e-b5fa-4c1532fbdb14","HUMAN_OBSERVATION","PRESENT","Pareas formosensis",120.656389,23.420555,NA,2015,8,4,"cudc,gass84,rdativ,osiic",NA,"http://creativecommons.org/licenses/by/4.0/legalcode","WGS84","1864131013",NA,NA,NA,NA,NA,NA,NA
"db09684b-0fd1-431e-b5fa-4c1532fbdb14","HUMAN_OBSERVATION","PRESENT","Pareas formosensis",121.401075,25.044975,NA,2015,8,21,"cudc,gass84,rdativ,osiic",NA,"http://creativecommons.org/licenses/by/4.0/legalcode","WGS84","1864131106",NA,NA,NA,NA,NA,NA,NA
"db09684b-0fd1-431e-b5fa-4c1532fbdb14","HUMAN_OBSERVATION","PRESENT","Pareas formosensis",120.61018,23.462368,NA,2015,8,22,"cudc,gass84,rdativ,osiic",NA,"http://creativecommons.org/licenses/by/4.0/legalcode","WGS84","1864131274",NA,NA,NA,NA,NA,NA,NA
"db09684b-0fd1-431e-b5fa-4c1532fbdb14","HUMAN_OBSERVATION","PRESENT","Pareas formosensis",120.598238,23.464013,NA,2015,9,1,"cudc,gass84,rdativ,osiic",NA,"http://creativecommons.org/licenses/by/4.0/legalcode","WGS84","1864131730",NA,NA,NA,NA,NA,NA,NA
"db09684b-0fd1-431e-b5fa-4c1532fbdb14","HUMAN_OBSERVATION","PRESENT","Pareas formosensis",120.694552,23.477918,NA,2015,9,25,"cudc,gass84,rdativ,osiic",NA,"http://creativecommons.org/licenses/by/4.0/legalcode","WGS84","1864132014",NA,NA,NA,NA,NA,NA,NA
"db09684b-0fd1-431e-b5fa-4c1532fbdb14","HUMAN_OBSERVATION","PRESENT","Pareas formosensis",120.696591,23.481246,NA,2015,9,17,"cudc,gass84,rdativ,osiic",NA,"http://creativecommons.org/licenses/by/4.0/legalcode","WGS84","1864132322",NA,NA,NA,NA,NA,NA,NA
"db09684b-0fd1-431e-b5fa-4c1532fbdb14","HUMAN_OBSERVATION","PRESENT","Pareas formosensis",120.89567,24.171526,NA,2015,10,14,"cudc,gass84,rdativ,osiic",NA,"http://creativecommons.org/licenses/by/4.0/legalcode","WGS84","1864132672",NA,NA,NA,NA,NA,NA,NA
"db09684b-0fd1-431e-b5fa-4c1532fbdb14","HUMAN_OBSERVATION","PRESENT","Pareas formosensis",121.619752,24.990286,NA,2015,10,18,"cudc,gass84,rdativ,osiic",NA,"http://creativecommons.org/licenses/by/4.0/legalcode","WGS84","1864132868",NA,NA,NA,NA,NA,NA,NA
"db09684b-0fd1-431e-b5fa-4c1532fbdb14","HUMAN_OBSERVATION","PRESENT","Pareas formosensis",120.602759,23.4625,NA,2015,11,13,"cudc,gass84,rdativ,osiic",NA,"http://creativecommons.org/licenses/by/4.0/legalcode","WGS84","1864133449",NA,NA,NA,NA,NA,NA,NA
"db09684b-0fd1-431e-b5fa-4c1532fbdb14","HUMAN_OBSERVATION","PRESENT","Pareas formosensis",120.621222,23.480611,NA,2015,11,13,"cudc,gass84,rdativ,osiic",NA,"http://creativecommons.org/licenses/by/4.0/legalcode","WGS84","1864133848",NA,NA,NA,NA,NA,NA,NA
"db09684b-0fd1-431e-b5fa-4c1532fbdb14","HUMAN_OBSERVATION","PRESENT","Pareas formosensis",120.601591,23.464576,NA,2015,12,26,"cudc,gass84,rdativ,osiic",NA,"http://creativecommons.org/licenses/by/4.0/legalcode","WGS84","1864134323",NA,NA,NA,NA,NA,NA,NA
"db09684b-0fd1-431e-b5fa-4c1532fbdb14","HUMAN_OBSERVATION","PRESENT","Pareas formosensis",120.759097,23.769066,NA,2014,1,9,"cudc,gass84,rdativ,osiic",NA,"http://creativecommons.org/licenses/by/4.0/legalcode","WGS84","1864117873",NA,NA,NA,NA,NA,NA,NA
"db09684b-0fd1-431e-b5fa-4c1532fbdb14","HUMAN_OBSERVATION","PRESENT","Pareas formosensis",120.599188,23.46425,NA,2014,2,5,"cudc,gass84,rdativ,osiic",NA,"http://creativecommons.org/licenses/by/4.0/legalcode","WGS84","1864118153",NA,NA,NA,NA,NA,NA,NA
"db09684b-0fd1-431e-b5fa-4c1532fbdb14","HUMAN_OBSERVATION","PRESENT","Pareas formosensis",121.493906,24.982881,NA,2014,3,2,"cudc,gass84,rdativ,osiic",NA,"http://creativecommons.org/licenses/by/4.0/legalcode","WGS84","1864117891",NA,NA,NA,NA,NA,NA,NA
"db09684b-0fd1-431e-b5fa-4c1532fbdb14","HUMAN_OBSERVATION","PRESENT","Pareas formosensis",121.593369,25.018923,NA,2014,3,16,"cudc,gass84,rdativ,osiic",NA,"http://creativecommons.org/licenses/by/4.0/legalcode","WGS84","1864118069",NA,NA,NA,NA,NA,NA,NA
"db09684b-0fd1-431e-b5fa-4c1532fbdb14","HUMAN_OBSERVATION","PRESENT","Pareas formosensis",121.35089,24.72218,NA,2014,3,28,"cudc,gass84,rdativ,osiic",NA,"http://creativecommons.org/licenses/by/4.0/legalcode","WGS84","1864118341",NA,NA,NA,NA,NA,NA,NA
"db09684b-0fd1-431e-b5fa-4c1532fbdb14","HUMAN_OBSERVATION","PRESENT","Pareas formosensis",120.912349,24.242251,NA,2014,3,28,"cudc,gass84,rdativ,osiic",NA,"http://creativecommons.org/licenses/by/4.0/legalcode","WGS84","1864118356",NA,NA,NA,NA,NA,NA,NA
"db09684b-0fd1-431e-b5fa-4c1532fbdb14","HUMAN_OBSERVATION","PRESENT","Pareas formosensis",121.566994,25.106665,NA,2014,3,31,"cudc,gass84,rdativ,osiic",NA,"http://creativecommons.org/licenses/by/4.0/legalcode","WGS84","1864118519",NA,NA,NA,NA,NA,NA,NA
"db09684b-0fd1-431e-b5fa-4c1532fbdb14","HUMAN_OBSERVATION","PRESENT","Pareas formosensis",121.37865,24.68777,NA,2014,4,9,"cudc,gass84,rdativ,osiic",NA,"http://creativecommons.org/licenses/by/4.0/legalcode","WGS84","1864118501",NA,NA,NA,NA,NA,NA,NA
"db09684b-0fd1-431e-b5fa-4c1532fbdb14","HUMAN_OBSERVATION","PRESENT","Pareas formosensis",121.832008,24.533828,NA,2014,4,9,"cudc,gass84,rdativ,osiic",NA,"http://creativecommons.org/licenses/by/4.0/legalcode","WGS84","1864118535",NA,NA,NA,NA,NA,NA,NA
"db09684b-0fd1-431e-b5fa-4c1532fbdb14","HUMAN_OBSERVATION","PRESENT","Pareas formosensis",120.965921,24.151495,NA,2014,4,13,"cudc,gass84,rdativ,osiic",NA,"http://creativecommons.org/licenses/by/4.0/legalcode","WGS84","1864118566",NA,NA,NA,NA,NA,NA,NA
"db09684b-0fd1-431e-b5fa-4c1532fbdb14","HUMAN_OBSERVATION","PRESENT","Pareas formosensis",120.82587,23.832814,NA,2014,4,17,"cudc,gass84,rdativ,osiic",NA,"http://creativecommons.org/licenses/by/4.0/legalcode","WGS84","1864118732",NA,NA,NA,NA,NA,NA,NA
"db09684b-0fd1-431e-b5fa-4c1532fbdb14","HUMAN_OBSERVATION","PRESENT","Pareas formosensis",121.389858,24.677769,NA,2014,4,19,"cudc,gass84,rdativ,osiic",NA,"http://creativecommons.org/licenses/by/4.0/legalcode","WGS84","1864118787",NA,NA,NA,NA,NA,NA,NA
"db09684b-0fd1-431e-b5fa-4c1532fbdb14","HUMAN_OBSERVATION","PRESENT","Pareas formosensis",121.520717,25.179275,NA,2014,4,26,"cudc,gass84,rdativ,osiic",NA,"http://creativecommons.org/licenses/by/4.0/legalcode","WGS84","1864119024",NA,NA,NA,NA,NA,NA,NA
"db09684b-0fd1-431e-b5fa-4c1532fbdb14","HUMAN_OBSERVATION","PRESENT","Pareas formosensis",121.520836,25.178792,NA,2014,4,26,"cudc,gass84,rdativ,osiic",NA,"http://creativecommons.org/licenses/by/4.0/legalcode","WGS84","1864119170",NA,NA,NA,NA,NA,NA,NA
"db09684b-0fd1-431e-b5fa-4c1532fbdb14","HUMAN_OBSERVATION","PRESENT","Pareas formosensis",120.911459,23.947191,NA,2014,5,5,"cudc,gass84,rdativ,osiic",NA,"http://creativecommons.org/licenses/by/4.0/legalcode","WGS84","1864119147",NA,NA,NA,NA,NA,NA,NA
"db09684b-0fd1-431e-b5fa-4c1532fbdb14","HUMAN_OBSERVATION","PRESENT","Pareas formosensis",121.468544,23.5,NA,2014,5,2,"cudc,gass84,rdativ,osiic",NA,"http://creativecommons.org/licenses/by/4.0/legalcode","WGS84","1864119155",NA,NA,NA,NA,NA,NA,NA
"db09684b-0fd1-431e-b5fa-4c1532fbdb14","HUMAN_OBSERVATION","PRESENT","Pareas formosensis",121.036708,24.81222,NA,2014,5,5,"cudc,gass84,rdativ,osiic",NA,"http://creativecommons.org/licenses/by/4.0/legalcode","WGS84","1864119199",NA,NA,NA,NA,NA,NA,NA
"db09684b-0fd1-431e-b5fa-4c1532fbdb14","HUMAN_OBSERVATION","PRESENT","Pareas formosensis",120.608083,23.453842,NA,2014,5,9,"cudc,gass84,rdativ,osiic",NA,"http://creativecommons.org/licenses/by/4.0/legalcode","WGS84","1864119242",NA,NA,NA,NA,NA,NA,NA
"db09684b-0fd1-431e-b5fa-4c1532fbdb14","HUMAN_OBSERVATION","PRESENT","Pareas formosensis",120.623539,23.600469,NA,2014,5,13,"cudc,gass84,rdativ,osiic",NA,"http://creativecommons.org/licenses/by/4.0/legalcode","WGS84","1864119247",NA,NA,NA,NA,NA,NA,NA
"db09684b-0fd1-431e-b5fa-4c1532fbdb14","HUMAN_OBSERVATION","PRESENT","Pareas formosensis",121.384478,24.442774,NA,2014,5,14,"cudc,gass84,rdativ,osiic",NA,"http://creativecommons.org/licenses/by/4.0/legalcode","WGS84","1864119284",NA,NA,NA,NA,NA,NA,NA
"db09684b-0fd1-431e-b5fa-4c1532fbdb14","HUMAN_OBSERVATION","PRESENT","Pareas formosensis",120.788617,23.085383,NA,2014,5,23,"cudc,gass84,rdativ,osiic",NA,"http://creativecommons.org/licenses/by/4.0/legalcode","WGS84","1864119665",NA,NA,NA,NA,NA,NA,NA
"db09684b-0fd1-431e-b5fa-4c1532fbdb14","HUMAN_OBSERVATION","PRESENT","Pareas formosensis",121.53568,24.93494,NA,2014,5,31,"cudc,gass84,rdativ,osiic",NA,"http://creativecommons.org/licenses/by/4.0/legalcode","WGS84","1864119956",NA,NA,NA,NA,NA,NA,NA
"db09684b-0fd1-431e-b5fa-4c1532fbdb14","HUMAN_OBSERVATION","PRESENT","Pareas formosensis",121.53407,24.93693,NA,2014,6,17,"cudc,gass84,rdativ,osiic",NA,"http://creativecommons.org/licenses/by/4.0/legalcode","WGS84","1864120470",NA,NA,NA,NA,NA,NA,NA
"db09684b-0fd1-431e-b5fa-4c1532fbdb14","HUMAN_OBSERVATION","PRESENT","Pareas formosensis",121.561992,25.168776,NA,2014,6,20,"cudc,gass84,rdativ,osiic",NA,"http://creativecommons.org/licenses/by/4.0/legalcode","WGS84","1864120831",NA,NA,NA,NA,NA,NA,NA
"db09684b-0fd1-431e-b5fa-4c1532fbdb14","HUMAN_OBSERVATION","PRESENT","Pareas formosensis",120.57278,23.374699,NA,2014,6,29,"cudc,gass84,rdativ,osiic",NA,"http://creativecommons.org/licenses/by/4.0/legalcode","WGS84","1864121409",NA,NA,NA,NA,NA,NA,NA
"db09684b-0fd1-431e-b5fa-4c1532fbdb14","HUMAN_OBSERVATION","PRESENT","Pareas formosensis",121.13579,24.707922,NA,2014,7,5,"cudc,gass84,rdativ,osiic",NA,"http://creativecommons.org/licenses/by/4.0/legalcode","WGS84","1864121581",NA,NA,NA,NA,NA,NA,NA
"db09684b-0fd1-431e-b5fa-4c1532fbdb14","HUMAN_OBSERVATION","PRESENT","Pareas formosensis",121.024286,23.196214,NA,2014,7,3,"cudc,gass84,rdativ,osiic",NA,"http://creativecommons.org/licenses/by/4.0/legalcode","WGS84","1864121684",NA,NA,NA,NA,NA,NA,NA
"db09684b-0fd1-431e-b5fa-4c1532fbdb14","HUMAN_OBSERVATION","PRESENT","Pareas formosensis",121.35915,24.78211,NA,2014,7,9,"cudc,gass84,rdativ,osiic",NA,"http://creativecommons.org/licenses/by/4.0/legalcode","WGS84","1864121839",NA,NA,NA,NA,NA,NA,NA
"db09684b-0fd1-431e-b5fa-4c1532fbdb14","HUMAN_OBSERVATION","PRESENT","Pareas formosensis",120.773363,23.667432,NA,2014,7,10,"cudc,gass84,rdativ,osiic",NA,"http://creativecommons.org/licenses/by/4.0/legalcode","WGS84","1864121891",NA,NA,NA,NA,NA,NA,NA
"db09684b-0fd1-431e-b5fa-4c1532fbdb14","HUMAN_OBSERVATION","PRESENT","Pareas formosensis",121.592604,25.018731,NA,2014,7,11,"cudc,gass84,rdativ,osiic",NA,"http://creativecommons.org/licenses/by/4.0/legalcode","WGS84","1864121925",NA,NA,NA,NA,NA,NA,NA
"db09684b-0fd1-431e-b5fa-4c1532fbdb14","HUMAN_OBSERVATION","PRESENT","Pareas formosensis",120.822097,21.994466,NA,2014,7,12,"cudc,gass84,rdativ,osiic",NA,"http://creativecommons.org/licenses/by/4.0/legalcode","WGS84","1864121929",NA,NA,NA,NA,NA,NA,NA
"db09684b-0fd1-431e-b5fa-4c1532fbdb14","HUMAN_OBSERVATION","PRESENT","Pareas formosensis",120.601612,23.463315,NA,2014,7,15,"cudc,gass84,rdativ,osiic",NA,"http://creativecommons.org/licenses/by/4.0/legalcode","WGS84","1864121956",NA,NA,NA,NA,NA,NA,NA
"db09684b-0fd1-431e-b5fa-4c1532fbdb14","HUMAN_OBSERVATION","PRESENT","Pareas formosensis",121.53992,25.167625,NA,2014,7,12,"cudc,gass84,rdativ,osiic",NA,"http://creativecommons.org/licenses/by/4.0/legalcode","WGS84","1864121987",NA,NA,NA,NA,NA,NA,NA
"db09684b-0fd1-431e-b5fa-4c1532fbdb14","HUMAN_OBSERVATION","PRESENT","Pareas formosensis",121.35246,24.71557,NA,2014,7,13,"cudc,gass84,rdativ,osiic",NA,"http://creativecommons.org/licenses/by/4.0/legalcode","WGS84","1864122062",NA,NA,NA,NA,NA,NA,NA
"db09684b-0fd1-431e-b5fa-4c1532fbdb14","HUMAN_OBSERVATION","PRESENT","Pareas formosensis",120.65084,23.41745,NA,2014,7,12,"cudc,gass84,rdativ,osiic",NA,"http://creativecommons.org/licenses/by/4.0/legalcode","WGS84","1864122210",NA,NA,NA,NA,NA,NA,NA
"db09684b-0fd1-431e-b5fa-4c1532fbdb14","HUMAN_OBSERVATION","PRESENT","Pareas formosensis",121.422828,24.696905,NA,2014,7,17,"cudc,gass84,rdativ,osiic",NA,"http://creativecommons.org/licenses/by/4.0/legalcode","WGS84","1864122245",NA,NA,NA,NA,NA,NA,NA
"db09684b-0fd1-431e-b5fa-4c1532fbdb14","HUMAN_OBSERVATION","PRESENT","Pareas formosensis",120.732755,23.837098,NA,2014,7,21,"cudc,gass84,rdativ,osiic",NA,"http://creativecommons.org/licenses/by/4.0/legalcode","WGS84","1864122319",NA,NA,NA,NA,NA,NA,NA
"db09684b-0fd1-431e-b5fa-4c1532fbdb14","HUMAN_OBSERVATION","PRESENT","Pareas formosensis",121.138489,23.132237,NA,2014,7,21,"cudc,gass84,rdativ,osiic",NA,"http://creativecommons.org/licenses/by/4.0/legalcode","WGS84","1864122371",NA,NA,NA,NA,NA,NA,NA
"db09684b-0fd1-431e-b5fa-4c1532fbdb14","HUMAN_OBSERVATION","PRESENT","Pareas formosensis",121.525305,25.186263,NA,2014,8,11,"cudc,gass84,rdativ,osiic",NA,"http://creativecommons.org/licenses/by/4.0/legalcode","WGS84","1864122955",NA,NA,NA,NA,NA,NA,NA
"db09684b-0fd1-431e-b5fa-4c1532fbdb14","HUMAN_OBSERVATION","PRESENT","Pareas formosensis",121.423935,24.483712,NA,2014,8,21,"cudc,gass84,rdativ,osiic",NA,"http://creativecommons.org/licenses/by/4.0/legalcode","WGS84","1864123208",NA,NA,NA,NA,NA,NA,NA
"db09684b-0fd1-431e-b5fa-4c1532fbdb14","HUMAN_OBSERVATION","PRESENT","Pareas formosensis",120.7941,23.67119,NA,2014,8,25,"cudc,gass84,rdativ,osiic",NA,"http://creativecommons.org/licenses/by/4.0/legalcode","WGS84","1864123258",NA,NA,NA,NA,NA,NA,NA
"db09684b-0fd1-431e-b5fa-4c1532fbdb14","HUMAN_OBSERVATION","PRESENT","Pareas formosensis",121.071667,23.9345,NA,2014,8,29,"cudc,gass84,rdativ,osiic",NA,"http://creativecommons.org/licenses/by/4.0/legalcode","WGS84","1864123412",NA,NA,NA,NA,NA,NA,NA
"db09684b-0fd1-431e-b5fa-4c1532fbdb14","HUMAN_OBSERVATION","PRESENT","Pareas formosensis",121.32064,24.8322,NA,2014,9,8,"cudc,gass84,rdativ,osiic",NA,"http://creativecommons.org/licenses/by/4.0/legalcode","WGS84","1864123567",NA,NA,NA,NA,NA,NA,NA
"db09684b-0fd1-431e-b5fa-4c1532fbdb14","HUMAN_OBSERVATION","PRESENT","Pareas formosensis",121.268238,24.66585,NA,2014,9,7,"cudc,gass84,rdativ,osiic",NA,"http://creativecommons.org/licenses/by/4.0/legalcode","WGS84","1864123568",NA,NA,NA,NA,NA,NA,NA
"db09684b-0fd1-431e-b5fa-4c1532fbdb14","HUMAN_OBSERVATION","PRESENT","Pareas formosensis",120.847972,24.273531,NA,2014,9,8,"cudc,gass84,rdativ,osiic",NA,"http://creativecommons.org/licenses/by/4.0/legalcode","WGS84","1864123588",NA,NA,NA,NA,NA,NA,NA
"db09684b-0fd1-431e-b5fa-4c1532fbdb14","HUMAN_OBSERVATION","PRESENT","Pareas formosensis",121.139018,24.694907,NA,2014,9,8,"cudc,gass84,rdativ,osiic",NA,"http://creativecommons.org/licenses/by/4.0/legalcode","WGS84","1864123801",NA,NA,NA,NA,NA,NA,NA
"db09684b-0fd1-431e-b5fa-4c1532fbdb14","HUMAN_OBSERVATION","PRESENT","Pareas formosensis",121.137462,24.700878,NA,2014,9,28,"cudc,gass84,rdativ,osiic",NA,"http://creativecommons.org/licenses/by/4.0/legalcode","WGS84","1864124241",NA,NA,NA,NA,NA,NA,NA
"db09684b-0fd1-431e-b5fa-4c1532fbdb14","HUMAN_OBSERVATION","PRESENT","Pareas formosensis",120.90752,24.24194,NA,2014,10,11,"cudc,gass84,rdativ,osiic",NA,"http://creativecommons.org/licenses/by/4.0/legalcode","WGS84","1864124507",NA,NA,NA,NA,NA,NA,NA
"db09684b-0fd1-431e-b5fa-4c1532fbdb14","HUMAN_OBSERVATION","PRESENT","Pareas formosensis",120.668892,23.384383,NA,2014,10,14,"cudc,gass84,rdativ,osiic",NA,"http://creativecommons.org/licenses/by/4.0/legalcode","WGS84","1864124640",NA,NA,NA,NA,NA,NA,NA
"db09684b-0fd1-431e-b5fa-4c1532fbdb14","HUMAN_OBSERVATION","PRESENT","Pareas formosensis",120.756667,23.491667,NA,2014,10,19,"cudc,gass84,rdativ,osiic",NA,"http://creativecommons.org/licenses/by/4.0/legalcode","WGS84","1864124773",NA,NA,NA,NA,NA,NA,NA
"db09684b-0fd1-431e-b5fa-4c1532fbdb14","HUMAN_OBSERVATION","PRESENT","Pareas formosensis",120.887831,23.91184,NA,2014,10,26,"cudc,gass84,rdativ,osiic",NA,"http://creativecommons.org/licenses/by/4.0/legalcode","WGS84","1864124914",NA,NA,NA,NA,NA,NA,NA
"db09684b-0fd1-431e-b5fa-4c1532fbdb14","HUMAN_OBSERVATION","PRESENT","Pareas formosensis",120.705082,23.033869,NA,2014,11,15,"cudc,gass84,rdativ,osiic",NA,"http://creativecommons.org/licenses/by/4.0/legalcode","WGS84","1864125303",NA,NA,NA,NA,NA,NA,NA
"db09684b-0fd1-431e-b5fa-4c1532fbdb14","HUMAN_OBSERVATION","PRESENT","Pareas formosensis",120.70869,23.70828,NA,2014,11,11,"cudc,gass84,rdativ,osiic",NA,"http://creativecommons.org/licenses/by/4.0/legalcode","WGS84","1864125317",NA,NA,NA,NA,NA,NA,NA
"db09684b-0fd1-431e-b5fa-4c1532fbdb14","HUMAN_OBSERVATION","PRESENT","Pareas formosensis",121.473572,24.64967,NA,2014,11,12,"cudc,gass84,rdativ,osiic",NA,"http://creativecommons.org/licenses/by/4.0/legalcode","WGS84","1864125363",NA,NA,NA,NA,NA,NA,NA
"db09684b-0fd1-431e-b5fa-4c1532fbdb14","HUMAN_OBSERVATION","PRESENT","Pareas formosensis",120.715149,23.037244,NA,2014,11,15,"cudc,gass84,rdativ,osiic",NA,"http://creativecommons.org/licenses/by/4.0/legalcode","WGS84","1864125365",NA,NA,NA,NA,NA,NA,NA
"db09684b-0fd1-431e-b5fa-4c1532fbdb14","HUMAN_OBSERVATION","PRESENT","Pareas formosensis",120.840767,23.845198,NA,2014,11,20,"cudc,gass84,rdativ,osiic",NA,"http://creativecommons.org/licenses/by/4.0/legalcode","WGS84","1864125509",NA,NA,NA,NA,NA,NA,NA
"db09684b-0fd1-431e-b5fa-4c1532fbdb14","HUMAN_OBSERVATION","PRESENT","Pareas formosensis",121.59765,24.171875,NA,2014,12,20,"cudc,gass84,rdativ,osiic",NA,"http://creativecommons.org/licenses/by/4.0/legalcode","WGS84","1864125833",NA,NA,NA,NA,NA,NA,NA
"db09684b-0fd1-431e-b5fa-4c1532fbdb14","HUMAN_OBSERVATION","PRESENT","Pareas formosensis",121.548635,25.146916,NA,2013,3,22,"cudc,gass84,rdativ,osiic",NA,"http://creativecommons.org/licenses/by/4.0/legalcode","WGS84","1864113388",NA,NA,NA,NA,NA,NA,NA
"db09684b-0fd1-431e-b5fa-4c1532fbdb14","HUMAN_OBSERVATION","PRESENT","Pareas formosensis",120.903715,23.831941,NA,2013,3,23,"cudc,gass84,rdativ,osiic",NA,"http://creativecommons.org/licenses/by/4.0/legalcode","WGS84","1864113431",NA,NA,NA,NA,NA,NA,NA
"db09684b-0fd1-431e-b5fa-4c1532fbdb14","HUMAN_OBSERVATION","PRESENT","Pareas formosensis",120.8202,23.82558,NA,2013,3,21,"cudc,gass84,rdativ,osiic",NA,"http://creativecommons.org/licenses/by/4.0/legalcode","WGS84","1864113460",NA,NA,NA,NA,NA,NA,NA
"db09684b-0fd1-431e-b5fa-4c1532fbdb14","HUMAN_OBSERVATION","PRESENT","Pareas formosensis",121.493936,25.199981,NA,2013,3,30,"cudc,gass84,rdativ,osiic",NA,"http://creativecommons.org/licenses/by/4.0/legalcode","WGS84","1864113620",NA,NA,NA,NA,NA,NA,NA
"db09684b-0fd1-431e-b5fa-4c1532fbdb14","HUMAN_OBSERVATION","PRESENT","Pareas formosensis",120.863781,22.277283,NA,2013,4,15,"cudc,gass84,rdativ,osiic",NA,"http://creativecommons.org/licenses/by/4.0/legalcode","WGS84","1864113580",NA,NA,NA,NA,NA,NA,NA
"db09684b-0fd1-431e-b5fa-4c1532fbdb14","HUMAN_OBSERVATION","PRESENT","Pareas formosensis",120.881993,23.621256,NA,2013,4,19,"cudc,gass84,rdativ,osiic",NA,"http://creativecommons.org/licenses/by/4.0/legalcode","WGS84","1864113880",NA,NA,NA,NA,NA,NA,NA
"db09684b-0fd1-431e-b5fa-4c1532fbdb14","HUMAN_OBSERVATION","PRESENT","Pareas formosensis",121.593528,25.13274,NA,2013,5,10,"cudc,gass84,rdativ,osiic",NA,"http://creativecommons.org/licenses/by/4.0/legalcode","WGS84","1864113781",NA,NA,NA,NA,NA,NA,NA
"db09684b-0fd1-431e-b5fa-4c1532fbdb14","HUMAN_OBSERVATION","PRESENT","Pareas formosensis",120.604147,23.46303,NA,2013,5,10,"cudc,gass84,rdativ,osiic",NA,"http://creativecommons.org/licenses/by/4.0/legalcode","WGS84","1864113845",NA,NA,NA,NA,NA,NA,NA
"db09684b-0fd1-431e-b5fa-4c1532fbdb14","HUMAN_OBSERVATION","PRESENT","Pareas formosensis",121.144798,24.696812,NA,2013,5,15,"cudc,gass84,rdativ,osiic",NA,"http://creativecommons.org/licenses/by/4.0/legalcode","WGS84","1864114049",NA,NA,NA,NA,NA,NA,NA
"db09684b-0fd1-431e-b5fa-4c1532fbdb14","HUMAN_OBSERVATION","PRESENT","Pareas formosensis",120.884833,23.917967,NA,2013,5,25,"cudc,gass84,rdativ,osiic",NA,"http://creativecommons.org/licenses/by/4.0/legalcode","WGS84","1864114158",NA,NA,NA,NA,NA,NA,NA
"db09684b-0fd1-431e-b5fa-4c1532fbdb14","HUMAN_OBSERVATION","PRESENT","Pareas formosensis",121.543767,23.818531,NA,2013,5,31,"cudc,gass84,rdativ,osiic",NA,"http://creativecommons.org/licenses/by/4.0/legalcode","WGS84","1864114252",NA,NA,NA,NA,NA,NA,NA
"db09684b-0fd1-431e-b5fa-4c1532fbdb14","HUMAN_OBSERVATION","PRESENT","Pareas formosensis",121.424487,24.650074,NA,2013,6,7,"cudc,gass84,rdativ,osiic",NA,"http://creativecommons.org/licenses/by/4.0/legalcode","WGS84","1864114341",NA,NA,NA,NA,NA,NA,NA
"db09684b-0fd1-431e-b5fa-4c1532fbdb14","HUMAN_OBSERVATION","PRESENT","Pareas formosensis",121.516986,23.733986,NA,2013,6,4,"cudc,gass84,rdativ,osiic",NA,"http://creativecommons.org/licenses/by/4.0/legalcode","WGS84","1864114405",NA,NA,NA,NA,NA,NA,NA
"db09684b-0fd1-431e-b5fa-4c1532fbdb14","HUMAN_OBSERVATION","PRESENT","Pareas formosensis",120.71689,23.4779,NA,2013,6,18,"cudc,gass84,rdativ,osiic",NA,"http://creativecommons.org/licenses/by/4.0/legalcode","WGS84","1864114568",NA,NA,NA,NA,NA,NA,NA
"db09684b-0fd1-431e-b5fa-4c1532fbdb14","HUMAN_OBSERVATION","PRESENT","Pareas formosensis",121.174851,23.954357,NA,2013,7,8,"cudc,gass84,rdativ,osiic",NA,"http://creativecommons.org/licenses/by/4.0/legalcode","WGS84","1864114817",NA,NA,NA,NA,NA,NA,NA
"db09684b-0fd1-431e-b5fa-4c1532fbdb14","HUMAN_OBSERVATION","PRESENT","Pareas formosensis",121.547073,25.130676,NA,2013,7,9,"cudc,gass84,rdativ,osiic",NA,"http://creativecommons.org/licenses/by/4.0/legalcode","WGS84","1864114919",NA,NA,NA,NA,NA,NA,NA
"db09684b-0fd1-431e-b5fa-4c1532fbdb14","HUMAN_OBSERVATION","PRESENT","Pareas formosensis",120.82236,22.24498,NA,2013,7,24,"cudc,gass84,rdativ,osiic",NA,"http://creativecommons.org/licenses/by/4.0/legalcode","WGS84","1864115320",NA,NA,NA,NA,NA,NA,NA
"db09684b-0fd1-431e-b5fa-4c1532fbdb14","HUMAN_OBSERVATION","PRESENT","Pareas formosensis",121.561747,25.105731,NA,2013,7,19,"cudc,gass84,rdativ,osiic",NA,"http://creativecommons.org/licenses/by/4.0/legalcode","WGS84","1864115336",NA,NA,NA,NA,NA,NA,NA
"db09684b-0fd1-431e-b5fa-4c1532fbdb14","HUMAN_OBSERVATION","PRESENT","Pareas formosensis",120.795494,23.658367,NA,2013,8,10,"cudc,gass84,rdativ,osiic",NA,"http://creativecommons.org/licenses/by/4.0/legalcode","WGS84","1864115272",NA,NA,NA,NA,NA,NA,NA
"db09684b-0fd1-431e-b5fa-4c1532fbdb14","HUMAN_OBSERVATION","PRESENT","Pareas formosensis",121.541002,25.180003,NA,2013,8,14,"cudc,gass84,rdativ,osiic",NA,"http://creativecommons.org/licenses/by/4.0/legalcode","WGS84","1864115440",NA,NA,NA,NA,NA,NA,NA
"db09684b-0fd1-431e-b5fa-4c1532fbdb14","HUMAN_OBSERVATION","PRESENT","Pareas formosensis",121.025139,23.197333,NA,2013,8,27,"cudc,gass84,rdativ,osiic",NA,"http://creativecommons.org/licenses/by/4.0/legalcode","WGS84","1864115738",NA,NA,NA,NA,NA,NA,NA
"db09684b-0fd1-431e-b5fa-4c1532fbdb14","HUMAN_OBSERVATION","PRESENT","Pareas formosensis",121.543802,25.179719,NA,2013,9,14,"cudc,gass84,rdativ,osiic",NA,"http://creativecommons.org/licenses/by/4.0/legalcode","WGS84","1864115890",NA,NA,NA,NA,NA,NA,NA
"db09684b-0fd1-431e-b5fa-4c1532fbdb14","HUMAN_OBSERVATION","PRESENT","Pareas formosensis",120.847417,22.196306,NA,2013,9,10,"cudc,gass84,rdativ,osiic",NA,"http://creativecommons.org/licenses/by/4.0/legalcode","WGS84","1864116006",NA,NA,NA,NA,NA,NA,NA
"db09684b-0fd1-431e-b5fa-4c1532fbdb14","HUMAN_OBSERVATION","PRESENT","Pareas formosensis",120.7633,23.77094,NA,2013,9,13,"cudc,gass84,rdativ,osiic",NA,"http://creativecommons.org/licenses/by/4.0/legalcode","WGS84","1864116044",NA,NA,NA,NA,NA,NA,NA
"db09684b-0fd1-431e-b5fa-4c1532fbdb14","HUMAN_OBSERVATION","PRESENT","Pareas formosensis",120.593932,23.461792,NA,2013,9,19,"cudc,gass84,rdativ,osiic",NA,"http://creativecommons.org/licenses/by/4.0/legalcode","WGS84","1864116155",NA,NA,NA,NA,NA,NA,NA
"db09684b-0fd1-431e-b5fa-4c1532fbdb14","HUMAN_OBSERVATION","PRESENT","Pareas formosensis",121.533736,24.930978,NA,2013,10,10,"cudc,gass84,rdativ,osiic",NA,"http://creativecommons.org/licenses/by/4.0/legalcode","WGS84","1864116244",NA,NA,NA,NA,NA,NA,NA
"db09684b-0fd1-431e-b5fa-4c1532fbdb14","HUMAN_OBSERVATION","PRESENT","Pareas formosensis",121.159505,23.970272,NA,2013,10,5,"cudc,gass84,rdativ,osiic",NA,"http://creativecommons.org/licenses/by/4.0/legalcode","WGS84","1864116365",NA,NA,NA,NA,NA,NA,NA
"db09684b-0fd1-431e-b5fa-4c1532fbdb14","HUMAN_OBSERVATION","PRESENT","Pareas formosensis",120.508131,23.27341,NA,2013,10,5,"cudc,gass84,rdativ,osiic",NA,"http://creativecommons.org/licenses/by/4.0/legalcode","WGS84","1864116379",NA,NA,NA,NA,NA,NA,NA
"db09684b-0fd1-431e-b5fa-4c1532fbdb14","HUMAN_OBSERVATION","PRESENT","Pareas formosensis",121.558694,25.122657,NA,2013,10,24,"cudc,gass84,rdativ,osiic",NA,"http://creativecommons.org/licenses/by/4.0/legalcode","WGS84","1864116876",NA,NA,NA,NA,NA,NA,NA
"db09684b-0fd1-431e-b5fa-4c1532fbdb14","HUMAN_OBSERVATION","PRESENT","Pareas formosensis",120.60935,23.444183,NA,2013,12,2,"cudc,gass84,rdativ,osiic",NA,"http://creativecommons.org/licenses/by/4.0/legalcode","WGS84","1864117422",NA,NA,NA,NA,NA,NA,NA
"db09684b-0fd1-431e-b5fa-4c1532fbdb14","HUMAN_OBSERVATION","PRESENT","Pareas formosensis",120.59648,23.46361,NA,2012,4,30,"cudc,gass84,rdativ,osiic",NA,"http://creativecommons.org/licenses/by/4.0/legalcode","WGS84","1864112479",NA,NA,NA,NA,NA,NA,NA
"d8cd16ba-bb74-4420-821e-083f2bac17c2","PRESERVED_SPECIMEN","PRESENT","Pareas formosensis",121.519997,23.969999,NA,2012,5,15,"gass84","https://www.ebi.ac.uk/ena/browser/view/MZ712215","http://creativecommons.org/licenses/by/4.0/legalcode","WGS84","3818025863","NMNH05625",NA,NA,NA,NA,NA,NA
"d8cd16ba-bb74-4420-821e-083f2bac17c2","PRESERVED_SPECIMEN","PRESENT","Pareas formosensis",121,23.98,NA,2012,5,15,"gass84","https://www.ebi.ac.uk/ena/browser/view/MZ712314","http://creativecommons.org/licenses/by/4.0/legalcode","WGS84","3818025864","NMNH05637",NA,NA,NA,NA,NA,NA
"d8cd16ba-bb74-4420-821e-083f2bac17c2","PRESERVED_SPECIMEN","PRESENT","Pareas formosensis",105.879997,22.610001,NA,2012,5,15,"gass84","https://www.ebi.ac.uk/ena/browser/view/MZ712313","http://creativecommons.org/licenses/by/4.0/legalcode","WGS84","3818066828","ZMMUNAP07265",NA,NA,NA,NA,NA,NA
"db09684b-0fd1-431e-b5fa-4c1532fbdb14","HUMAN_OBSERVATION","PRESENT","Pareas formosensis",121.142409,24.695872,NA,2012,6,6,"cudc,gass84,rdativ,osiic",NA,"http://creativecommons.org/licenses/by/4.0/legalcode","WGS84","1864112642",NA,NA,NA,NA,NA,NA,NA
"db09684b-0fd1-431e-b5fa-4c1532fbdb14","HUMAN_OBSERVATION","PRESENT","Pareas formosensis",121.189233,23.138663,NA,2012,9,5,"cudc,gass84,rdativ,osiic",NA,"http://creativecommons.org/licenses/by/4.0/legalcode","WGS84","1864112762",NA,NA,NA,NA,NA,NA,NA
"db09684b-0fd1-431e-b5fa-4c1532fbdb14","HUMAN_OBSERVATION","PRESENT","Pareas formosensis",121.538915,25.15958,NA,2012,10,22,"cudc,gass84,rdativ,osiic",NA,"http://creativecommons.org/licenses/by/4.0/legalcode","WGS84","1864113019",NA,NA,NA,NA,NA,NA,NA
"db09684b-0fd1-431e-b5fa-4c1532fbdb14","HUMAN_OBSERVATION","PRESENT","Pareas formosensis",120.866433,22.289567,NA,2012,11,1,"cudc,gass84,rdativ,osiic",NA,"http://creativecommons.org/licenses/by/4.0/legalcode","WGS84","1864113109",NA,NA,NA,NA,NA,NA,NA
"db09684b-0fd1-431e-b5fa-4c1532fbdb14","HUMAN_OBSERVATION","PRESENT","Pareas formosensis",120.600259,23.46363,NA,2012,11,5,"cudc,gass84,rdativ,osiic",NA,"http://creativecommons.org/licenses/by/4.0/legalcode","WGS84","1864113199",NA,NA,NA,NA,NA,NA,NA
"db09684b-0fd1-431e-b5fa-4c1532fbdb14","HUMAN_OBSERVATION","PRESENT","Pareas formosensis",120.60204,23.46239,NA,2012,11,5,"cudc,gass84,rdativ,osiic",NA,"http://creativecommons.org/licenses/by/4.0/legalcode","WGS84","1864113218",NA,NA,NA,NA,NA,NA,NA
"db09684b-0fd1-431e-b5fa-4c1532fbdb14","HUMAN_OBSERVATION","PRESENT","Pareas formosensis",121.06657,24.0023,NA,2012,11,16,"cudc,gass84,rdativ,osiic",NA,"http://creativecommons.org/licenses/by/4.0/legalcode","WGS84","1864113232",NA,NA,NA,NA,NA,NA,NA
"db09684b-0fd1-431e-b5fa-4c1532fbdb14","HUMAN_OBSERVATION","PRESENT","Pareas formosensis",121.504665,25.206179,NA,2012,11,1,"cudc,gass84,rdativ,osiic",NA,"http://creativecommons.org/licenses/by/4.0/legalcode","WGS84","1864113236",NA,NA,NA,NA,NA,NA,NA
"db09684b-0fd1-431e-b5fa-4c1532fbdb14","HUMAN_OBSERVATION","PRESENT","Pareas formosensis",120.939752,24.172719,NA,2012,11,20,"cudc,gass84,rdativ,osiic",NA,"http://creativecommons.org/licenses/by/4.0/legalcode","WGS84","1864113317",NA,NA,NA,NA,NA,NA,NA
"db09684b-0fd1-431e-b5fa-4c1532fbdb14","HUMAN_OBSERVATION","PRESENT","Pareas formosensis",120.746222,23.064956,NA,2012,12,3,"cudc,gass84,rdativ,osiic",NA,"http://creativecommons.org/licenses/by/4.0/legalcode","WGS84","1864113345",NA,NA,NA,NA,NA,NA,NA
"db09684b-0fd1-431e-b5fa-4c1532fbdb14","HUMAN_OBSERVATION","PRESENT","Pareas formosensis",121.420975,24.476797,NA,2011,8,19,"cudc,gass84,rdativ,osiic",NA,"http://creativecommons.org/licenses/by/4.0/legalcode","WGS84","1864112094",NA,NA,NA,NA,NA,NA,NA
"db09684b-0fd1-431e-b5fa-4c1532fbdb14","HUMAN_OBSERVATION","PRESENT","Pareas formosensis",120.790679,23.639975,NA,2011,8,24,"cudc,gass84,rdativ,osiic",NA,"http://creativecommons.org/licenses/by/4.0/legalcode","WGS84","1864112334",NA,NA,NA,NA,NA,NA,NA
"db09684b-0fd1-431e-b5fa-4c1532fbdb14","HUMAN_OBSERVATION","PRESENT","Pareas formosensis",120.70297,23.497803,NA,2011,9,22,"cudc,gass84,rdativ,osiic",NA,"http://creativecommons.org/licenses/by/4.0/legalcode","WGS84","1864112336",NA,NA,NA,NA,NA,NA,NA
"83cbdde7-998f-4354-95de-72d885cc5863","OCCURRENCE","PRESENT","Pareas formosensis",120.94197,24.35001,NA,2008,8,11,"",NA,"http://creativecommons.org/licenses/by/4.0/legalcode","WGS84","3774445606",NA,NA,NA,"<U+58EB><U+6797><U+6514><U+6CB3><U+5830><U+4E0A><U+6E38>",NA,NA,NA
"50c9509d-22c7-4a22-a47d-8c48425ef4a7","HUMAN_OBSERVATION","PRESENT","Pareas formosensis",120.610841,23.462885,"Taiwan",2007,5,31,"cdround","https://www.inaturalist.org/observations/16128386","http://creativecommons.org/licenses/by-nc/4.0/legalcode","WGS84","1901052120","16128386",NA,NA,NA,NA,NA,NA
"83cbdde7-998f-4354-95de-72d885cc5863","OCCURRENCE","PRESENT","Pareas formosensis",121.11412,24.66967,NA,2005,1,1,"",NA,"http://creativecommons.org/licenses/by/4.0/legalcode","WGS84","3774457684",NA,NA,NA,"<U+660C><U+60E0><U+5927><U+6A4B>",NA,NA,NA
"83cbdde7-998f-4354-95de-72d885cc5863","OCCURRENCE","PRESENT","Pareas formosensis",120.89045,24.08412,NA,2005,2,28,"",NA,"http://creativecommons.org/licenses/by/4.0/legalcode","WGS84","3774347720",NA,NA,NA,"<U+91D1><U+5B50><U+5751><U+6EAA>",NA,NA,NA
"83cbdde7-998f-4354-95de-72d885cc5863","OCCURRENCE","PRESENT","Pareas formosensis",120.72029,23.89216,NA,2005,2,4,"",NA,"http://creativecommons.org/licenses/by/4.0/legalcode","WGS84","3774347727",NA,NA,NA,"<U+5343><U+7FA9><U+6A4B>",NA,NA,NA
"83cbdde7-998f-4354-95de-72d885cc5863","OCCURRENCE","PRESENT","Pareas formosensis",120.60637,24.1019,NA,2005,2,3,"",NA,"http://creativecommons.org/licenses/by/4.0/legalcode","WGS84","3774348693",NA,NA,NA,"<U+532F><U+6D41><U+53E3>",NA,NA,NA
"83cbdde7-998f-4354-95de-72d885cc5863","OCCURRENCE","PRESENT","Pareas formosensis",120.9429,24.06168,NA,2005,2,28,"",NA,"http://creativecommons.org/licenses/by/4.0/legalcode","WGS84","3774348696",NA,NA,NA,"<U+6885><U+5B50><U+6797><U+6A4B>",NA,NA,NA
"83cbdde7-998f-4354-95de-72d885cc5863","OCCURRENCE","PRESENT","Pareas formosensis",120.6473,23.97203,NA,2005,2,4,"",NA,"http://creativecommons.org/licenses/by/4.0/legalcode","WGS84","3774441693",NA,NA,NA,"<U+6EAA><U+982D><U+6A4B>",NA,NA,NA
"83cbdde7-998f-4354-95de-72d885cc5863","OCCURRENCE","PRESENT","Pareas formosensis",120.73485,23.89032,NA,2005,2,15,"",NA,"http://creativecommons.org/licenses/by/4.0/legalcode","WGS84","3774445701",NA,NA,NA,"<U+64BB><U+4ED4><U+7063><U+4E8C><U+865F><U+6A4B>",NA,NA,NA
"83cbdde7-998f-4354-95de-72d885cc5863","OCCURRENCE","PRESENT","Pareas formosensis",120.79487,23.88311,NA,2005,2,5,"",NA,"http://creativecommons.org/licenses/by/4.0/legalcode","WGS84","3774453682",NA,NA,NA,"<U+7C97><U+5751><U+576A><U+6797><U+532F><U+6D41><U+53E3>",NA,NA,NA
"83cbdde7-998f-4354-95de-72d885cc5863","OCCURRENCE","PRESENT","Pareas formosensis",120.84562,24.0339,NA,2005,2,5,"",NA,"http://creativecommons.org/licenses/by/4.0/legalcode","WGS84","3774453689",NA,NA,NA,"<U+9F8D><U+8208><U+540A><U+6A4B>",NA,NA,NA
"83cbdde7-998f-4354-95de-72d885cc5863","OCCURRENCE","PRESENT","Pareas formosensis",120.69948,24.0782,NA,2005,3,16,"",NA,"http://creativecommons.org/licenses/by/4.0/legalcode","WGS84","3774345713",NA,NA,NA,"<U+8349><U+6E56><U+6A4B>",NA,NA,NA
"83cbdde7-998f-4354-95de-72d885cc5863","OCCURRENCE","PRESENT","Pareas formosensis",120.79448,24.08202,NA,2005,3,15,"",NA,"http://creativecommons.org/licenses/by/4.0/legalcode","WGS84","3774346704",NA,NA,NA,"<U+6960><U+576A><U+6A4B>",NA,NA,NA
"83cbdde7-998f-4354-95de-72d885cc5863","OCCURRENCE","PRESENT","Pareas formosensis",121.16095,24.12531,NA,2005,3,31,"",NA,"http://creativecommons.org/licenses/by/4.0/legalcode","WGS84","3774347705",NA,NA,NA,"<U+745E><U+5CA9><U+6A4B>",NA,NA,NA
"83cbdde7-998f-4354-95de-72d885cc5863","OCCURRENCE","PRESENT","Pareas formosensis",120.70743,24.13143,NA,2005,3,16,"",NA,"http://creativecommons.org/licenses/by/4.0/legalcode","WGS84","3774347711",NA,NA,NA,"<U+592A><U+5E73><U+6A4B>",NA,NA,NA
"83cbdde7-998f-4354-95de-72d885cc5863","OCCURRENCE","PRESENT","Pareas formosensis",121.1751,24.17438,NA,2005,3,31,"",NA,"http://creativecommons.org/licenses/by/4.0/legalcode","WGS84","3774348678",NA,NA,NA,"<U+7D05><U+9999><U+4E8C><U+865F><U+6A4B>",NA,NA,NA
"83cbdde7-998f-4354-95de-72d885cc5863","OCCURRENCE","PRESENT","Pareas formosensis",120.74818,24.12699,NA,2005,3,15,"",NA,"http://creativecommons.org/licenses/by/4.0/legalcode","WGS84","3774349696",NA,NA,NA,"<U+5167><U+57CE><U+6A4B>",NA,NA,NA
"83cbdde7-998f-4354-95de-72d885cc5863","OCCURRENCE","PRESENT","Pareas formosensis",120.98046,24.05554,NA,2005,3,1,"",NA,"http://creativecommons.org/licenses/by/4.0/legalcode","WGS84","3774353722",NA,NA,NA,"<U+9EC3><U+8089><U+6EAA><U+4E09><U+865F><U+6A4B>",NA,NA,NA
"83cbdde7-998f-4354-95de-72d885cc5863","OCCURRENCE","PRESENT","Pareas formosensis",120.76608,24.19765,NA,2005,3,15,"",NA,"http://creativecommons.org/licenses/by/4.0/legalcode","WGS84","3774439673",NA,NA,NA,"<U+5EE3><U+5FB7><U+6A4B>",NA,NA,NA
"83cbdde7-998f-4354-95de-72d885cc5863","OCCURRENCE","PRESENT","Pareas formosensis",120.81125,23.90998,NA,2005,3,17,"",NA,"http://creativecommons.org/licenses/by/4.0/legalcode","WGS84","3774445687",NA,NA,NA,"<U+9F8D><U+8208><U+540A><U+6A4B>",NA,NA,NA
"83cbdde7-998f-4354-95de-72d885cc5863","OCCURRENCE","PRESENT","Pareas formosensis",120.68538,24.08943,NA,2005,3,16,"",NA,"http://creativecommons.org/licenses/by/4.0/legalcode","WGS84","3774448659",NA,NA,NA,"<U+5927><U+885B><U+6A4B>",NA,NA,NA
"83cbdde7-998f-4354-95de-72d885cc5863","OCCURRENCE","PRESENT","Pareas formosensis",120.8167,23.94223,NA,2005,4,26,"",NA,"http://creativecommons.org/licenses/by/4.0/legalcode","WGS84","3774445679",NA,NA,NA,"<U+9F8D><U+9CF3><U+7011><U+5E03>",NA,NA,NA
"83cbdde7-998f-4354-95de-72d885cc5863","OCCURRENCE","PRESENT","Pareas formosensis",120.75814,23.88233,NA,2005,4,28,"",NA,"http://creativecommons.org/licenses/by/4.0/legalcode","WGS84","3774450653",NA,NA,NA,"<U+4E2D><U+6B63><U+6A4B>",NA,NA,NA
"83cbdde7-998f-4354-95de-72d885cc5863","OCCURRENCE","PRESENT","Pareas formosensis",120.78269,23.94408,NA,2005,4,26,"",NA,"http://creativecommons.org/licenses/by/4.0/legalcode","WGS84","3774453655",NA,NA,NA,"<U+6708><U+6843><U+6A4B>",NA,NA,NA
"83cbdde7-998f-4354-95de-72d885cc5863","OCCURRENCE","PRESENT","Pareas formosensis",120.75575,24.2587,NA,2005,5,5,"",NA,"http://creativecommons.org/licenses/by/4.0/legalcode","WGS84","3774346682",NA,NA,NA,"<U+856D><U+5BB6><U+82B1><U+5712>",NA,NA,NA
"83cbdde7-998f-4354-95de-72d885cc5863","OCCURRENCE","PRESENT","Pareas formosensis",120.75155,24.18433,NA,2005,5,3,"",NA,"http://creativecommons.org/licenses/by/4.0/legalcode","WGS84","3774355675",NA,NA,NA,"<U+5149><U+897F><U+540A><U+6A4B>",NA,NA,NA
"83cbdde7-998f-4354-95de-72d885cc5863","OCCURRENCE","PRESENT","Pareas formosensis",120.91086,24.06279,NA,2005,5,31,"",NA,"http://creativecommons.org/licenses/by/4.0/legalcode","WGS84","3774446665",NA,NA,NA,"<U+4E94><U+68DA><U+5751><U+6EAA>",NA,NA,NA
"83cbdde7-998f-4354-95de-72d885cc5863","OCCURRENCE","PRESENT","Pareas formosensis",120.7613,24.07751,NA,2005,5,2,"",NA,"http://creativecommons.org/licenses/by/4.0/legalcode","WGS84","3774457654",NA,NA,NA,"<U+9F8D><U+8208><U+6A4B>",NA,NA,NA
"83cbdde7-998f-4354-95de-72d885cc5863","OCCURRENCE","PRESENT","Pareas formosensis",121.15773,24.15642,NA,2005,6,2,"",NA,"http://creativecommons.org/licenses/by/4.0/legalcode","WGS84","3774443666",NA,NA,NA,"<U+5E15><U+6BD4><U+502B><U+7011><U+5E03>",NA,NA,NA
"83cbdde7-998f-4354-95de-72d885cc5863","OCCURRENCE","PRESENT","Pareas formosensis",120.92312,24.06218,NA,2005,6,1,"",NA,"http://creativecommons.org/licenses/by/4.0/legalcode","WGS84","3774453651",NA,NA,NA,"<U+963F><U+51B7><U+5751><U+6EAA>",NA,NA,NA
"83cbdde7-998f-4354-95de-72d885cc5863","OCCURRENCE","PRESENT","Pareas formosensis",120.65779,23.65124,NA,2005,7,15,"",NA,"http://creativecommons.org/licenses/by/4.0/legalcode","WGS84","3774350691",NA,NA,NA,"<U+6876><U+982D><U+6A4B>",NA,NA,NA
"fb93fb10-f1ca-11dd-b2d4-b8a03c50a862","PRESERVED_SPECIMEN","PRESENT","Pareas formosensis",120.9,24.233333,NA,2004,3,11,"cdround,cudc,gass84,colmano,inmafu",NA,"http://creativecommons.org/licenses/by-nc/4.0/legalcode","WGS84","2625269572","00003888",NA,NA,"Hoping.",NA,NA,NA
"fb93fb10-f1ca-11dd-b2d4-b8a03c50a862","PRESERVED_SPECIMEN","PRESENT","Pareas formosensis",121,23.833333,NA,1990,5,25,"cdround,cudc,gass84,colmano,inmafu",NA,"http://creativecommons.org/licenses/by-nc/4.0/legalcode","WGS84","2625269534","00001029",NA,NA,"5km S Yuchih.Sun Moon Lake.",NA,NA,NA
"cece4fc2-1fec-4bb5-a335-7252548e3f0b","PRESERVED_SPECIMEN","PRESENT","Pareas formosensis",120.503069,23.33435,"Tainan Special Municipality",1909,3,27,"cdround",NA,"http://creativecommons.org/publicdomain/zero/1.0/legalcode","WGS84","543530106","18006",NA,NA,"Kanshirei [= Guanziling]","ASIA","Alcohol","PhysicalObject"
