"datasetKey","basisOfRecord","occurrenceStatus","species","decimalLongitude","decimalLatitude","stateProvince","year","month","day","issues","references","license","geodeticDatum","gbifID","catalogNumber","locality","county","type"
"50c9509d-22c7-4a22-a47d-8c48425ef4a7","HUMAN_OBSERVATION","PRESENT","Plestiodon finitimus",139.697692,35.225258,"Kanagawa",2022,1,10,"cdround","https://www.inaturalist.org/observations/104945534","http://creativecommons.org/licenses/by-nc/4.0/legalcode","WGS84","3456052380","104945534",NA,NA,NA
"50c9509d-22c7-4a22-a47d-8c48425ef4a7","HUMAN_OBSERVATION","PRESENT","Plestiodon finitimus",139.565359,35.335359,"Kanagawa",2022,3,14,"cdround","https://www.inaturalist.org/observations/108580428","http://creativecommons.org/licenses/by-nc/4.0/legalcode","WGS84","3743123996","108580428",NA,NA,NA
"50c9509d-22c7-4a22-a47d-8c48425ef4a7","HUMAN_OBSERVATION","PRESENT","Plestiodon finitimus",136.921214,35.214321,"Aichi",2022,3,30,"cdround","https://www.inaturalist.org/observations/109909031","http://creativecommons.org/licenses/by-nc/4.0/legalcode","WGS84","3759643367","109909031",NA,NA,NA
"50c9509d-22c7-4a22-a47d-8c48425ef4a7","HUMAN_OBSERVATION","PRESENT","Plestiodon finitimus",139.607635,35.357185,"Kanagawa",2022,4,10,"cdround","https://www.inaturalist.org/observations/110933906","http://creativecommons.org/licenses/by-nc/4.0/legalcode","WGS84","3759292461","110933906",NA,NA,NA
"50c9509d-22c7-4a22-a47d-8c48425ef4a7","HUMAN_OBSERVATION","PRESENT","Plestiodon finitimus",139.989394,36.466899,"Tochigi",2022,4,8,"cdround","https://www.inaturalist.org/observations/111087175","http://creativecommons.org/licenses/by-nc/4.0/legalcode","WGS84","3759295544","111087175",NA,NA,NA
"50c9509d-22c7-4a22-a47d-8c48425ef4a7","HUMAN_OBSERVATION","PRESENT","Plestiodon finitimus",139.459432,35.410764,"Tokyo",2022,4,12,"cdround","https://www.inaturalist.org/observations/111760031","http://creativecommons.org/licenses/by-nc/4.0/legalcode","WGS84","3759483216","111760031",NA,NA,NA
"50c9509d-22c7-4a22-a47d-8c48425ef4a7","HUMAN_OBSERVATION","PRESENT","Plestiodon finitimus",138.247077,36.404101,"Nagano",2022,4,9,"cdround","https://www.inaturalist.org/observations/111071546","http://creativecommons.org/licenses/by-nc/4.0/legalcode","WGS84","3759489556","111071546",NA,NA,NA
"50c9509d-22c7-4a22-a47d-8c48425ef4a7","HUMAN_OBSERVATION","PRESENT","Plestiodon finitimus",139.555619,35.427333,"Kanagawa",2022,4,9,"cdround","https://www.inaturalist.org/observations/110842139","http://creativecommons.org/licenses/by/4.0/legalcode","WGS84","3759624382","110842139",NA,NA,NA
"50c9509d-22c7-4a22-a47d-8c48425ef4a7","HUMAN_OBSERVATION","PRESENT","Plestiodon finitimus",139.255904,35.630107,"Tokyo",2022,4,10,"cdround","https://www.inaturalist.org/observations/110973069","http://creativecommons.org/licenses/by/4.0/legalcode","WGS84","3759685484","110973069",NA,NA,NA
"50c9509d-22c7-4a22-a47d-8c48425ef4a7","HUMAN_OBSERVATION","PRESENT","Plestiodon finitimus",139.418788,35.436212,"Kanagawa",2022,4,9,"cdround","https://www.inaturalist.org/observations/111374492","http://creativecommons.org/licenses/by-nc/4.0/legalcode","WGS84","3759704894","111374492",NA,NA,NA
"50c9509d-22c7-4a22-a47d-8c48425ef4a7","HUMAN_OBSERVATION","PRESENT","Plestiodon finitimus",136.909842,35.126182,"Aichi",2022,4,12,"cdround","https://www.inaturalist.org/observations/111150384","http://creativecommons.org/licenses/by-nc/4.0/legalcode","WGS84","3759722629","111150384",NA,NA,NA
"50c9509d-22c7-4a22-a47d-8c48425ef4a7","HUMAN_OBSERVATION","PRESENT","Plestiodon finitimus",139.574869,35.528518,"Tokyo",2022,4,11,"cdround","https://www.inaturalist.org/observations/111758271","http://creativecommons.org/licenses/by-nc/4.0/legalcode","WGS84","3760197183","111758271",NA,NA,NA
"50c9509d-22c7-4a22-a47d-8c48425ef4a7","HUMAN_OBSERVATION","PRESENT","Plestiodon finitimus",139.491991,35.517669,"Tokyo",2022,4,11,"cdround","https://www.inaturalist.org/observations/111758274","http://creativecommons.org/licenses/by-nc/4.0/legalcode","WGS84","3760204282","111758274",NA,NA,NA
"50c9509d-22c7-4a22-a47d-8c48425ef4a7","HUMAN_OBSERVATION","PRESENT","Plestiodon finitimus",139.589152,35.479012,"Tokyo",2022,4,12,"cdround","https://www.inaturalist.org/observations/111760029","http://creativecommons.org/licenses/by-nc/4.0/legalcode","WGS84","3760403235","111760029",NA,NA,NA
"50c9509d-22c7-4a22-a47d-8c48425ef4a7","HUMAN_OBSERVATION","PRESENT","Plestiodon finitimus",139.006499,35.265905,"Kanagawa",2022,4,23,"cdround","https://www.inaturalist.org/observations/112649686","http://creativecommons.org/licenses/by/4.0/legalcode","WGS84","3764079741","112649686",NA,NA,NA
"50c9509d-22c7-4a22-a47d-8c48425ef4a7","HUMAN_OBSERVATION","PRESENT","Plestiodon finitimus",139.532027,35.519258,"Tokyo",2022,4,19,"cdround","https://www.inaturalist.org/observations/112453736","http://creativecommons.org/licenses/by-nc/4.0/legalcode","WGS84","3764138578","112453736",NA,NA,NA
"50c9509d-22c7-4a22-a47d-8c48425ef4a7","HUMAN_OBSERVATION","PRESENT","Plestiodon finitimus",139.5462,35.655314,"Tokyo",2022,4,17,"cdround","https://www.inaturalist.org/observations/112636138","http://creativecommons.org/licenses/by-nc/4.0/legalcode","WGS84","3764140720","112636138",NA,NA,NA
"50c9509d-22c7-4a22-a47d-8c48425ef4a7","HUMAN_OBSERVATION","PRESENT","Plestiodon finitimus",139.554495,35.425497,"Tokyo",2022,4,21,"cdround","https://www.inaturalist.org/observations/112507046","http://creativecommons.org/licenses/by-nc/4.0/legalcode","WGS84","3764141630","112507046",NA,NA,NA
"50c9509d-22c7-4a22-a47d-8c48425ef4a7","HUMAN_OBSERVATION","PRESENT","Plestiodon finitimus",139.595048,35.406313,"Tokyo",2022,4,22,"cdround","https://www.inaturalist.org/observations/112602023","http://creativecommons.org/licenses/by-nc/4.0/legalcode","WGS84","3764197705","112602023",NA,NA,NA
"50c9509d-22c7-4a22-a47d-8c48425ef4a7","HUMAN_OBSERVATION","PRESENT","Plestiodon finitimus",139.535891,35.458732,"Tokyo",2022,4,28,"cdround","https://www.inaturalist.org/observations/113344765","http://creativecommons.org/licenses/by-nc/4.0/legalcode","WGS84","3772437699","113344765",NA,NA,NA
"50c9509d-22c7-4a22-a47d-8c48425ef4a7","HUMAN_OBSERVATION","PRESENT","Plestiodon finitimus",139.553805,35.536263,"Tokyo",2022,4,27,"cdround","https://www.inaturalist.org/observations/113338404","http://creativecommons.org/licenses/by-nc/4.0/legalcode","WGS84","3772604687","113338404",NA,NA,NA
"50c9509d-22c7-4a22-a47d-8c48425ef4a7","HUMAN_OBSERVATION","PRESENT","Plestiodon finitimus",139.57385,35.455571,"Tokyo",2022,4,27,"cdround","https://www.inaturalist.org/observations/113338407","http://creativecommons.org/licenses/by-nc/4.0/legalcode","WGS84","3772636659","113338407",NA,NA,NA
"50c9509d-22c7-4a22-a47d-8c48425ef4a7","HUMAN_OBSERVATION","PRESENT","Plestiodon finitimus",139.512869,35.486689,"Kanagawa",2022,4,30,"cdround","https://www.inaturalist.org/observations/114926760","http://creativecommons.org/licenses/by-nc/4.0/legalcode","WGS84","3773506821","114926760",NA,NA,NA
"50c9509d-22c7-4a22-a47d-8c48425ef4a7","HUMAN_OBSERVATION","PRESENT","Plestiodon finitimus",138.210684,36.821731,"Nagano",2022,5,6,"cdround","https://www.inaturalist.org/observations/115690321","http://creativecommons.org/licenses/by-nc/4.0/legalcode","WGS84","3772979866","115690321",NA,NA,NA
"50c9509d-22c7-4a22-a47d-8c48425ef4a7","HUMAN_OBSERVATION","PRESENT","Plestiodon finitimus",139.554166,35.429166,"Kanagawa",2022,5,8,"cdround","https://www.inaturalist.org/observations/116084037","http://creativecommons.org/licenses/by/4.0/legalcode","WGS84","3773361443","116084037",NA,NA,NA
"50c9509d-22c7-4a22-a47d-8c48425ef4a7","HUMAN_OBSERVATION","PRESENT","Plestiodon finitimus",139.514091,35.46984,"Tokyo",2022,5,2,"cdround","https://www.inaturalist.org/observations/115069334","http://creativecommons.org/licenses/by-nc/4.0/legalcode","WGS84","3773427138","115069334",NA,NA,NA
"50c9509d-22c7-4a22-a47d-8c48425ef4a7","HUMAN_OBSERVATION","PRESENT","Plestiodon finitimus",139.213543,35.523289,"Kanagawa",2022,5,4,"cdround","https://www.inaturalist.org/observations/115337970","http://creativecommons.org/licenses/by-nc/4.0/legalcode","WGS84","3773507300","115337970",NA,NA,NA
"50c9509d-22c7-4a22-a47d-8c48425ef4a7","HUMAN_OBSERVATION","PRESENT","Plestiodon finitimus",139.444098,35.478111,"Kanagawa",2022,5,5,"cdround","https://www.inaturalist.org/observations/115711029","http://creativecommons.org/licenses/by/4.0/legalcode","WGS84","3773634797","115711029",NA,NA,NA
"50c9509d-22c7-4a22-a47d-8c48425ef4a7","HUMAN_OBSERVATION","PRESENT","Plestiodon finitimus",140.164048,39.625606,"Akita",2022,5,5,"cdround","https://www.inaturalist.org/observations/115510426","http://creativecommons.org/licenses/by-nc/4.0/legalcode","WGS84","3773767482","115510426",NA,NA,NA
"50c9509d-22c7-4a22-a47d-8c48425ef4a7","HUMAN_OBSERVATION","PRESENT","Plestiodon finitimus",139.762734,35.597061,"Tokyo",2022,5,18,"cdround","https://www.inaturalist.org/observations/117558209","http://creativecommons.org/licenses/by-nc/4.0/legalcode","WGS84","3785108589","117558209",NA,NA,NA
"50c9509d-22c7-4a22-a47d-8c48425ef4a7","HUMAN_OBSERVATION","PRESENT","Plestiodon finitimus",139.582422,35.50088,"Tokyo",2022,5,11,"cdround","https://www.inaturalist.org/observations/117973454","http://creativecommons.org/licenses/by-nc/4.0/legalcode","WGS84","3802307793","117973454",NA,NA,NA
"50c9509d-22c7-4a22-a47d-8c48425ef4a7","HUMAN_OBSERVATION","PRESENT","Plestiodon finitimus",137.03824,35.289263,"Aichi",2022,5,22,"cdround","https://www.inaturalist.org/observations/118494899","http://creativecommons.org/licenses/by-nc/4.0/legalcode","WGS84","3802394720","118494899",NA,NA,NA
"50c9509d-22c7-4a22-a47d-8c48425ef4a7","HUMAN_OBSERVATION","PRESENT","Plestiodon finitimus",139.55567,35.547184,"Kanagawa",2022,5,22,"cdround","https://www.inaturalist.org/observations/118331162","http://creativecommons.org/licenses/by-nc/4.0/legalcode","WGS84","3802712841","118331162",NA,NA,NA
"50c9509d-22c7-4a22-a47d-8c48425ef4a7","HUMAN_OBSERVATION","PRESENT","Plestiodon finitimus",139.493194,35.41573,"Tokyo",2022,5,24,"cdround","https://www.inaturalist.org/observations/118870565","http://creativecommons.org/licenses/by-nc/4.0/legalcode","WGS84","3858291236","118870565",NA,NA,NA
"50c9509d-22c7-4a22-a47d-8c48425ef4a7","HUMAN_OBSERVATION","PRESENT","Plestiodon finitimus",136.910037,34.894855,"Aichi",2022,5,28,"cdround","https://www.inaturalist.org/observations/119092233","http://creativecommons.org/licenses/by-nc/4.0/legalcode","WGS84","3858670435","119092233",NA,NA,NA
"50c9509d-22c7-4a22-a47d-8c48425ef4a7","HUMAN_OBSERVATION","PRESENT","Plestiodon finitimus",135.743067,33.860783,"Wakayama",2022,5,28,"cdround","https://www.inaturalist.org/observations/119024051","http://creativecommons.org/licenses/by-nc/4.0/legalcode","WGS84","3860499338","119024051",NA,NA,NA
"50c9509d-22c7-4a22-a47d-8c48425ef4a7","HUMAN_OBSERVATION","PRESENT","Plestiodon finitimus",140.099068,36.027024,"Ibaraki",2022,6,2,"cdround","https://www.inaturalist.org/observations/119828208","http://creativecommons.org/licenses/by-nc/4.0/legalcode","WGS84","3858564049","119828208",NA,NA,NA
"50c9509d-22c7-4a22-a47d-8c48425ef4a7","HUMAN_OBSERVATION","PRESENT","Plestiodon finitimus",139.578095,35.436323,"Kanagawa",2022,6,12,"cdround","https://www.inaturalist.org/observations/121401180","http://creativecommons.org/licenses/by/4.0/legalcode","WGS84","3858671452","121401180",NA,NA,NA
"50c9509d-22c7-4a22-a47d-8c48425ef4a7","HUMAN_OBSERVATION","PRESENT","Plestiodon finitimus",139.582444,35.599055,"Tokyo",2022,6,20,"cdround","https://www.inaturalist.org/observations/123493884","http://creativecommons.org/licenses/by-nc/4.0/legalcode","WGS84","3858733256","123493884",NA,NA,NA
"50c9509d-22c7-4a22-a47d-8c48425ef4a7","HUMAN_OBSERVATION","PRESENT","Plestiodon finitimus",139.526315,35.516616,"Tokyo",2022,6,24,"cdround","https://www.inaturalist.org/observations/123784949","http://creativecommons.org/licenses/by-nc/4.0/legalcode","WGS84","3858783405","123784949",NA,NA,NA
"50c9509d-22c7-4a22-a47d-8c48425ef4a7","HUMAN_OBSERVATION","PRESENT","Plestiodon finitimus",139.432967,35.522963,"Tokyo",2022,6,24,"cdround","https://www.inaturalist.org/observations/123784934","http://creativecommons.org/licenses/by-nc/4.0/legalcode","WGS84","3858853305","123784934",NA,NA,NA
"50c9509d-22c7-4a22-a47d-8c48425ef4a7","HUMAN_OBSERVATION","PRESENT","Plestiodon finitimus",139.592289,35.573289,"Tokyo",2022,6,26,"cdround","https://www.inaturalist.org/observations/123937153","http://creativecommons.org/licenses/by-nc/4.0/legalcode","WGS84","3858919536","123937153",NA,NA,NA
"50c9509d-22c7-4a22-a47d-8c48425ef4a7","HUMAN_OBSERVATION","PRESENT","Plestiodon finitimus",139.49798,35.483314,"Tokyo",2022,6,2,"cdround","https://www.inaturalist.org/observations/120302299","http://creativecommons.org/licenses/by-nc/4.0/legalcode","WGS84","3859500502","120302299",NA,NA,NA
"50c9509d-22c7-4a22-a47d-8c48425ef4a7","HUMAN_OBSERVATION","PRESENT","Plestiodon finitimus",139.528092,35.49918,"Tokyo",2022,6,21,"cdround","https://www.inaturalist.org/observations/123626593","http://creativecommons.org/licenses/by-nc/4.0/legalcode","WGS84","3859551386","123626593",NA,NA,NA
"50c9509d-22c7-4a22-a47d-8c48425ef4a7","HUMAN_OBSERVATION","PRESENT","Plestiodon finitimus",139.491659,35.593659,"Tokyo",2022,6,1,"cdround","https://www.inaturalist.org/observations/120300505","http://creativecommons.org/licenses/by-nc/4.0/legalcode","WGS84","3859677476","120300505",NA,NA,NA
"50c9509d-22c7-4a22-a47d-8c48425ef4a7","HUMAN_OBSERVATION","PRESENT","Plestiodon finitimus",139.713745,35.699318,"Tokyo",2022,6,19,"cdround","https://www.inaturalist.org/observations/122434674","http://creativecommons.org/licenses/by-nc/4.0/legalcode","WGS84","3859740234","122434674",NA,NA,NA
"50c9509d-22c7-4a22-a47d-8c48425ef4a7","HUMAN_OBSERVATION","PRESENT","Plestiodon finitimus",139.558745,35.577136,"Tokyo",2022,6,13,"cdround","https://www.inaturalist.org/observations/123052244","http://creativecommons.org/licenses/by-nc/4.0/legalcode","WGS84","3859816729","123052244",NA,NA,NA
"50c9509d-22c7-4a22-a47d-8c48425ef4a7","HUMAN_OBSERVATION","PRESENT","Plestiodon finitimus",139.499544,35.4185,"Tokyo",2022,6,17,"cdround","https://www.inaturalist.org/observations/123434480","http://creativecommons.org/licenses/by-nc/4.0/legalcode","WGS84","3860006217","123434480",NA,NA,NA
"50c9509d-22c7-4a22-a47d-8c48425ef4a7","HUMAN_OBSERVATION","PRESENT","Plestiodon finitimus",139.484903,35.544263,"Tokyo",2022,6,22,"cdround","https://www.inaturalist.org/observations/123659259","http://creativecommons.org/licenses/by-nc/4.0/legalcode","WGS84","3860241322","123659259",NA,NA,NA
"50c9509d-22c7-4a22-a47d-8c48425ef4a7","HUMAN_OBSERVATION","PRESENT","Plestiodon finitimus",139.499572,35.523365,"Tokyo",2022,6,17,"cdround","https://www.inaturalist.org/observations/123443033","http://creativecommons.org/licenses/by-nc/4.0/legalcode","WGS84","3860741079","123443033",NA,NA,NA
"50c9509d-22c7-4a22-a47d-8c48425ef4a7","HUMAN_OBSERVATION","PRESENT","Plestiodon finitimus",139.544991,35.506759,"Tokyo",2022,6,17,"cdround","https://www.inaturalist.org/observations/123443035","http://creativecommons.org/licenses/by-nc/4.0/legalcode","WGS84","3860764063","123443035",NA,NA,NA
"50c9509d-22c7-4a22-a47d-8c48425ef4a7","HUMAN_OBSERVATION","PRESENT","Plestiodon finitimus",136.94448,35.378647,"Aichi",2022,6,26,"cdround","https://www.inaturalist.org/observations/126564937","http://creativecommons.org/licenses/by-nc/4.0/legalcode","WGS84","3874144931","126564937",NA,NA,NA
"50c9509d-22c7-4a22-a47d-8c48425ef4a7","HUMAN_OBSERVATION","PRESENT","Plestiodon finitimus",137.054383,35.219017,"Aichi",2022,7,6,"cdround","https://www.inaturalist.org/observations/124952572","http://creativecommons.org/licenses/by-nc/4.0/legalcode","WGS84","3858982384","124952572",NA,NA,NA
"50c9509d-22c7-4a22-a47d-8c48425ef4a7","HUMAN_OBSERVATION","PRESENT","Plestiodon finitimus",139.590668,36.751183,"Tochigi",2022,7,6,"cdround","https://www.inaturalist.org/observations/124982081","http://creativecommons.org/licenses/by-nc/4.0/legalcode","WGS84","3860142405","124982081",NA,NA,NA
"50c9509d-22c7-4a22-a47d-8c48425ef4a7","HUMAN_OBSERVATION","PRESENT","Plestiodon finitimus",137.263793,34.897297,"Aichi",2022,7,24,"cdround","https://www.inaturalist.org/observations/127642482","http://creativecommons.org/licenses/by-nc/4.0/legalcode","WGS84","3873423203","127642482",NA,NA,NA
"50c9509d-22c7-4a22-a47d-8c48425ef4a7","HUMAN_OBSERVATION","PRESENT","Plestiodon finitimus",139.452916,38.063543,"Niigata",2022,7,10,"cdround","https://www.inaturalist.org/observations/126065611","http://creativecommons.org/licenses/by-nc/4.0/legalcode","WGS84","3873510759","126065611",NA,NA,NA
"50c9509d-22c7-4a22-a47d-8c48425ef4a7","HUMAN_OBSERVATION","PRESENT","Plestiodon finitimus",139.610989,35.348186,"Kanagawa",2022,7,10,"cdround","https://www.inaturalist.org/observations/125550609","http://creativecommons.org/licenses/by-nc/4.0/legalcode","WGS84","3873571672","125550609",NA,NA,NA
"50c9509d-22c7-4a22-a47d-8c48425ef4a7","HUMAN_OBSERVATION","PRESENT","Plestiodon finitimus",139.610826,35.349418,"Kanagawa",2022,7,18,"cdround","https://www.inaturalist.org/observations/126773402","http://creativecommons.org/licenses/by-nc/4.0/legalcode","WGS84","3873589120","126773402",NA,NA,NA
"50c9509d-22c7-4a22-a47d-8c48425ef4a7","HUMAN_OBSERVATION","PRESENT","Plestiodon finitimus",139.261107,35.908591,"Saitama",2022,7,23,"cdround","https://www.inaturalist.org/observations/127471072","http://creativecommons.org/licenses/by-nc/4.0/legalcode","WGS84","3873781630","127471072",NA,NA,NA
"50c9509d-22c7-4a22-a47d-8c48425ef4a7","HUMAN_OBSERVATION","PRESENT","Plestiodon finitimus",140.115831,36.156503,"Ibaraki",2022,7,18,"cdround","https://www.inaturalist.org/observations/126752987","http://creativecommons.org/licenses/by-nc/4.0/legalcode","WGS84","3873934390","126752987",NA,NA,NA
"50c9509d-22c7-4a22-a47d-8c48425ef4a7","HUMAN_OBSERVATION","PRESENT","Plestiodon finitimus",138.208262,36.823047,"Nagano",2022,7,29,"cdround","https://www.inaturalist.org/observations/128438400","http://creativecommons.org/licenses/by-nc/4.0/legalcode","WGS84","3881345953","128438400",NA,NA,NA
"50c9509d-22c7-4a22-a47d-8c48425ef4a7","HUMAN_OBSERVATION","PRESENT","Plestiodon finitimus",139.458616,35.452865,"Tokyo",2022,7,6,"cdround","https://www.inaturalist.org/observations/128692392","http://creativecommons.org/licenses/by-nc/4.0/legalcode","WGS84","3881439168","128692392",NA,NA,NA
"50c9509d-22c7-4a22-a47d-8c48425ef4a7","HUMAN_OBSERVATION","PRESENT","Plestiodon finitimus",139.597942,35.51139,"Tokyo",2022,7,7,"cdround","https://www.inaturalist.org/observations/128893776","http://creativecommons.org/licenses/by-nc/4.0/legalcode","WGS84","3881468799","128893776",NA,NA,NA
"50c9509d-22c7-4a22-a47d-8c48425ef4a7","HUMAN_OBSERVATION","PRESENT","Plestiodon finitimus",139.581749,35.534328,"Tokyo",2022,7,5,"cdround","https://www.inaturalist.org/observations/128452135","http://creativecommons.org/licenses/by-nc/4.0/legalcode","WGS84","3881590048","128452135",NA,NA,NA
"50c9509d-22c7-4a22-a47d-8c48425ef4a7","HUMAN_OBSERVATION","PRESENT","Plestiodon finitimus",139.474912,35.469539,"Tokyo",2022,7,9,"cdround","https://www.inaturalist.org/observations/129130771","http://creativecommons.org/licenses/by-nc/4.0/legalcode","WGS84","3881640444","129130771",NA,NA,NA
"50c9509d-22c7-4a22-a47d-8c48425ef4a7","HUMAN_OBSERVATION","PRESENT","Plestiodon finitimus",139.593968,35.635057,"Tokyo",2022,8,1,"cdround","https://www.inaturalist.org/observations/128884854","http://creativecommons.org/licenses/by-nc/4.0/legalcode","WGS84","3881376959","128884854",NA,NA,NA
"50c9509d-22c7-4a22-a47d-8c48425ef4a7","HUMAN_OBSERVATION","PRESENT","Plestiodon finitimus",139.227838,35.626302,"Tokyo",2022,8,1,"cdround","https://www.inaturalist.org/observations/128957252","http://creativecommons.org/licenses/by-nc/4.0/legalcode","WGS84","3881845606","128957252",NA,NA,NA
"50c9509d-22c7-4a22-a47d-8c48425ef4a7","HUMAN_OBSERVATION","PRESENT","Plestiodon finitimus",139.552571,35.424234,"Kanagawa",2021,2,14,"cdround","https://www.inaturalist.org/observations/69556063","http://creativecommons.org/licenses/by/4.0/legalcode","WGS84","3070521298","69556063",NA,NA,NA
"50c9509d-22c7-4a22-a47d-8c48425ef4a7","HUMAN_OBSERVATION","PRESENT","Plestiodon finitimus",139.574733,35.716669,"Tokyo",2021,3,29,"cdround","https://www.inaturalist.org/observations/72344178","http://creativecommons.org/licenses/by-nc/4.0/legalcode","WGS84","3070370062","72344178",NA,NA,NA
"50c9509d-22c7-4a22-a47d-8c48425ef4a7","HUMAN_OBSERVATION","PRESENT","Plestiodon finitimus",139.571705,35.54338,"Tokyo",2021,3,29,"cdround","https://www.inaturalist.org/observations/72426473","http://creativecommons.org/licenses/by-nc/4.0/legalcode","WGS84","3070674337","72426473",NA,NA,NA
"50c9509d-22c7-4a22-a47d-8c48425ef4a7","HUMAN_OBSERVATION","PRESENT","Plestiodon finitimus",139.434398,35.659621,"Tokyo",2021,3,26,"cdround","https://www.inaturalist.org/observations/72068007","http://creativecommons.org/licenses/by-nc/4.0/legalcode","WGS84","3070707507","72068007",NA,NA,NA
"50c9509d-22c7-4a22-a47d-8c48425ef4a7","HUMAN_OBSERVATION","PRESENT","Plestiodon finitimus",139.43219,35.554224,"Tokyo",2021,3,26,"cdround","https://www.inaturalist.org/observations/72242702","http://creativecommons.org/licenses/by-nc/4.0/legalcode","WGS84","3070717919","72242702",NA,NA,NA
"50c9509d-22c7-4a22-a47d-8c48425ef4a7","HUMAN_OBSERVATION","PRESENT","Plestiodon finitimus",139.521253,35.347144,"Kanagawa",2021,3,6,"cdround","https://www.inaturalist.org/observations/70664935","http://creativecommons.org/licenses/by/4.0/legalcode","WGS84","3070775429","70664935",NA,NA,NA
"50c9509d-22c7-4a22-a47d-8c48425ef4a7","HUMAN_OBSERVATION","PRESENT","Plestiodon finitimus",139.393817,35.61975,"Tokyo",2021,3,27,"cdround","https://www.inaturalist.org/observations/72880118","http://creativecommons.org/licenses/by-nc/4.0/legalcode","WGS84","3079824553","72880118",NA,NA,NA
"50c9509d-22c7-4a22-a47d-8c48425ef4a7","HUMAN_OBSERVATION","PRESENT","Plestiodon finitimus",139.426132,35.540798,"Kanagawa",2021,4,1,"cdround","https://www.inaturalist.org/observations/72589542","http://creativecommons.org/licenses/by-nc/4.0/legalcode","WGS84","3070361250","72589542",NA,NA,NA
"50c9509d-22c7-4a22-a47d-8c48425ef4a7","HUMAN_OBSERVATION","PRESENT","Plestiodon finitimus",139.34298,35.672069,"Tokyo",2021,4,7,"cdround","https://www.inaturalist.org/observations/73348165","http://creativecommons.org/publicdomain/zero/1.0/legalcode","WGS84","3079616248","73348165",NA,NA,NA
"50c9509d-22c7-4a22-a47d-8c48425ef4a7","HUMAN_OBSERVATION","PRESENT","Plestiodon finitimus",139.321264,35.486047,"Kanagawa",2021,4,3,"cdround","https://www.inaturalist.org/observations/72785704","http://creativecommons.org/licenses/by-nc/4.0/legalcode","WGS84","3079701480","72785704",NA,NA,NA
"50c9509d-22c7-4a22-a47d-8c48425ef4a7","HUMAN_OBSERVATION","PRESENT","Plestiodon finitimus",139.504232,35.65416,"Tokyo",2021,4,7,"cdround","https://www.inaturalist.org/observations/73167877","http://creativecommons.org/licenses/by-nc/4.0/legalcode","WGS84","3079744033","73167877",NA,NA,NA
"50c9509d-22c7-4a22-a47d-8c48425ef4a7","HUMAN_OBSERVATION","PRESENT","Plestiodon finitimus",139.44696,35.561052,"Tokyo",2021,4,11,"cdround","https://www.inaturalist.org/observations/73824067","http://creativecommons.org/licenses/by-nc/4.0/legalcode","WGS84","3090740678","73824067",NA,NA,NA
"50c9509d-22c7-4a22-a47d-8c48425ef4a7","HUMAN_OBSERVATION","PRESENT","Plestiodon finitimus",139.461388,35.635992,"Tokyo",2021,4,11,"cdround","https://www.inaturalist.org/observations/73862361","http://creativecommons.org/publicdomain/zero/1.0/legalcode","WGS84","3090933726","73862361",NA,NA,NA
"50c9509d-22c7-4a22-a47d-8c48425ef4a7","HUMAN_OBSERVATION","PRESENT","Plestiodon finitimus",139.337617,35.639239,"Tokyo",2021,4,11,"cdround","https://www.inaturalist.org/observations/73598415","http://creativecommons.org/licenses/by-nc/4.0/legalcode","WGS84","3090958363","73598415",NA,NA,NA
"50c9509d-22c7-4a22-a47d-8c48425ef4a7","HUMAN_OBSERVATION","PRESENT","Plestiodon finitimus",139.33714,35.640765,"Tokyo",2021,4,18,"","https://www.inaturalist.org/observations/74352741","http://creativecommons.org/licenses/by-nc/4.0/legalcode","WGS84","3097030949","74352741",NA,NA,NA
"50c9509d-22c7-4a22-a47d-8c48425ef4a7","HUMAN_OBSERVATION","PRESENT","Plestiodon finitimus",139.39205,35.608817,"Tokyo",2021,4,18,"cdround","https://www.inaturalist.org/observations/74358694","http://creativecommons.org/licenses/by-nc/4.0/legalcode","WGS84","3097095973","74358694",NA,NA,NA
"50c9509d-22c7-4a22-a47d-8c48425ef4a7","HUMAN_OBSERVATION","PRESENT","Plestiodon finitimus",139.481782,35.418611,"Tokyo",2021,4,20,"cdround","https://www.inaturalist.org/observations/74613596","http://creativecommons.org/licenses/by-nc/4.0/legalcode","WGS84","3097421302","74613596",NA,NA,NA
"50c9509d-22c7-4a22-a47d-8c48425ef4a7","HUMAN_OBSERVATION","PRESENT","Plestiodon finitimus",137.181233,35.014166,"Aichi",2021,4,24,"cdround","https://www.inaturalist.org/observations/75175545","http://creativecommons.org/licenses/by-nc/4.0/legalcode","WGS84","3109027871","75175545",NA,NA,NA
"50c9509d-22c7-4a22-a47d-8c48425ef4a7","HUMAN_OBSERVATION","PRESENT","Plestiodon finitimus",139.464449,35.583601,"Tokyo",2021,4,25,"cdround","https://www.inaturalist.org/observations/75146840","http://creativecommons.org/licenses/by-nc/4.0/legalcode","WGS84","3109050832","75146840",NA,NA,NA
"50c9509d-22c7-4a22-a47d-8c48425ef4a7","HUMAN_OBSERVATION","PRESENT","Plestiodon finitimus",136.503875,34.763592,"Mie",2021,4,2,"cdround","https://www.inaturalist.org/observations/72651922","http://creativecommons.org/licenses/by-nc/4.0/legalcode","WGS84","3112517410","72651922",NA,NA,NA
"50c9509d-22c7-4a22-a47d-8c48425ef4a7","HUMAN_OBSERVATION","PRESENT","Plestiodon finitimus",139.520659,35.347966,"Kanagawa",2021,4,30,"cdround","https://www.inaturalist.org/observations/75846049","http://creativecommons.org/licenses/by/4.0/legalcode","WGS84","3112535611","75846049",NA,NA,NA
"50c9509d-22c7-4a22-a47d-8c48425ef4a7","HUMAN_OBSERVATION","PRESENT","Plestiodon finitimus",139.474672,35.557136,"Tokyo",2021,4,28,"cdround","https://www.inaturalist.org/observations/79378709","http://creativecommons.org/licenses/by-nc/4.0/legalcode","WGS84","3118299565","79378709",NA,NA,NA
"50c9509d-22c7-4a22-a47d-8c48425ef4a7","HUMAN_OBSERVATION","PRESENT","Plestiodon finitimus",139.505026,35.546543,"Tokyo",2021,4,30,"cdround","https://www.inaturalist.org/observations/79453880","http://creativecommons.org/licenses/by-nc/4.0/legalcode","WGS84","3118488600","79453880",NA,NA,NA
"50c9509d-22c7-4a22-a47d-8c48425ef4a7","HUMAN_OBSERVATION","PRESENT","Plestiodon finitimus",137.195192,35.029178,"Aichi",2021,5,1,"cdround","https://www.inaturalist.org/observations/76075937","http://creativecommons.org/licenses/by-nc/4.0/legalcode","WGS84","3112546923","76075937",NA,NA,NA
"50c9509d-22c7-4a22-a47d-8c48425ef4a7","HUMAN_OBSERVATION","PRESENT","Plestiodon finitimus",139.453299,35.554109,"Tokyo",2021,5,6,"cdround","https://www.inaturalist.org/observations/79589157","http://creativecommons.org/licenses/by-nc/4.0/legalcode","WGS84","3118492773","79589157",NA,NA,NA
"50c9509d-22c7-4a22-a47d-8c48425ef4a7","HUMAN_OBSERVATION","PRESENT","Plestiodon finitimus",139.50145,35.470909,"Tokyo",2021,5,14,"cdround","https://www.inaturalist.org/observations/80049196","http://creativecommons.org/licenses/by-nc/4.0/legalcode","WGS84","3124617498","80049196",NA,NA,NA
"50c9509d-22c7-4a22-a47d-8c48425ef4a7","HUMAN_OBSERVATION","PRESENT","Plestiodon finitimus",139.518763,35.524192,"Tokyo",2021,5,9,"cdround","https://www.inaturalist.org/observations/79612736","http://creativecommons.org/licenses/by-nc/4.0/legalcode","WGS84","3124669621","79612736",NA,NA,NA
"50c9509d-22c7-4a22-a47d-8c48425ef4a7","HUMAN_OBSERVATION","PRESENT","Plestiodon finitimus",139.649934,35.321337,"Kanagawa",2021,5,24,"cdround","https://www.inaturalist.org/observations/80036181","http://creativecommons.org/licenses/by-nc/4.0/legalcode","WGS84","3124725939","80036181",NA,NA,NA
"50c9509d-22c7-4a22-a47d-8c48425ef4a7","HUMAN_OBSERVATION","PRESENT","Plestiodon finitimus",139.693777,35.284306,"Kanagawa",2021,5,23,"cdround","https://www.inaturalist.org/observations/79883496","http://creativecommons.org/licenses/by-nc/4.0/legalcode","WGS84","3124737744","79883496",NA,NA,NA
"50c9509d-22c7-4a22-a47d-8c48425ef4a7","HUMAN_OBSERVATION","PRESENT","Plestiodon finitimus",139.484657,35.503573,"Tokyo",2021,5,8,"cdround","https://www.inaturalist.org/observations/79609477","http://creativecommons.org/licenses/by-nc/4.0/legalcode","WGS84","3124830565","79609477",NA,NA,NA
"50c9509d-22c7-4a22-a47d-8c48425ef4a7","HUMAN_OBSERVATION","PRESENT","Plestiodon finitimus",139.474977,35.533926,"Tokyo",2021,5,29,"cdround","https://www.inaturalist.org/observations/81096567","http://creativecommons.org/licenses/by-nc/4.0/legalcode","WGS84","3302213566","81096567",NA,NA,NA
"50c9509d-22c7-4a22-a47d-8c48425ef4a7","HUMAN_OBSERVATION","PRESENT","Plestiodon finitimus",139.011335,35.264862,"Kanagawa",2021,5,30,"cdround","https://www.inaturalist.org/observations/80850862","http://creativecommons.org/publicdomain/zero/1.0/legalcode","WGS84","3302352474","80850862",NA,NA,NA
"50c9509d-22c7-4a22-a47d-8c48425ef4a7","HUMAN_OBSERVATION","PRESENT","Plestiodon finitimus",139.505817,35.535749,"Tokyo",2021,5,24,"cdround","https://www.inaturalist.org/observations/80426166","http://creativecommons.org/licenses/by-nc/4.0/legalcode","WGS84","3330421443","80426166",NA,NA,NA
"50c9509d-22c7-4a22-a47d-8c48425ef4a7","HUMAN_OBSERVATION","PRESENT","Plestiodon finitimus",139.52297,35.547882,"Tokyo",2021,5,31,"cdround","https://www.inaturalist.org/observations/81242564","http://creativecommons.org/licenses/by-nc/4.0/legalcode","WGS84","3330436449","81242564",NA,NA,NA
"50c9509d-22c7-4a22-a47d-8c48425ef4a7","HUMAN_OBSERVATION","PRESENT","Plestiodon finitimus",139.450488,35.513045,"Tokyo",2021,5,20,"cdround","https://www.inaturalist.org/observations/80220894","http://creativecommons.org/licenses/by-nc/4.0/legalcode","WGS84","3330774443","80220894",NA,NA,NA
"50c9509d-22c7-4a22-a47d-8c48425ef4a7","HUMAN_OBSERVATION","PRESENT","Plestiodon finitimus",139.649038,35.321029,"Kanagawa",2021,6,8,"cdround","https://www.inaturalist.org/observations/82117816","http://creativecommons.org/licenses/by-nc/4.0/legalcode","WGS84","3301857877","82117816",NA,NA,NA
"50c9509d-22c7-4a22-a47d-8c48425ef4a7","HUMAN_OBSERVATION","PRESENT","Plestiodon finitimus",139.64897,35.32098,"Kanagawa",2021,6,9,"cdround","https://www.inaturalist.org/observations/82248937","http://creativecommons.org/licenses/by-nc/4.0/legalcode","WGS84","3302317710","82248937",NA,NA,NA
"50c9509d-22c7-4a22-a47d-8c48425ef4a7","HUMAN_OBSERVATION","PRESENT","Plestiodon finitimus",139.474992,35.416593,"Tokyo",2021,6,3,"cdround","https://www.inaturalist.org/observations/81532554","http://creativecommons.org/licenses/by-nc/4.0/legalcode","WGS84","3314182484","81532554",NA,NA,NA
"50c9509d-22c7-4a22-a47d-8c48425ef4a7","HUMAN_OBSERVATION","PRESENT","Plestiodon finitimus",139.474386,35.586757,"Tokyo",2021,6,18,"cdround","https://www.inaturalist.org/observations/83869069","http://creativecommons.org/licenses/by-nc/4.0/legalcode","WGS84","3314413042","83869069",NA,NA,NA
"50c9509d-22c7-4a22-a47d-8c48425ef4a7","HUMAN_OBSERVATION","PRESENT","Plestiodon finitimus",139.593587,35.444294,"Tokyo",2021,6,15,"cdround","https://www.inaturalist.org/observations/83234200","http://creativecommons.org/licenses/by-nc/4.0/legalcode","WGS84","3314502533","83234200",NA,NA,NA
"50c9509d-22c7-4a22-a47d-8c48425ef4a7","HUMAN_OBSERVATION","PRESENT","Plestiodon finitimus",139.570573,35.586618,"Tokyo",2021,6,22,"cdround","https://www.inaturalist.org/observations/84525503","http://creativecommons.org/licenses/by-nc/4.0/legalcode","WGS84","3320852783","84525503",NA,NA,NA
"50c9509d-22c7-4a22-a47d-8c48425ef4a7","HUMAN_OBSERVATION","PRESENT","Plestiodon finitimus",139.55388,35.425074,"Kanagawa",2021,6,26,"cdround","https://www.inaturalist.org/observations/84535217","http://creativecommons.org/licenses/by/4.0/legalcode","WGS84","3321181775","84535217",NA,NA,NA
"50c9509d-22c7-4a22-a47d-8c48425ef4a7","HUMAN_OBSERVATION","PRESENT","Plestiodon finitimus",139.534104,35.491706,"Tokyo",2021,6,28,"cdround","https://www.inaturalist.org/observations/85847461","http://creativecommons.org/licenses/by-nc/4.0/legalcode","WGS84","3328040610","85847461",NA,NA,NA
"50c9509d-22c7-4a22-a47d-8c48425ef4a7","HUMAN_OBSERVATION","PRESENT","Plestiodon finitimus",139.419964,35.583499,"Tokyo",2021,6,26,"cdround","https://www.inaturalist.org/observations/85312550","http://creativecommons.org/licenses/by-nc/4.0/legalcode","WGS84","3330489485","85312550",NA,NA,NA
"50c9509d-22c7-4a22-a47d-8c48425ef4a7","HUMAN_OBSERVATION","PRESENT","Plestiodon finitimus",139.569712,35.441505,"Tokyo",2021,6,8,"cdround","https://www.inaturalist.org/observations/82214218","http://creativecommons.org/licenses/by-nc/4.0/legalcode","WGS84","3330623465","82214218",NA,NA,NA
"50c9509d-22c7-4a22-a47d-8c48425ef4a7","HUMAN_OBSERVATION","PRESENT","Plestiodon finitimus",136.058931,36.001756,"Fukui",2021,6,30,"cdround","https://www.inaturalist.org/observations/87914568","http://creativecommons.org/licenses/by-nc/4.0/legalcode","WGS84","3330626279","87914568",NA,NA,NA
"50c9509d-22c7-4a22-a47d-8c48425ef4a7","HUMAN_OBSERVATION","PRESENT","Plestiodon finitimus",139.470256,35.493569,"Tokyo",2021,6,21,"cdround","https://www.inaturalist.org/observations/84517020","http://creativecommons.org/licenses/by-nc/4.0/legalcode","WGS84","3330648504","84517020",NA,NA,NA
"50c9509d-22c7-4a22-a47d-8c48425ef4a7","HUMAN_OBSERVATION","PRESENT","Plestiodon finitimus",139.458996,35.43016,"Tokyo",2021,6,12,"cdround","https://www.inaturalist.org/observations/82758959","http://creativecommons.org/licenses/by-nc/4.0/legalcode","WGS84","3330753463","82758959",NA,NA,NA
"50c9509d-22c7-4a22-a47d-8c48425ef4a7","HUMAN_OBSERVATION","PRESENT","Plestiodon finitimus",139.49296,35.494766,"Tokyo",2021,6,24,"cdround","https://www.inaturalist.org/observations/85179794","http://creativecommons.org/licenses/by-nc/4.0/legalcode","WGS84","3330761524","85179794",NA,NA,NA
"50c9509d-22c7-4a22-a47d-8c48425ef4a7","HUMAN_OBSERVATION","PRESENT","Plestiodon finitimus",136.981108,35.162589,"Aichi",2021,6,6,"cdround","https://www.inaturalist.org/observations/116207211","http://creativecommons.org/licenses/by-nc/4.0/legalcode","WGS84","3772535417","116207211",NA,NA,NA
"50c9509d-22c7-4a22-a47d-8c48425ef4a7","HUMAN_OBSERVATION","PRESENT","Plestiodon finitimus",139.459582,35.635522,"Tokyo",2021,7,11,"cdround","https://www.inaturalist.org/observations/86529264","http://creativecommons.org/publicdomain/zero/1.0/legalcode","WGS84","3327694951","86529264",NA,NA,NA
"50c9509d-22c7-4a22-a47d-8c48425ef4a7","HUMAN_OBSERVATION","PRESENT","Plestiodon finitimus",139.508423,35.473237,"Tokyo",2021,7,7,"cdround","https://www.inaturalist.org/observations/87657882","http://creativecommons.org/licenses/by-nc/4.0/legalcode","WGS84","3330494076","87657882",NA,NA,NA
"50c9509d-22c7-4a22-a47d-8c48425ef4a7","HUMAN_OBSERVATION","PRESENT","Plestiodon finitimus",139.569847,35.419583,"Tokyo",2021,7,6,"cdround","https://www.inaturalist.org/observations/87484167","http://creativecommons.org/licenses/by-nc/4.0/legalcode","WGS84","3330518877","87484167",NA,NA,NA
"50c9509d-22c7-4a22-a47d-8c48425ef4a7","HUMAN_OBSERVATION","PRESENT","Plestiodon finitimus",139.423008,35.4174,"Tokyo",2021,7,10,"cdround","https://www.inaturalist.org/observations/87963327","http://creativecommons.org/licenses/by-nc/4.0/legalcode","WGS84","3330656311","87963327",NA,NA,NA
"50c9509d-22c7-4a22-a47d-8c48425ef4a7","HUMAN_OBSERVATION","PRESENT","Plestiodon finitimus",139.428438,35.484207,"Tokyo",2021,7,5,"cdround","https://www.inaturalist.org/observations/87352579","http://creativecommons.org/licenses/by-nc/4.0/legalcode","WGS84","3330738746","87352579",NA,NA,NA
"50c9509d-22c7-4a22-a47d-8c48425ef4a7","HUMAN_OBSERVATION","PRESENT","Plestiodon finitimus",141.345655,42.994296,"Hokkaido",2021,7,23,"cdround","https://www.inaturalist.org/observations/88384113","http://creativecommons.org/licenses/by-nc/4.0/legalcode","WGS84","3333086844","88384113",NA,NA,NA
"50c9509d-22c7-4a22-a47d-8c48425ef4a7","HUMAN_OBSERVATION","PRESENT","Plestiodon finitimus",137.420381,34.909344,"Aichi",2021,7,23,"cdround","https://www.inaturalist.org/observations/88221808","http://creativecommons.org/licenses/by-nc/4.0/legalcode","WGS84","3333101660","88221808",NA,NA,NA
"50c9509d-22c7-4a22-a47d-8c48425ef4a7","HUMAN_OBSERVATION","PRESENT","Plestiodon finitimus",140.377784,35.347091,"Chiba",2021,7,12,"cdround","https://www.inaturalist.org/observations/88335448","http://creativecommons.org/licenses/by-nc/4.0/legalcode","WGS84","3333150804","88335448",NA,NA,NA
"50c9509d-22c7-4a22-a47d-8c48425ef4a7","HUMAN_OBSERVATION","PRESENT","Plestiodon finitimus",139.541444,35.54006,"Tokyo",2021,7,13,"cdround","https://www.inaturalist.org/observations/88326750","http://creativecommons.org/licenses/by-nc/4.0/legalcode","WGS84","3333400752","88326750",NA,NA,NA
"50c9509d-22c7-4a22-a47d-8c48425ef4a7","HUMAN_OBSERVATION","PRESENT","Plestiodon finitimus",139.366333,35.640472,"Tokyo",2021,7,31,"cdround","https://www.inaturalist.org/observations/89296766","http://creativecommons.org/licenses/by-nc/4.0/legalcode","WGS84","3335322837","89296766",NA,NA,NA
"50c9509d-22c7-4a22-a47d-8c48425ef4a7","HUMAN_OBSERVATION","PRESENT","Plestiodon finitimus",139.474585,35.557119,"Tokyo",2021,7,25,"cdround","https://www.inaturalist.org/observations/90731494","http://creativecommons.org/licenses/by-nc/4.0/legalcode","WGS84","3343724655","90731494",NA,NA,NA
"50c9509d-22c7-4a22-a47d-8c48425ef4a7","HUMAN_OBSERVATION","PRESENT","Plestiodon finitimus",139.474661,35.557154,"Tokyo",2021,7,26,"cdround","https://www.inaturalist.org/observations/91123874","http://creativecommons.org/licenses/by-nc/4.0/legalcode","WGS84","3343927712","91123874",NA,NA,NA
"50c9509d-22c7-4a22-a47d-8c48425ef4a7","HUMAN_OBSERVATION","PRESENT","Plestiodon finitimus",139.512191,35.531046,"Tokyo",2021,7,27,"cdround","https://www.inaturalist.org/observations/91206925","http://creativecommons.org/licenses/by-nc/4.0/legalcode","WGS84","3343932699","91206925",NA,NA,NA
"50c9509d-22c7-4a22-a47d-8c48425ef4a7","HUMAN_OBSERVATION","PRESENT","Plestiodon finitimus",139.492768,35.535769,"Kanagawa",2021,7,18,"cdround","https://www.inaturalist.org/observations/89980704","http://creativecommons.org/licenses/by-nc/4.0/legalcode","WGS84","3408004505","89980704",NA,NA,NA
"50c9509d-22c7-4a22-a47d-8c48425ef4a7","HUMAN_OBSERVATION","PRESENT","Plestiodon finitimus",139.523938,35.507817,"Tokyo",2021,7,31,"cdround","https://www.inaturalist.org/observations/91224752","http://creativecommons.org/licenses/by-nc/4.0/legalcode","WGS84","3408128495","91224752",NA,NA,NA
"50c9509d-22c7-4a22-a47d-8c48425ef4a7","HUMAN_OBSERVATION","PRESENT","Plestiodon finitimus",139.532446,35.411089,"Tokyo",2021,7,29,"cdround","https://www.inaturalist.org/observations/91222311","http://creativecommons.org/licenses/by-nc/4.0/legalcode","WGS84","3415370690","91222311",NA,NA,NA
"50c9509d-22c7-4a22-a47d-8c48425ef4a7","HUMAN_OBSERVATION","PRESENT","Plestiodon finitimus",139.568533,35.577316,"Tokyo",2021,7,24,"cdround","https://www.inaturalist.org/observations/90711723","http://creativecommons.org/licenses/by-nc/4.0/legalcode","WGS84","3415372755","90711723",NA,NA,NA
"50c9509d-22c7-4a22-a47d-8c48425ef4a7","HUMAN_OBSERVATION","PRESENT","Plestiodon finitimus",139.47428,35.566542,"Tokyo",2021,7,26,"cdround","https://www.inaturalist.org/observations/91123868","http://creativecommons.org/licenses/by-nc/4.0/legalcode","WGS84","3415399826","91123868",NA,NA,NA
"50c9509d-22c7-4a22-a47d-8c48425ef4a7","HUMAN_OBSERVATION","PRESENT","Plestiodon finitimus",139.495517,35.417999,"Tokyo",2021,7,23,"cdround","https://www.inaturalist.org/observations/90532573","http://creativecommons.org/licenses/by-nc/4.0/legalcode","WGS84","3415466808","90532573",NA,NA,NA
"50c9509d-22c7-4a22-a47d-8c48425ef4a7","HUMAN_OBSERVATION","PRESENT","Plestiodon finitimus",139.473045,35.597288,"Tokyo",2021,7,16,"cdround","https://www.inaturalist.org/observations/89711079","http://creativecommons.org/licenses/by-nc/4.0/legalcode","WGS84","3415494772","89711079",NA,NA,NA
"50c9509d-22c7-4a22-a47d-8c48425ef4a7","HUMAN_OBSERVATION","PRESENT","Plestiodon finitimus",139.436601,35.523951,"Tokyo",2021,7,21,"cdround","https://www.inaturalist.org/observations/90337747","http://creativecommons.org/licenses/by-nc/4.0/legalcode","WGS84","3415948798","90337747",NA,NA,NA
"50c9509d-22c7-4a22-a47d-8c48425ef4a7","HUMAN_OBSERVATION","PRESENT","Plestiodon finitimus",137.034405,34.725562,"Aichi",2021,7,22,"cdround","https://www.inaturalist.org/observations/91122052","http://creativecommons.org/licenses/by-nc/4.0/legalcode","WGS84","3743001366","91122052",NA,NA,NA
"50c9509d-22c7-4a22-a47d-8c48425ef4a7","HUMAN_OBSERVATION","PRESENT","Plestiodon finitimus",139.210091,35.522023,"Kanagawa",2021,8,1,"cdround","https://www.inaturalist.org/observations/89599542","http://creativecommons.org/licenses/by-nc/4.0/legalcode","WGS84","3335098104","89599542",NA,NA,NA
"50c9509d-22c7-4a22-a47d-8c48425ef4a7","HUMAN_OBSERVATION","PRESENT","Plestiodon finitimus",139.51589,35.58117,"Tokyo",2021,8,6,"cdround","https://www.inaturalist.org/observations/91720686","http://creativecommons.org/licenses/by-nc/4.0/legalcode","WGS84","3337822753","91720686",NA,NA,NA
"50c9509d-22c7-4a22-a47d-8c48425ef4a7","HUMAN_OBSERVATION","PRESENT","Plestiodon finitimus",139.443355,35.45283,"Tokyo",2021,8,10,"cdround","https://www.inaturalist.org/observations/91940468","http://creativecommons.org/licenses/by-nc/4.0/legalcode","WGS84","3343770975","91940468",NA,NA,NA
"50c9509d-22c7-4a22-a47d-8c48425ef4a7","HUMAN_OBSERVATION","PRESENT","Plestiodon finitimus",139.588521,35.46888,"Tokyo",2021,8,5,"cdround","https://www.inaturalist.org/observations/91510127","http://creativecommons.org/licenses/by-nc/4.0/legalcode","WGS84","3343807607","91510127",NA,NA,NA
"50c9509d-22c7-4a22-a47d-8c48425ef4a7","HUMAN_OBSERVATION","PRESENT","Plestiodon finitimus",139.511076,35.72697,"Tokyo",2021,8,21,"cdround","https://www.inaturalist.org/observations/91928023","http://creativecommons.org/licenses/by-nc/4.0/legalcode","WGS84","3343834005","91928023",NA,NA,NA
"50c9509d-22c7-4a22-a47d-8c48425ef4a7","HUMAN_OBSERVATION","PRESENT","Plestiodon finitimus",139.43102,35.402221,"Tokyo",2021,8,21,"cdround","https://www.inaturalist.org/observations/92229533","http://creativecommons.org/licenses/by-nc/4.0/legalcode","WGS84","3343934448","92229533",NA,NA,NA
"50c9509d-22c7-4a22-a47d-8c48425ef4a7","HUMAN_OBSERVATION","PRESENT","Plestiodon finitimus",139.697528,35.225213,"Kanagawa",2021,8,31,"cdround","https://www.inaturalist.org/observations/93098261","http://creativecommons.org/licenses/by-nc/4.0/legalcode","WGS84","3355391344","93098261",NA,NA,NA
"50c9509d-22c7-4a22-a47d-8c48425ef4a7","HUMAN_OBSERVATION","PRESENT","Plestiodon finitimus",139.411872,35.579569,"Tokyo",2021,8,24,"cdround","https://www.inaturalist.org/observations/95366604","http://creativecommons.org/licenses/by-nc/4.0/legalcode","WGS84","3384801538","95366604",NA,NA,NA
"50c9509d-22c7-4a22-a47d-8c48425ef4a7","HUMAN_OBSERVATION","PRESENT","Plestiodon finitimus",139.448261,35.429231,"Tokyo",2021,8,25,"cdround","https://www.inaturalist.org/observations/95474673","http://creativecommons.org/licenses/by-nc/4.0/legalcode","WGS84","3384982593","95474673",NA,NA,NA
"50c9509d-22c7-4a22-a47d-8c48425ef4a7","HUMAN_OBSERVATION","PRESENT","Plestiodon finitimus",139.580336,35.451829,"Tokyo",2021,8,28,"cdround","https://www.inaturalist.org/observations/95629772","http://creativecommons.org/licenses/by-nc/4.0/legalcode","WGS84","3385028746","95629772",NA,NA,NA
"50c9509d-22c7-4a22-a47d-8c48425ef4a7","HUMAN_OBSERVATION","PRESENT","Plestiodon finitimus",139.526117,35.530704,"Tokyo",2021,8,31,"cdround","https://www.inaturalist.org/observations/97143815","http://creativecommons.org/licenses/by-nc/4.0/legalcode","WGS84","3385042291","97143815",NA,NA,NA
"50c9509d-22c7-4a22-a47d-8c48425ef4a7","HUMAN_OBSERVATION","PRESENT","Plestiodon finitimus",139.521305,35.494216,"Tokyo",2021,8,23,"cdround","https://www.inaturalist.org/observations/95363851","http://creativecommons.org/licenses/by-nc/4.0/legalcode","WGS84","3385110459","95363851",NA,NA,NA
"50c9509d-22c7-4a22-a47d-8c48425ef4a7","HUMAN_OBSERVATION","PRESENT","Plestiodon finitimus",139.4565,35.564458,"Tokyo",2021,8,27,"cdround","https://www.inaturalist.org/observations/95622277","http://creativecommons.org/licenses/by-nc/4.0/legalcode","WGS84","3385110721","95622277",NA,NA,NA
"50c9509d-22c7-4a22-a47d-8c48425ef4a7","HUMAN_OBSERVATION","PRESENT","Plestiodon finitimus",139.420269,35.402892,"Tokyo",2021,8,18,"cdround","https://www.inaturalist.org/observations/92075422","http://creativecommons.org/licenses/by-nc/4.0/legalcode","WGS84","3407894503","92075422",NA,NA,NA
"50c9509d-22c7-4a22-a47d-8c48425ef4a7","HUMAN_OBSERVATION","PRESENT","Plestiodon finitimus",139.444842,35.485317,"Tokyo",2021,8,12,"cdround","https://www.inaturalist.org/observations/92038803","http://creativecommons.org/licenses/by-nc/4.0/legalcode","WGS84","3407904510","92038803",NA,NA,NA
"50c9509d-22c7-4a22-a47d-8c48425ef4a7","HUMAN_OBSERVATION","PRESENT","Plestiodon finitimus",139.492403,35.481675,"Tokyo",2021,8,12,"cdround","https://www.inaturalist.org/observations/92038810","http://creativecommons.org/licenses/by-nc/4.0/legalcode","WGS84","3407932534","92038810",NA,NA,NA
"50c9509d-22c7-4a22-a47d-8c48425ef4a7","HUMAN_OBSERVATION","PRESENT","Plestiodon finitimus",139.562034,35.497103,"Tokyo",2021,8,4,"cdround","https://www.inaturalist.org/observations/91387682","http://creativecommons.org/licenses/by-nc/4.0/legalcode","WGS84","3408029499","91387682",NA,NA,NA
"50c9509d-22c7-4a22-a47d-8c48425ef4a7","HUMAN_OBSERVATION","PRESENT","Plestiodon finitimus",139.423987,35.516972,"Tokyo",2021,8,11,"cdround","https://www.inaturalist.org/observations/91944181","http://creativecommons.org/licenses/by-nc/4.0/legalcode","WGS84","3408158524","91944181",NA,NA,NA
"50c9509d-22c7-4a22-a47d-8c48425ef4a7","HUMAN_OBSERVATION","PRESENT","Plestiodon finitimus",139.432085,35.532227,"Tokyo",2021,8,3,"cdround","https://www.inaturalist.org/observations/91368474","http://creativecommons.org/licenses/by-nc/4.0/legalcode","WGS84","3415823813","91368474",NA,NA,NA
"50c9509d-22c7-4a22-a47d-8c48425ef4a7","HUMAN_OBSERVATION","PRESENT","Plestiodon finitimus",136.228282,35.808576,"Fukui",2021,8,1,"cdround","https://www.inaturalist.org/observations/89416869","http://creativecommons.org/licenses/by-nc/4.0/legalcode","WGS84","3415846853","89416869",NA,NA,NA
"50c9509d-22c7-4a22-a47d-8c48425ef4a7","HUMAN_OBSERVATION","PRESENT","Plestiodon finitimus",139.64999,35.321207,"Kanagawa",2021,9,7,"cdround","https://www.inaturalist.org/observations/93956479","http://creativecommons.org/licenses/by-nc/4.0/legalcode","WGS84","3355234235","93956479",NA,NA,NA
"50c9509d-22c7-4a22-a47d-8c48425ef4a7","HUMAN_OBSERVATION","PRESENT","Plestiodon finitimus",137.054214,35.220312,"Aichi",2021,9,6,"cdround","https://www.inaturalist.org/observations/93826963","http://creativecommons.org/licenses/by-nc/4.0/legalcode","WGS84","3355418115","93826963",NA,NA,NA
"50c9509d-22c7-4a22-a47d-8c48425ef4a7","HUMAN_OBSERVATION","PRESENT","Plestiodon finitimus",139.62541,35.765342,"Saitama",2021,9,12,"cdround","https://www.inaturalist.org/observations/94546130","http://creativecommons.org/licenses/by-nc/4.0/legalcode","WGS84","3383991586","94546130",NA,NA,NA
"50c9509d-22c7-4a22-a47d-8c48425ef4a7","HUMAN_OBSERVATION","PRESENT","Plestiodon finitimus",137.619225,35.604072,"Nagano",2021,9,6,"cdround","https://www.inaturalist.org/observations/95519124","http://creativecommons.org/licenses/by/4.0/legalcode","WGS84","3384132700","95519124",NA,NA,NA
"50c9509d-22c7-4a22-a47d-8c48425ef4a7","HUMAN_OBSERVATION","PRESENT","Plestiodon finitimus",139.60817,35.3419,"Kanagawa",2021,9,19,"","https://www.inaturalist.org/observations/95370386","http://creativecommons.org/licenses/by-nc/4.0/legalcode","WGS84","3384419479","95370386",NA,NA,NA
"50c9509d-22c7-4a22-a47d-8c48425ef4a7","HUMAN_OBSERVATION","PRESENT","Plestiodon finitimus",139.609153,35.342314,"Kanagawa",2021,9,13,"cdround","https://www.inaturalist.org/observations/94682343","http://creativecommons.org/licenses/by-nc/4.0/legalcode","WGS84","3384820766","94682343",NA,NA,NA
"50c9509d-22c7-4a22-a47d-8c48425ef4a7","HUMAN_OBSERVATION","PRESENT","Plestiodon finitimus",139.46135,35.47845,"Tokyo",2021,9,10,"cdround","https://www.inaturalist.org/observations/98088830","http://creativecommons.org/licenses/by-nc/4.0/legalcode","WGS84","3391423175","98088830",NA,NA,NA
"50c9509d-22c7-4a22-a47d-8c48425ef4a7","HUMAN_OBSERVATION","PRESENT","Plestiodon finitimus",139.526577,35.448198,"Tokyo",2021,9,7,"cdround","https://www.inaturalist.org/observations/98001081","http://creativecommons.org/licenses/by-nc/4.0/legalcode","WGS84","3391520127","98001081",NA,NA,NA
"50c9509d-22c7-4a22-a47d-8c48425ef4a7","HUMAN_OBSERVATION","PRESENT","Plestiodon finitimus",139.481706,35.590287,"Tokyo",2021,9,19,"cdround","https://www.inaturalist.org/observations/100992860","http://creativecommons.org/licenses/by-nc/4.0/legalcode","WGS84","3415525930","100992860",NA,NA,NA
"50c9509d-22c7-4a22-a47d-8c48425ef4a7","HUMAN_OBSERVATION","PRESENT","Plestiodon finitimus",139.428923,35.435643,"Tokyo",2021,9,20,"cdround","https://www.inaturalist.org/observations/101053075","http://creativecommons.org/licenses/by-nc/4.0/legalcode","WGS84","3415627913","101053075",NA,NA,NA
"50c9509d-22c7-4a22-a47d-8c48425ef4a7","HUMAN_OBSERVATION","PRESENT","Plestiodon finitimus",139.421537,35.527126,"Tokyo",2021,9,15,"cdround","https://www.inaturalist.org/observations/100647046","http://creativecommons.org/licenses/by-nc/4.0/legalcode","WGS84","3415852797","100647046",NA,NA,NA
"50c9509d-22c7-4a22-a47d-8c48425ef4a7","HUMAN_OBSERVATION","PRESENT","Plestiodon finitimus",139.417859,35.481569,"Tokyo",2021,9,15,"cdround","https://www.inaturalist.org/observations/100647052","http://creativecommons.org/licenses/by-nc/4.0/legalcode","WGS84","3415866800","100647052",NA,NA,NA
"50c9509d-22c7-4a22-a47d-8c48425ef4a7","HUMAN_OBSERVATION","PRESENT","Plestiodon finitimus",139.422862,35.463372,"Tokyo",2021,9,13,"cdround","https://www.inaturalist.org/observations/100577885","http://creativecommons.org/licenses/by-nc/4.0/legalcode","WGS84","3415936048","100577885",NA,NA,NA
"50c9509d-22c7-4a22-a47d-8c48425ef4a7","HUMAN_OBSERVATION","PRESENT","Plestiodon finitimus",139.46937,35.584932,"Tokyo",2021,9,13,"cdround","https://www.inaturalist.org/observations/100577888","http://creativecommons.org/licenses/by-nc/4.0/legalcode","WGS84","3415939093","100577888",NA,NA,NA
"50c9509d-22c7-4a22-a47d-8c48425ef4a7","HUMAN_OBSERVATION","PRESENT","Plestiodon finitimus",139.594236,35.414621,"Kanagawa",2021,9,11,"cdround","https://www.inaturalist.org/observations/100468517","http://creativecommons.org/licenses/by-nc/4.0/legalcode","WGS84","3415946277","100468517",NA,NA,NA
"50c9509d-22c7-4a22-a47d-8c48425ef4a7","HUMAN_OBSERVATION","PRESENT","Plestiodon finitimus",139.509368,35.437845,"Tokyo",2021,9,11,"cdround","https://www.inaturalist.org/observations/100468518","http://creativecommons.org/licenses/by-nc/4.0/legalcode","WGS84","3415952220","100468518",NA,NA,NA
"50c9509d-22c7-4a22-a47d-8c48425ef4a7","HUMAN_OBSERVATION","PRESENT","Plestiodon finitimus",139.475683,35.530869,"Tokyo",2021,9,16,"cdround","https://www.inaturalist.org/observations/100752382","http://creativecommons.org/licenses/by-nc/4.0/legalcode","WGS84","3415985937","100752382",NA,NA,NA
"50c9509d-22c7-4a22-a47d-8c48425ef4a7","HUMAN_OBSERVATION","PRESENT","Plestiodon finitimus",139.550209,35.53886,"Tokyo",2021,9,16,"cdround","https://www.inaturalist.org/observations/100752381","http://creativecommons.org/licenses/by-nc/4.0/legalcode","WGS84","3415994930","100752381",NA,NA,NA
"50c9509d-22c7-4a22-a47d-8c48425ef4a7","HUMAN_OBSERVATION","PRESENT","Plestiodon finitimus",139.432634,35.543045,"Tokyo",2021,9,22,"cdround","https://www.inaturalist.org/observations/101070786","http://creativecommons.org/licenses/by-nc/4.0/legalcode","WGS84","3416038361","101070786",NA,NA,NA
"50c9509d-22c7-4a22-a47d-8c48425ef4a7","HUMAN_OBSERVATION","PRESENT","Plestiodon finitimus",139.578657,35.584593,"Tokyo",2021,9,22,"cdround","https://www.inaturalist.org/observations/101070784","http://creativecommons.org/licenses/by-nc/4.0/legalcode","WGS84","3416063440","101070784",NA,NA,NA
"50c9509d-22c7-4a22-a47d-8c48425ef4a7","HUMAN_OBSERVATION","PRESENT","Plestiodon finitimus",136.909799,35.126177,"Aichi",2021,10,3,"cdround","https://www.inaturalist.org/observations/96959894","http://creativecommons.org/licenses/by-nc/4.0/legalcode","WGS84","3384092101","96959894",NA,NA,NA
"50c9509d-22c7-4a22-a47d-8c48425ef4a7","HUMAN_OBSERVATION","PRESENT","Plestiodon finitimus",139.415724,35.597475,"Tokyo",2021,10,2,"cdround","https://www.inaturalist.org/observations/96850506","http://creativecommons.org/licenses/by-nc/4.0/legalcode","WGS84","3384538985","96850506",NA,NA,NA
"50c9509d-22c7-4a22-a47d-8c48425ef4a7","HUMAN_OBSERVATION","PRESENT","Plestiodon finitimus",139.561788,35.537337,"Tokyo",2021,10,3,"cdround","https://www.inaturalist.org/observations/101809091","http://creativecommons.org/licenses/by-nc/4.0/legalcode","WGS84","3416040241","101809091",NA,NA,NA
"50c9509d-22c7-4a22-a47d-8c48425ef4a7","HUMAN_OBSERVATION","PRESENT","Plestiodon finitimus",139.143456,35.28249,"Kanagawa",2020,3,11,"cdround","https://www.inaturalist.org/observations/69359715","http://creativecommons.org/licenses/by-nc/4.0/legalcode","WGS84","3039455060","69359715",NA,NA,NA
"50c9509d-22c7-4a22-a47d-8c48425ef4a7","HUMAN_OBSERVATION","PRESENT","Plestiodon finitimus",139.419389,35.596625,"Tokyo",2020,4,24,"cdround","https://www.inaturalist.org/observations/43075951","http://creativecommons.org/licenses/by-nc/4.0/legalcode","WGS84","2619883653","43075951",NA,NA,NA
"50c9509d-22c7-4a22-a47d-8c48425ef4a7","HUMAN_OBSERVATION","PRESENT","Plestiodon finitimus",139.419175,35.596561,"Tokyo",2020,4,24,"cdround","https://www.inaturalist.org/observations/43075986","http://creativecommons.org/licenses/by-nc/4.0/legalcode","WGS84","2620015585","43075986",NA,NA,NA
"50c9509d-22c7-4a22-a47d-8c48425ef4a7","HUMAN_OBSERVATION","PRESENT","Plestiodon finitimus",139.548565,35.422577,"Kanagawa",2020,4,30,"cdround","https://www.inaturalist.org/observations/44350459","http://creativecommons.org/licenses/by/4.0/legalcode","WGS84","3070589829","44350459",NA,NA,NA
"50c9509d-22c7-4a22-a47d-8c48425ef4a7","HUMAN_OBSERVATION","PRESENT","Plestiodon finitimus",138.717778,36.559722,"Gunma",2020,5,4,"cdround","https://www.inaturalist.org/observations/45036561","http://creativecommons.org/licenses/by-nc/4.0/legalcode","WGS84","2862442375","45036561",NA,NA,NA
"50c9509d-22c7-4a22-a47d-8c48425ef4a7","HUMAN_OBSERVATION","PRESENT","Plestiodon finitimus",139.289181,35.673697,"Tokyo",2020,5,7,"cdround","https://www.inaturalist.org/observations/56597945","http://creativecommons.org/licenses/by-nc/4.0/legalcode","WGS84","2883130439","56597945",NA,NA,NA
"50c9509d-22c7-4a22-a47d-8c48425ef4a7","HUMAN_OBSERVATION","PRESENT","Plestiodon finitimus",138.818333,36.305556,"Gunma",2020,6,6,"cdround","https://www.inaturalist.org/observations/48643110","http://creativecommons.org/licenses/by-nc/4.0/legalcode","WGS84","3415459418","48643110",NA,NA,NA
"50c9509d-22c7-4a22-a47d-8c48425ef4a7","HUMAN_OBSERVATION","PRESENT","Plestiodon finitimus",139.097706,35.803757,"Tokyo",2020,7,19,"cdround","https://www.inaturalist.org/observations/53566412","http://creativecommons.org/licenses/by-nc/4.0/legalcode","WGS84","2856508457","53566412",NA,NA,NA
"50c9509d-22c7-4a22-a47d-8c48425ef4a7","HUMAN_OBSERVATION","PRESENT","Plestiodon finitimus",139.612441,35.34783,"Kanagawa",2020,7,11,"cdround","https://www.inaturalist.org/observations/52633481","http://creativecommons.org/licenses/by-nc/4.0/legalcode","WGS84","2856514428","52633481",NA,NA,NA
"50c9509d-22c7-4a22-a47d-8c48425ef4a7","HUMAN_OBSERVATION","PRESENT","Plestiodon finitimus",139.613609,35.340997,"Kanagawa",2020,7,16,"","https://www.inaturalist.org/observations/53224058","http://creativecommons.org/licenses/by-nc/4.0/legalcode","WGS84","2856544421","53224058",NA,NA,NA
"50c9509d-22c7-4a22-a47d-8c48425ef4a7","HUMAN_OBSERVATION","PRESENT","Plestiodon finitimus",139.593256,35.289089,"Kanagawa",2020,7,22,"cdround","https://www.inaturalist.org/observations/55675691","http://creativecommons.org/licenses/by-nc/4.0/legalcode","WGS84","3330505368","55675691",NA,NA,NA
"50c9509d-22c7-4a22-a47d-8c48425ef4a7","HUMAN_OBSERVATION","PRESENT","Plestiodon finitimus",137.396479,34.82248,"Aichi",2020,7,22,"cdround","https://www.inaturalist.org/observations/100196479","http://creativecommons.org/licenses/by-nc/4.0/legalcode","WGS84","3408192189","100196479",NA,NA,NA
"50c9509d-22c7-4a22-a47d-8c48425ef4a7","HUMAN_OBSERVATION","PRESENT","Plestiodon finitimus",137.191024,34.952829,"Aichi",2020,7,8,"cdround","https://www.inaturalist.org/observations/52359048","http://creativecommons.org/licenses/by-nc/4.0/legalcode","WGS84","3415755426","52359048",NA,NA,NA
"50c9509d-22c7-4a22-a47d-8c48425ef4a7","HUMAN_OBSERVATION","PRESENT","Plestiodon finitimus",137.195636,34.95733,"Aichi",2020,7,8,"cdround","https://www.inaturalist.org/observations/52358499","http://creativecommons.org/licenses/by-nc/4.0/legalcode","WGS84","3415805442","52358499",NA,NA,NA
"50c9509d-22c7-4a22-a47d-8c48425ef4a7","HUMAN_OBSERVATION","PRESENT","Plestiodon finitimus",139.732615,35.679278,"Tokyo",2020,8,8,"cdround","https://www.inaturalist.org/observations/56377905","http://creativecommons.org/licenses/by-nc/4.0/legalcode","WGS84","2850664578","56377905",NA,NA,NA
"50c9509d-22c7-4a22-a47d-8c48425ef4a7","HUMAN_OBSERVATION","PRESENT","Plestiodon finitimus",139.001081,35.794848,"Tokyo",2020,8,24,"cdround","https://www.inaturalist.org/observations/57526145","http://creativecommons.org/licenses/by-nc/4.0/legalcode","WGS84","2856491190","57526145",NA,NA,NA
"50c9509d-22c7-4a22-a47d-8c48425ef4a7","HUMAN_OBSERVATION","PRESENT","Plestiodon finitimus",138.21066,36.822134,"Nagano",2020,8,13,"cdround","https://www.inaturalist.org/observations/56292169","http://creativecommons.org/licenses/by-nc/4.0/legalcode","WGS84","2856512527","56292169",NA,NA,NA
"50c9509d-22c7-4a22-a47d-8c48425ef4a7","HUMAN_OBSERVATION","PRESENT","Plestiodon finitimus",137.17128,34.93878,"Aichi",2020,8,5,"","https://www.inaturalist.org/observations/55442882","http://creativecommons.org/licenses/by-nc/4.0/legalcode","WGS84","2856719491","55442882",NA,NA,NA
"50c9509d-22c7-4a22-a47d-8c48425ef4a7","HUMAN_OBSERVATION","PRESENT","Plestiodon finitimus",140.257433,35.579186,"Chiba",2020,8,30,"cdround","https://www.inaturalist.org/observations/58005926","http://creativecommons.org/licenses/by-nc/4.0/legalcode","WGS84","2860143862","58005926",NA,NA,NA
"50c9509d-22c7-4a22-a47d-8c48425ef4a7","HUMAN_OBSERVATION","PRESENT","Plestiodon finitimus",137.401058,34.937141,"Aichi",2020,8,2,"cdround","https://www.inaturalist.org/observations/55280190","http://creativecommons.org/licenses/by-nc/4.0/legalcode","WGS84","3330641374","55280190",NA,NA,NA
"50c9509d-22c7-4a22-a47d-8c48425ef4a7","HUMAN_OBSERVATION","PRESENT","Plestiodon finitimus",137.400602,34.937419,"Aichi",2020,8,2,"cdround","https://www.inaturalist.org/observations/55281511","http://creativecommons.org/licenses/by-nc/4.0/legalcode","WGS84","3330778378","55281511",NA,NA,NA
"50c9509d-22c7-4a22-a47d-8c48425ef4a7","HUMAN_OBSERVATION","PRESENT","Plestiodon finitimus",139.437228,35.651843,"Tokyo",2020,9,8,"","https://www.inaturalist.org/observations/58919775","http://creativecommons.org/licenses/by-nc/4.0/legalcode","WGS84","2862289114","58919775",NA,NA,NA
"50c9509d-22c7-4a22-a47d-8c48425ef4a7","HUMAN_OBSERVATION","PRESENT","Plestiodon finitimus",139.439055,35.648546,"Tokyo",2020,9,10,"","https://www.inaturalist.org/observations/59092491","http://creativecommons.org/licenses/by-nc/4.0/legalcode","WGS84","2862666442","59092491",NA,NA,NA
"50c9509d-22c7-4a22-a47d-8c48425ef4a7","HUMAN_OBSERVATION","PRESENT","Plestiodon finitimus",139.455143,35.552111,"Tokyo",2020,9,13,"cdround","https://www.inaturalist.org/observations/59423284","http://creativecommons.org/licenses/by-nc/4.0/legalcode","WGS84","2864562123","59423284",NA,NA,NA
"50c9509d-22c7-4a22-a47d-8c48425ef4a7","HUMAN_OBSERVATION","PRESENT","Plestiodon finitimus",139.562397,35.573836,"Kanagawa",2020,9,17,"cdround","https://www.inaturalist.org/observations/60028526","http://creativecommons.org/licenses/by-nc/4.0/legalcode","WGS84","2868187774","60028526",NA,NA,NA
"50c9509d-22c7-4a22-a47d-8c48425ef4a7","HUMAN_OBSERVATION","PRESENT","Plestiodon finitimus",139.515846,35.508937,"Tokyo",2020,9,22,"cdround","https://www.inaturalist.org/observations/60493682","http://creativecommons.org/licenses/by-nc/4.0/legalcode","WGS84","2868383356","60493682",NA,NA,NA
"50c9509d-22c7-4a22-a47d-8c48425ef4a7","HUMAN_OBSERVATION","PRESENT","Plestiodon finitimus",139.612088,35.348392,"Kanagawa",2020,9,27,"cdround","https://www.inaturalist.org/observations/60929783","http://creativecommons.org/licenses/by-nc/4.0/legalcode","WGS84","2873762793","60929783",NA,NA,NA
"50c9509d-22c7-4a22-a47d-8c48425ef4a7","HUMAN_OBSERVATION","PRESENT","Plestiodon finitimus",139.550536,35.588318,"Tokyo",2020,9,27,"cdround","https://www.inaturalist.org/observations/61072403","http://creativecommons.org/licenses/by-nc/4.0/legalcode","WGS84","2873798758","61072403",NA,NA,NA
"50c9509d-22c7-4a22-a47d-8c48425ef4a7","HUMAN_OBSERVATION","PRESENT","Plestiodon finitimus",139.568814,35.475167,"Tokyo",2020,9,30,"cdround","https://www.inaturalist.org/observations/61381620","http://creativecommons.org/licenses/by-nc/4.0/legalcode","WGS84","2873947629","61381620",NA,NA,NA
"50c9509d-22c7-4a22-a47d-8c48425ef4a7","HUMAN_OBSERVATION","PRESENT","Plestiodon finitimus",139.478133,35.797737,"Saitama",2020,9,27,"cdround","https://www.inaturalist.org/observations/60961140","http://creativecommons.org/licenses/by-nc/4.0/legalcode","WGS84","2873968867","60961140",NA,NA,NA
"50c9509d-22c7-4a22-a47d-8c48425ef4a7","HUMAN_OBSERVATION","PRESENT","Plestiodon finitimus",139.539028,35.426392,"Tokyo",2020,9,17,"cdround","https://www.inaturalist.org/observations/60036312","http://creativecommons.org/licenses/by-nc/4.0/legalcode","WGS84","2882972452","60036312",NA,NA,NA
"50c9509d-22c7-4a22-a47d-8c48425ef4a7","HUMAN_OBSERVATION","PRESENT","Plestiodon finitimus",139.538196,35.506991,"Tokyo",2020,9,14,"cdround","https://www.inaturalist.org/observations/59848419","http://creativecommons.org/licenses/by-nc/4.0/legalcode","WGS84","2883078519","59848419",NA,NA,NA
"50c9509d-22c7-4a22-a47d-8c48425ef4a7","HUMAN_OBSERVATION","PRESENT","Plestiodon finitimus",139.434907,35.491655,"Tokyo",2020,9,5,"cdround","https://www.inaturalist.org/observations/58566395","http://creativecommons.org/licenses/by-nc/4.0/legalcode","WGS84","2883142464","58566395",NA,NA,NA
"50c9509d-22c7-4a22-a47d-8c48425ef4a7","HUMAN_OBSERVATION","PRESENT","Plestiodon finitimus",139.557471,35.52536,"Tokyo",2020,9,19,"cdround","https://www.inaturalist.org/observations/60147439","http://creativecommons.org/licenses/by-nc/4.0/legalcode","WGS84","2883167526","60147439",NA,NA,NA
"50c9509d-22c7-4a22-a47d-8c48425ef4a7","HUMAN_OBSERVATION","PRESENT","Plestiodon finitimus",139.588676,35.551442,"Tokyo",2020,9,19,"cdround","https://www.inaturalist.org/observations/60147436","http://creativecommons.org/licenses/by-nc/4.0/legalcode","WGS84","2883168534","60147436",NA,NA,NA
"50c9509d-22c7-4a22-a47d-8c48425ef4a7","HUMAN_OBSERVATION","PRESENT","Plestiodon finitimus",139.412822,35.584515,"Tokyo",2020,9,5,"cdround","https://www.inaturalist.org/observations/58566394","http://creativecommons.org/licenses/by-nc/4.0/legalcode","WGS84","2883172481","58566394",NA,NA,NA
"50c9509d-22c7-4a22-a47d-8c48425ef4a7","HUMAN_OBSERVATION","PRESENT","Plestiodon finitimus",139.760439,35.847848,"Saitama",2020,9,27,"cdround","https://www.inaturalist.org/observations/62107793","http://creativecommons.org/licenses/by-nc/4.0/legalcode","WGS84","2898289611","62107793",NA,NA,NA
"50c9509d-22c7-4a22-a47d-8c48425ef4a7","HUMAN_OBSERVATION","PRESENT","Plestiodon finitimus",139.457202,35.469566,"Tokyo",2020,10,25,"cdround","https://www.inaturalist.org/observations/63549897","http://creativecommons.org/licenses/by-nc/4.0/legalcode","WGS84","2963776904","63549897",NA,NA,NA
"50c9509d-22c7-4a22-a47d-8c48425ef4a7","HUMAN_OBSERVATION","PRESENT","Plestiodon finitimus",139.613257,35.347247,"Kanagawa",2020,10,24,"cdround","https://www.inaturalist.org/observations/63362179","http://creativecommons.org/licenses/by-nc/4.0/legalcode","WGS84","2963825656","63362179",NA,NA,NA
"50c9509d-22c7-4a22-a47d-8c48425ef4a7","HUMAN_OBSERVATION","PRESENT","Plestiodon finitimus",139.408337,35.5885,"Tokyo",2020,10,12,"cdround","https://www.inaturalist.org/observations/62467030","http://creativecommons.org/licenses/by-nc/4.0/legalcode","WGS84","3117781378","62467030",NA,NA,NA
"50c9509d-22c7-4a22-a47d-8c48425ef4a7","HUMAN_OBSERVATION","PRESENT","Plestiodon finitimus",139.684108,35.490332,"Kanagawa",2019,3,14,"cdround","https://www.inaturalist.org/observations/21224742","http://creativecommons.org/licenses/by-nc/4.0/legalcode","WGS84","2626130395","21224742",NA,NA,NA
"50c9509d-22c7-4a22-a47d-8c48425ef4a7","HUMAN_OBSERVATION","PRESENT","Plestiodon finitimus",139.546496,35.313613,"Kanagawa",2019,4,17,"cdround","https://www.inaturalist.org/observations/29035791","http://creativecommons.org/licenses/by/4.0/legalcode","WGS84","3070489703","29035791",NA,NA,NA
"50c9509d-22c7-4a22-a47d-8c48425ef4a7","HUMAN_OBSERVATION","PRESENT","Plestiodon finitimus",139.050429,35.851432,"Tokyo",2019,5,17,"cdround","https://www.inaturalist.org/observations/25304363","http://creativecommons.org/licenses/by-nc/4.0/legalcode","WGS84","2244240145","25304363",NA,NA,NA
"50c9509d-22c7-4a22-a47d-8c48425ef4a7","HUMAN_OBSERVATION","PRESENT","Plestiodon finitimus",139.253508,35.625572,"Tokyo",2019,5,26,"cdround","https://www.inaturalist.org/observations/25789103","http://creativecommons.org/licenses/by-nc/4.0/legalcode","WGS84","2251897931","25789103",NA,NA,NA
"50c9509d-22c7-4a22-a47d-8c48425ef4a7","HUMAN_OBSERVATION","PRESENT","Plestiodon finitimus",139.552116,35.423126,"Kanagawa",2019,5,3,"cdround","https://www.inaturalist.org/observations/24429692","http://creativecommons.org/licenses/by/4.0/legalcode","WGS84","3070343611","24429692",NA,NA,NA
"50c9509d-22c7-4a22-a47d-8c48425ef4a7","HUMAN_OBSERVATION","PRESENT","Plestiodon finitimus",140.805493,39.802242,"Akita",2019,5,25,"cdround","https://www.inaturalist.org/observations/34777682","http://creativecommons.org/licenses/by-nc/4.0/legalcode","WGS84","3415847352","34777682",NA,NA,NA
"50c9509d-22c7-4a22-a47d-8c48425ef4a7","HUMAN_OBSERVATION","PRESENT","Plestiodon finitimus",139.69967,35.673011,"Tokyo",2019,6,15,"cdround","https://www.inaturalist.org/observations/38632385","http://creativecommons.org/licenses/by-nc/4.0/legalcode","WGS84","2626253644","38632385",NA,NA,NA
"50c9509d-22c7-4a22-a47d-8c48425ef4a7","HUMAN_OBSERVATION","PRESENT","Plestiodon finitimus",140.034195,35.905596,"Ibaraki",2019,7,31,"cdround","https://www.inaturalist.org/observations/29971549","http://creativecommons.org/licenses/by-nc/4.0/legalcode","WGS84","2311422917","29971549",NA,NA,NA
"50c9509d-22c7-4a22-a47d-8c48425ef4a7","HUMAN_OBSERVATION","PRESENT","Plestiodon finitimus",139.737157,35.71679,"Tokyo",2019,7,24,"cdround","https://www.inaturalist.org/observations/29439527","http://creativecommons.org/licenses/by-nc/4.0/legalcode","WGS84","2634272397","29439527",NA,NA,NA
"50c9509d-22c7-4a22-a47d-8c48425ef4a7","HUMAN_OBSERVATION","PRESENT","Plestiodon finitimus",139.553121,35.42355,"Kanagawa",2019,7,28,"cdround","https://www.inaturalist.org/observations/29708372","http://creativecommons.org/licenses/by/4.0/legalcode","WGS84","3070320758","29708372",NA,NA,NA
"50c9509d-22c7-4a22-a47d-8c48425ef4a7","HUMAN_OBSERVATION","PRESENT","Plestiodon finitimus",139.72238,35.6408,"Tokyo",2019,8,13,"","https://www.inaturalist.org/observations/30730778","http://creativecommons.org/licenses/by-nc/4.0/legalcode","WGS84","2350403436","30730778",NA,NA,NA
"50c9509d-22c7-4a22-a47d-8c48425ef4a7","HUMAN_OBSERVATION","PRESENT","Plestiodon finitimus",138.129853,36.898197,"Niigata",2019,8,12,"cdround","https://www.inaturalist.org/observations/30854534","http://creativecommons.org/licenses/by-nc/4.0/legalcode","WGS84","2366041015","30854534",NA,NA,NA
"50c9509d-22c7-4a22-a47d-8c48425ef4a7","HUMAN_OBSERVATION","PRESENT","Plestiodon finitimus",140.11103,36.22442,"Ibaraki",2019,8,24,"cdround","https://www.inaturalist.org/observations/31389154","http://creativecommons.org/publicdomain/zero/1.0/legalcode","WGS84","2626110418","31389154",NA,NA,NA
"50c9509d-22c7-4a22-a47d-8c48425ef4a7","HUMAN_OBSERVATION","PRESENT","Plestiodon finitimus",139.230415,35.640123,"Tokyo",2019,8,4,"cdround","https://www.inaturalist.org/observations/44360252","http://creativecommons.org/licenses/by-nc/4.0/legalcode","WGS84","2626259921","44360252",NA,NA,NA
"50c9509d-22c7-4a22-a47d-8c48425ef4a7","HUMAN_OBSERVATION","PRESENT","Plestiodon finitimus",138.88945,36.328609,"Gunma",2019,8,20,"cdround","https://www.inaturalist.org/observations/31340053","http://creativecommons.org/licenses/by-nc/4.0/legalcode","WGS84","2860130336","31340053",NA,NA,NA
"50c9509d-22c7-4a22-a47d-8c48425ef4a7","HUMAN_OBSERVATION","PRESENT","Plestiodon finitimus",138.763061,36.300835,"Gunma",2019,8,17,"cdround","https://www.inaturalist.org/observations/31285377","http://creativecommons.org/licenses/by-nc/4.0/legalcode","WGS84","2862553346","31285377",NA,NA,NA
"50c9509d-22c7-4a22-a47d-8c48425ef4a7","HUMAN_OBSERVATION","PRESENT","Plestiodon finitimus",136.706588,34.489533,"Mie",2019,8,5,"cdround","https://www.inaturalist.org/observations/30307119","http://creativecommons.org/licenses/by-nc/4.0/legalcode","WGS84","2873761330","30307119",NA,NA,NA
"50c9509d-22c7-4a22-a47d-8c48425ef4a7","HUMAN_OBSERVATION","PRESENT","Plestiodon finitimus",140.671455,38.362606,"Miyagi",2019,8,12,"","https://www.inaturalist.org/observations/61039507","http://creativecommons.org/licenses/by-nc/4.0/legalcode","WGS84","2873933279","61039507",NA,NA,NA
"50c9509d-22c7-4a22-a47d-8c48425ef4a7","HUMAN_OBSERVATION","PRESENT","Plestiodon finitimus",138.762222,36.301388,"Gunma",2019,8,17,"cdround","https://www.inaturalist.org/observations/31031080","http://creativecommons.org/licenses/by-nc/4.0/legalcode","WGS84","2883171329","31031080",NA,NA,NA
"50c9509d-22c7-4a22-a47d-8c48425ef4a7","HUMAN_OBSERVATION","PRESENT","Plestiodon finitimus",139.552199,35.42223,"Kanagawa",2019,8,29,"cdround","https://www.inaturalist.org/observations/31727257","http://creativecommons.org/licenses/by/4.0/legalcode","WGS84","3070259737","31727257",NA,NA,NA
"50c9509d-22c7-4a22-a47d-8c48425ef4a7","HUMAN_OBSERVATION","PRESENT","Plestiodon finitimus",140.078261,35.66083,"Chiba",2019,8,4,"cdround","https://www.inaturalist.org/observations/30233057","http://creativecommons.org/licenses/by-nc/4.0/legalcode","WGS84","3415670369","30233057",NA,NA,NA
"50c9509d-22c7-4a22-a47d-8c48425ef4a7","HUMAN_OBSERVATION","PRESENT","Plestiodon finitimus",138.995418,35.237602,"Kanagawa",2019,9,30,"cdround","https://www.inaturalist.org/observations/33640353","http://creativecommons.org/licenses/by-nc/4.0/legalcode","WGS84","2862288339","33640353",NA,NA,NA
"50c9509d-22c7-4a22-a47d-8c48425ef4a7","HUMAN_OBSERVATION","PRESENT","Plestiodon finitimus",140.841411,38.266446,"Miyagi",2019,9,8,"","https://www.inaturalist.org/observations/60690270","http://creativecommons.org/licenses/by-nc/4.0/legalcode","WGS84","2873814656","60690270",NA,NA,NA
"50c9509d-22c7-4a22-a47d-8c48425ef4a7","HUMAN_OBSERVATION","PRESENT","Plestiodon finitimus",139.385117,35.664634,"Tokyo",2019,9,20,"cdround","https://www.inaturalist.org/observations/63963921","http://creativecommons.org/publicdomain/zero/1.0/legalcode","WGS84","2981051802","63963921",NA,NA,NA
"50c9509d-22c7-4a22-a47d-8c48425ef4a7","HUMAN_OBSERVATION","PRESENT","Plestiodon finitimus",139.667945,36.516232,"Tochigi",2018,4,30,"cdround","https://www.inaturalist.org/observations/11852249","http://creativecommons.org/licenses/by-nc/4.0/legalcode","WGS84","1841270559","11852249",NA,NA,NA
"50c9509d-22c7-4a22-a47d-8c48425ef4a7","HUMAN_OBSERVATION","PRESENT","Plestiodon finitimus",136.606789,35.53755,"Gifu",2018,4,4,"cdround","https://www.inaturalist.org/observations/10649365","http://creativecommons.org/licenses/by-nc/4.0/legalcode","WGS84","2397216080","10649365",NA,NA,NA
"50c9509d-22c7-4a22-a47d-8c48425ef4a7","HUMAN_OBSERVATION","PRESENT","Plestiodon finitimus",139.382126,35.616882,"Tokyo",2018,4,7,"cdround","https://www.inaturalist.org/observations/10790040","http://creativecommons.org/licenses/by-nc/4.0/legalcode","WGS84","2397252254","10790040",NA,NA,NA
"50c9509d-22c7-4a22-a47d-8c48425ef4a7","HUMAN_OBSERVATION","PRESENT","Plestiodon finitimus",139.481961,35.68303,"Tokyo",2018,4,19,"cdround","https://www.inaturalist.org/observations/58691663","http://creativecommons.org/licenses/by-nc/4.0/legalcode","WGS84","2862334842","58691663",NA,NA,NA
"50c9509d-22c7-4a22-a47d-8c48425ef4a7","HUMAN_OBSERVATION","PRESENT","Plestiodon finitimus",139.246096,35.433532,"Kanagawa",2018,4,1,"cdround","https://www.inaturalist.org/observations/19584342","http://creativecommons.org/licenses/by/4.0/legalcode","WGS84","3070578567","19584342",NA,NA,NA
"50c9509d-22c7-4a22-a47d-8c48425ef4a7","HUMAN_OBSERVATION","PRESENT","Plestiodon finitimus",139.118913,35.997646,"Saitama",2018,5,19,"cdround","https://www.inaturalist.org/observations/13576726","http://creativecommons.org/licenses/by-nc/4.0/legalcode","WGS84","2860154313","13576726",NA,NA,NA
"50c9509d-22c7-4a22-a47d-8c48425ef4a7","HUMAN_OBSERVATION","PRESENT","Plestiodon finitimus",136.423898,35.327962,"Gifu",2018,6,24,"cdround","https://www.inaturalist.org/observations/53527040","http://creativecommons.org/licenses/by-nc/4.0/legalcode","WGS84","3415488462","53527040",NA,NA,NA
"50c9509d-22c7-4a22-a47d-8c48425ef4a7","HUMAN_OBSERVATION","PRESENT","Plestiodon finitimus",139.724698,35.680903,"Tokyo",2018,8,9,"cdround","https://www.inaturalist.org/observations/124350363","http://creativecommons.org/licenses/by-nc/4.0/legalcode","WGS84","3858852862","124350363",NA,NA,NA
"50c9509d-22c7-4a22-a47d-8c48425ef4a7","HUMAN_OBSERVATION","PRESENT","Plestiodon finitimus",141.350268,43.247334,"Hokkaido",2017,6,21,"cdround","https://www.inaturalist.org/observations/52442329","http://creativecommons.org/licenses/by-nc/4.0/legalcode","WGS84","2814433545","52442329",NA,NA,NA
"50c9509d-22c7-4a22-a47d-8c48425ef4a7","HUMAN_OBSERVATION","PRESENT","Plestiodon finitimus",139.169548,35.769114,"Tokyo",2017,7,22,"cdround","https://www.inaturalist.org/observations/7155653","http://creativecommons.org/licenses/by-nc/4.0/legalcode","WGS84","2397708379","7155653",NA,NA,NA
"50c9509d-22c7-4a22-a47d-8c48425ef4a7","HUMAN_OBSERVATION","PRESENT","Plestiodon finitimus",140.582803,38.327955,"Miyagi",2017,7,8,"","https://www.inaturalist.org/observations/66758525","http://creativecommons.org/licenses/by-nc/4.0/legalcode","WGS84","3008383644","66758525",NA,NA,NA
"50c9509d-22c7-4a22-a47d-8c48425ef4a7","HUMAN_OBSERVATION","PRESENT","Plestiodon finitimus",139.524657,35.395719,"Kanagawa",2017,7,10,"cdround","https://www.inaturalist.org/observations/19585042","http://creativecommons.org/licenses/by/4.0/legalcode","WGS84","3070615549","19585042",NA,NA,NA
"50c9509d-22c7-4a22-a47d-8c48425ef4a7","HUMAN_OBSERVATION","PRESENT","Plestiodon finitimus",136.899757,36.253536,"Gifu",2017,8,6,"cdround","https://www.inaturalist.org/observations/44799004","http://creativecommons.org/licenses/by-nc/4.0/legalcode","WGS84","2883114342","44799004",NA,NA,NA
"50c9509d-22c7-4a22-a47d-8c48425ef4a7","HUMAN_OBSERVATION","PRESENT","Plestiodon finitimus",136.774804,35.435285,"Gifu",2017,8,12,"cdround","https://www.inaturalist.org/observations/9739476","http://creativecommons.org/licenses/by-nc/4.0/legalcode","WGS84","3415874324","9739476",NA,NA,NA
"50c9509d-22c7-4a22-a47d-8c48425ef4a7","HUMAN_OBSERVATION","PRESENT","Plestiodon finitimus",137.964211,36.419635,"Nagano",2017,9,11,"cdround","https://www.inaturalist.org/observations/8085995","http://creativecommons.org/licenses/by-nc/4.0/legalcode","WGS84","2859959318","8085995",NA,NA,NA
"50c9509d-22c7-4a22-a47d-8c48425ef4a7","HUMAN_OBSERVATION","PRESENT","Plestiodon finitimus",140.090115,35.632401,"Chiba",2016,5,4,"cdround","https://www.inaturalist.org/observations/25726899","http://creativecommons.org/licenses/by-nc/4.0/legalcode","WGS84","2859981326","25726899",NA,NA,NA
"50c9509d-22c7-4a22-a47d-8c48425ef4a7","HUMAN_OBSERVATION","PRESENT","Plestiodon finitimus",139.882621,36.555075,"Tochigi",2016,6,11,"cdround","https://www.inaturalist.org/observations/57791515","http://creativecommons.org/licenses/by-nc/4.0/legalcode","WGS84","3067669197","57791515",NA,NA,NA
"50c9509d-22c7-4a22-a47d-8c48425ef4a7","HUMAN_OBSERVATION","PRESENT","Plestiodon finitimus",139.013108,35.266462,"Kanagawa",2016,8,2,"cdround","https://www.inaturalist.org/observations/38373193","http://creativecommons.org/licenses/by/4.0/legalcode","WGS84","2573863240","38373193",NA,NA,NA
"50c9509d-22c7-4a22-a47d-8c48425ef4a7","HUMAN_OBSERVATION","PRESENT","Plestiodon finitimus",139.013214,35.266888,"Kanagawa",2016,8,2,"cdround","https://www.inaturalist.org/observations/26536093","http://creativecommons.org/licenses/by/4.0/legalcode","WGS84","2574065006","26536093",NA,NA,NA
"50c9509d-22c7-4a22-a47d-8c48425ef4a7","HUMAN_OBSERVATION","PRESENT","Plestiodon finitimus",138.55698,36.358717,"Nagano",2016,8,23,"cdround","https://www.inaturalist.org/observations/3963830","http://creativecommons.org/licenses/by-nc/4.0/legalcode","WGS84","3031578318","3963830",NA,NA,NA
"50c9509d-22c7-4a22-a47d-8c48425ef4a7","HUMAN_OBSERVATION","PRESENT","Plestiodon finitimus",139.362034,36.339863,"Gunma",2015,4,18,"","https://www.inaturalist.org/observations/1402041","http://creativecommons.org/licenses/by-nc/4.0/legalcode","WGS84","1099958199","1402041",NA,NA,NA
"50c9509d-22c7-4a22-a47d-8c48425ef4a7","HUMAN_OBSERVATION","PRESENT","Plestiodon finitimus",139.538714,35.316081,"Kanagawa",2015,7,28,"cdround","https://www.inaturalist.org/observations/56778435","http://creativecommons.org/licenses/by-nc/4.0/legalcode","WGS84","2860076506","56778435",NA,NA,NA
"50c9509d-22c7-4a22-a47d-8c48425ef4a7","HUMAN_OBSERVATION","PRESENT","Plestiodon finitimus",139.556147,35.317722,"Kanagawa",2015,7,28,"cdround","https://www.inaturalist.org/observations/56778433","http://creativecommons.org/licenses/by-nc/4.0/legalcode","WGS84","2860079516","56778433",NA,NA,NA
"50c9509d-22c7-4a22-a47d-8c48425ef4a7","HUMAN_OBSERVATION","PRESENT","Plestiodon finitimus",139.59034,36.754191,"Tochigi",2015,7,26,"cdround","https://www.inaturalist.org/observations/56777008","http://creativecommons.org/licenses/by-nc/4.0/legalcode","WGS84","2860152514","56777008",NA,NA,NA
"50c9509d-22c7-4a22-a47d-8c48425ef4a7","HUMAN_OBSERVATION","PRESENT","Plestiodon finitimus",139.202739,35.398815,"Kanagawa",2015,7,31,"cdround","https://www.inaturalist.org/observations/54031426","http://creativecommons.org/licenses/by/4.0/legalcode","WGS84","3090809769","54031426",NA,NA,NA
"50c9509d-22c7-4a22-a47d-8c48425ef4a7","HUMAN_OBSERVATION","PRESENT","Plestiodon finitimus",135.495506,33.797068,"Wakayama",2014,5,19,"cdround","https://www.inaturalist.org/observations/34779886","http://creativecommons.org/licenses/by-nc/4.0/legalcode","WGS84","2626358544","34779886",NA,NA,NA
"50c9509d-22c7-4a22-a47d-8c48425ef4a7","HUMAN_OBSERVATION","PRESENT","Plestiodon finitimus",138.940028,35.610485,"Yamanashi",2014,6,25,"","https://www.inaturalist.org/observations/882450","http://creativecommons.org/licenses/by-nc/4.0/legalcode","WGS84","2859900302","882450",NA,NA,NA
"50c9509d-22c7-4a22-a47d-8c48425ef4a7","HUMAN_OBSERVATION","PRESENT","Plestiodon finitimus",137.883911,36.406915,"Nagano",2012,5,16,"","https://www.inaturalist.org/observations/477055","http://creativecommons.org/licenses/by-nc/4.0/legalcode","WGS84","1092875809","477055",NA,NA,NA
"50c9509d-22c7-4a22-a47d-8c48425ef4a7","HUMAN_OBSERVATION","PRESENT","Plestiodon finitimus",141.368494,43.263017,"Hokkaido",2010,5,16,"cdround","https://www.inaturalist.org/observations/122605007","http://creativecommons.org/licenses/by-nc/4.0/legalcode","WGS84","3858596419","122605007",NA,NA,NA
"50c9509d-22c7-4a22-a47d-8c48425ef4a7","HUMAN_OBSERVATION","PRESENT","Plestiodon finitimus",139.550709,35.332501,"Kanagawa",2010,7,8,"","https://www.inaturalist.org/observations/1211486","http://creativecommons.org/licenses/by-nc/4.0/legalcode","WGS84","1677256110","1211486",NA,NA,NA
"50c9509d-22c7-4a22-a47d-8c48425ef4a7","HUMAN_OBSERVATION","PRESENT","Plestiodon finitimus",136.3515,35.329167,"Shiga",2010,8,1,"cdround","https://www.inaturalist.org/observations/46821653","http://creativecommons.org/licenses/by-nc/4.0/legalcode","WGS84","3415562401","46821653",NA,NA,NA
"040c5662-da76-4782-a48e-cdea1892d14c","MATERIAL_SAMPLE","PRESENT","Plestiodon finitimus",139.704,35.58,"Kanto-chiho",2008,4,14,"gass84",NA,"http://creativecommons.org/licenses/by/4.0/legalcode","WGS84","2251551169","KUZ R64912","Tokyo|Ota Ward, Ikegami, Honmonji Temple",NA,NA
"040c5662-da76-4782-a48e-cdea1892d14c","MATERIAL_SAMPLE","PRESENT","Plestiodon finitimus",139.704,35.581,"Kanto-chiho",2008,4,14,"gass84",NA,"http://creativecommons.org/licenses/by/4.0/legalcode","WGS84","2251551234","KUZ R64911","Tokyo|Ota Ward, Ikegami, Honmonji Temple",NA,NA
"040c5662-da76-4782-a48e-cdea1892d14c","MATERIAL_SAMPLE","PRESENT","Plestiodon finitimus",136.769,35.426,"Chubu-chiho",2006,6,4,"gass84",NA,"http://creativecommons.org/licenses/by/4.0/legalcode","WGS84","2251551168","KUZ R61537","Gifu-ken, Gifu City, Inaba Shrine",NA,NA
"50c9509d-22c7-4a22-a47d-8c48425ef4a7","HUMAN_OBSERVATION","PRESENT","Plestiodon finitimus",140.805927,39.802668,"Akita",2006,7,11,"cdround","https://www.inaturalist.org/observations/81819690","http://creativecommons.org/licenses/by-nc/4.0/legalcode","WGS84","3330520456","81819690",NA,NA,NA
"50c9509d-22c7-4a22-a47d-8c48425ef4a7","HUMAN_OBSERVATION","PRESENT","Plestiodon finitimus",139.519312,37.280002,"Fukushima",2005,8,14,"cdround","https://www.inaturalist.org/observations/53410637","http://creativecommons.org/licenses/by-nc/4.0/legalcode","WGS84","3784804336","53410637",NA,NA,NA
"040c5662-da76-4782-a48e-cdea1892d14c","MATERIAL_SAMPLE","PRESENT","Plestiodon finitimus",137.725,34.712,"Chubu-chiho",2005,9,9,"gass84",NA,"http://creativecommons.org/licenses/by/4.0/legalcode","WGS84","2251551185","KUZ R61233","Shizuoka-ken, Hamamatsu City, Hamamatsu Castle",NA,NA
"040c5662-da76-4782-a48e-cdea1892d14c","MATERIAL_SAMPLE","PRESENT","Plestiodon finitimus",137.775,36.175,"Chubu-chiho",1996,8,14,"gass84",NA,"http://creativecommons.org/licenses/by/4.0/legalcode","WGS84","2251551187","KUZ R39024","Nagano, Azumi Village, Kama Tunnel",NA,NA
"46e201a1-33b2-4921-a6c4-8609ec4fbbb7","PRESERVED_SPECIMEN","PRESENT","Plestiodon finitimus",140.442969,38.307439,"Yamagata",1976,7,31,"gass84,colmano,inmafu",NA,"http://creativecommons.org/licenses/by-nc/4.0/legalcode","WGS84","1828521684","65","Yamadera umagata","Yamagata-shi","text"
"46e201a1-33b2-4921-a6c4-8609ec4fbbb7","PRESERVED_SPECIMEN","PRESENT","Plestiodon finitimus",140.050833,39.099167,"Yamagata",1971,6,13,"gass84,colmano,inmafu",NA,"http://creativecommons.org/licenses/by-nc/4.0/legalcode","WGS84","1828521670","8","Mt. Chokaisan","Akumi-gun Yuzamachi","text"
"46e201a1-33b2-4921-a6c4-8609ec4fbbb7","PRESERVED_SPECIMEN","PRESENT","Plestiodon finitimus",140.532221,38.569473,"Yamagata",1970,6,16,"gass84,colmano,inmafu",NA,"http://creativecommons.org/licenses/by-nc/4.0/legalcode","WGS84","1828521666","6","the Ginzan-onsen","Obanazawa-shi","text"
"46e201a1-33b2-4921-a6c4-8609ec4fbbb7","PRESERVED_SPECIMEN","PRESENT","Plestiodon finitimus",140.346751,38.243235,"Yamagata",1970,6,12,"gass84,colmano,inmafu",NA,"http://creativecommons.org/licenses/by-nc/4.0/legalcode","WGS84","1828521667","5","Higashiharamach","Yamagata-shi","text"
"46e201a1-33b2-4921-a6c4-8609ec4fbbb7","PRESERVED_SPECIMEN","PRESENT","Plestiodon finitimus",139.995475,37.811415,"Yamagata",1969,9,3,"gass84,colmano,inmafu",NA,"http://creativecommons.org/licenses/by-nc/4.0/legalcode","WGS84","1828521696","64","the O-toge Azuma Mts.","Yonezawa-shi","text"
"46e201a1-33b2-4921-a6c4-8609ec4fbbb7","PRESERVED_SPECIMEN","PRESENT","Plestiodon finitimus",140.360112,38.23357,"Yamagata",1963,8,27,"gass84,colmano,inmafu",NA,"http://creativecommons.org/licenses/by-nc/4.0/legalcode","WGS84","1828521674","3","Mt. Chitoseyama","Yamagata-shi","text"
