"datasetKey","basisOfRecord","occurrenceStatus","species","decimalLongitude","decimalLatitude","stateProvince","year","month","day","issues","references","license","geodeticDatum","gbifID","catalogNumber","continent","preparations","locality","type","elevation","elevationAccuracy","county"
"50c9509d-22c7-4a22-a47d-8c48425ef4a7","HUMAN_OBSERVATION","PRESENT","Plestiodon quadrilineatus",113.882338,22.22587,"Islands",2022,3,12,"cdround","https://www.inaturalist.org/observations/108432448","http://creativecommons.org/licenses/by-nc/4.0/legalcode","WGS84","3743082632","108432448",NA,NA,NA,NA,NA,NA,NA
"50c9509d-22c7-4a22-a47d-8c48425ef4a7","HUMAN_OBSERVATION","PRESENT","Plestiodon quadrilineatus",114.149589,22.262567,"Central and Western",2022,3,14,"cdround","https://www.inaturalist.org/observations/108653158","http://creativecommons.org/licenses/by-nc/4.0/legalcode","WGS84","3743318091","108653158",NA,NA,NA,NA,NA,NA,NA
"50c9509d-22c7-4a22-a47d-8c48425ef4a7","HUMAN_OBSERVATION","PRESENT","Plestiodon quadrilineatus",114.207996,22.280207,"Eastern",2022,3,31,"cdround","https://www.inaturalist.org/observations/109993118","http://creativecommons.org/licenses/by-nc/4.0/legalcode","WGS84","3759303472","109993118",NA,NA,NA,NA,NA,NA,NA
"50c9509d-22c7-4a22-a47d-8c48425ef4a7","HUMAN_OBSERVATION","PRESENT","Plestiodon quadrilineatus",114.027743,22.203735,"Islands",2022,4,23,"cdround","https://www.inaturalist.org/observations/112666231","http://creativecommons.org/licenses/by-nc/4.0/legalcode","WGS84","3764567757","112666231",NA,NA,NA,NA,NA,NA,NA
"50c9509d-22c7-4a22-a47d-8c48425ef4a7","HUMAN_OBSERVATION","PRESENT","Plestiodon quadrilineatus",106.995348,20.789142,"H<U+1EA3>i Phong",2022,6,13,"cdround","https://www.inaturalist.org/observations/121576344","http://creativecommons.org/licenses/by-nc/4.0/legalcode","WGS84","3858764530","121576344",NA,NA,NA,NA,NA,NA,NA
"50c9509d-22c7-4a22-a47d-8c48425ef4a7","HUMAN_OBSERVATION","PRESENT","Plestiodon quadrilineatus",106.987321,20.794561,"H<U+1EA3>i Phong",2022,6,18,"cdround","https://www.inaturalist.org/observations/122262168","http://creativecommons.org/licenses/by-nc/4.0/legalcode","WGS84","3858940094","122262168",NA,NA,NA,NA,NA,NA,NA
"50c9509d-22c7-4a22-a47d-8c48425ef4a7","HUMAN_OBSERVATION","PRESENT","Plestiodon quadrilineatus",113.563922,22.126089,"Ilhas",2022,6,21,"cdround","https://www.inaturalist.org/observations/122901682","http://creativecommons.org/licenses/by-nc/4.0/legalcode","WGS84","3860515709","122901682",NA,NA,NA,NA,NA,NA,NA
"50c9509d-22c7-4a22-a47d-8c48425ef4a7","HUMAN_OBSERVATION","PRESENT","Plestiodon quadrilineatus",114.111033,22.239157,"Southern",2022,6,18,"cdround","https://www.inaturalist.org/observations/122285925","http://creativecommons.org/licenses/by-nc/4.0/legalcode","WGS84","3860807027","122285925",NA,NA,NA,NA,NA,NA,NA
"50c9509d-22c7-4a22-a47d-8c48425ef4a7","HUMAN_OBSERVATION","PRESENT","Plestiodon quadrilineatus",114.020794,22.387073,"Tuen Mun",2021,2,17,"cdround","https://www.inaturalist.org/observations/69706975","http://creativecommons.org/licenses/by-nc/4.0/legalcode","WGS84","3044679427","69706975",NA,NA,NA,NA,NA,NA,NA
"50c9509d-22c7-4a22-a47d-8c48425ef4a7","HUMAN_OBSERVATION","PRESENT","Plestiodon quadrilineatus",114.061346,22.394136,"Tuen Mun",2021,2,17,"cdround","https://www.inaturalist.org/observations/69709209","http://creativecommons.org/licenses/by-nc/4.0/legalcode","WGS84","3044875360","69709209",NA,NA,NA,NA,NA,NA,NA
"50c9509d-22c7-4a22-a47d-8c48425ef4a7","HUMAN_OBSERVATION","PRESENT","Plestiodon quadrilineatus",114.034461,22.2065,"Islands",2021,2,28,"cdround","https://www.inaturalist.org/observations/70379240","http://creativecommons.org/licenses/by-nc/4.0/legalcode","WGS84","3058829450","70379240",NA,NA,NA,NA,NA,NA,NA
"50c9509d-22c7-4a22-a47d-8c48425ef4a7","HUMAN_OBSERVATION","PRESENT","Plestiodon quadrilineatus",114.2082,22.276031,"Eastern",2021,3,2,"cdround","https://www.inaturalist.org/observations/70440451","http://creativecommons.org/licenses/by-nc/4.0/legalcode","WGS84","3058980223","70440451",NA,NA,NA,NA,NA,NA,NA
"50c9509d-22c7-4a22-a47d-8c48425ef4a7","HUMAN_OBSERVATION","PRESENT","Plestiodon quadrilineatus",114.136825,22.276283,"Central and Western",2021,3,11,"cdround","https://www.inaturalist.org/observations/70987402","http://creativecommons.org/licenses/by-nc/4.0/legalcode","WGS84","3059051026","70987402",NA,NA,NA,NA,NA,NA,NA
"50c9509d-22c7-4a22-a47d-8c48425ef4a7","HUMAN_OBSERVATION","PRESENT","Plestiodon quadrilineatus",114.21227,22.277236,"Eastern",2021,3,2,"cdround","https://www.inaturalist.org/observations/70440627","http://creativecommons.org/licenses/by-nc/4.0/legalcode","WGS84","3059062599","70440627",NA,NA,NA,NA,NA,NA,NA
"50c9509d-22c7-4a22-a47d-8c48425ef4a7","HUMAN_OBSERVATION","PRESENT","Plestiodon quadrilineatus",114.120072,22.277155,"Central and Western",2021,3,13,"cdround","https://www.inaturalist.org/observations/71121206","http://creativecommons.org/licenses/by-nc/4.0/legalcode","WGS84","3061650569","71121206",NA,NA,NA,NA,NA,NA,NA
"50c9509d-22c7-4a22-a47d-8c48425ef4a7","HUMAN_OBSERVATION","PRESENT","Plestiodon quadrilineatus",113.955605,22.234941,"Islands",2021,3,13,"cdround","https://www.inaturalist.org/observations/71117247","http://creativecommons.org/licenses/by-nc/4.0/legalcode","WGS84","3061657757","71117247",NA,NA,NA,NA,NA,NA,NA
"50c9509d-22c7-4a22-a47d-8c48425ef4a7","HUMAN_OBSERVATION","PRESENT","Plestiodon quadrilineatus",114.143372,22.272038,"Central and Western",2021,3,13,"cdround","https://www.inaturalist.org/observations/71122301","http://creativecommons.org/licenses/by-nc/4.0/legalcode","WGS84","3061775547","71122301",NA,NA,NA,NA,NA,NA,NA
"50c9509d-22c7-4a22-a47d-8c48425ef4a7","HUMAN_OBSERVATION","PRESENT","Plestiodon quadrilineatus",113.955758,22.234663,"Islands",2021,3,19,"cdround","https://www.inaturalist.org/observations/71536112","http://creativecommons.org/licenses/by-nc/4.0/legalcode","WGS84","3067709458","71536112",NA,NA,NA,NA,NA,NA,NA
"50c9509d-22c7-4a22-a47d-8c48425ef4a7","HUMAN_OBSERVATION","PRESENT","Plestiodon quadrilineatus",114.259711,22.20816,"Southern",2021,3,28,"cdround","https://www.inaturalist.org/observations/72282748","http://creativecommons.org/licenses/by-nc/4.0/legalcode","WGS84","3070379744","72282748",NA,NA,NA,NA,NA,NA,NA
"50c9509d-22c7-4a22-a47d-8c48425ef4a7","HUMAN_OBSERVATION","PRESENT","Plestiodon quadrilineatus",114.152427,22.366855,"Sha Tin",2021,3,10,"cdround","https://www.inaturalist.org/observations/72989898","http://creativecommons.org/licenses/by-nc/4.0/legalcode","WGS84","3079812815","72989898",NA,NA,NA,NA,NA,NA,NA
"50c9509d-22c7-4a22-a47d-8c48425ef4a7","HUMAN_OBSERVATION","PRESENT","Plestiodon quadrilineatus",113.911391,22.279344,"Islands",2021,4,2,"cdround","https://www.inaturalist.org/observations/72672491","http://creativecommons.org/licenses/by-nc/4.0/legalcode","WGS84","3079731271","72672491",NA,NA,NA,NA,NA,NA,NA
"50c9509d-22c7-4a22-a47d-8c48425ef4a7","HUMAN_OBSERVATION","PRESENT","Plestiodon quadrilineatus",114.214072,22.248067,"Southern",2021,4,11,"cdround","https://www.inaturalist.org/observations/73700608","http://creativecommons.org/licenses/by-nc/4.0/legalcode","WGS84","3090939514","73700608",NA,NA,NA,NA,NA,NA,NA
"50c9509d-22c7-4a22-a47d-8c48425ef4a7","HUMAN_OBSERVATION","PRESENT","Plestiodon quadrilineatus",114.026501,22.201618,"Islands",2021,5,2,"cdround","https://www.inaturalist.org/observations/76515030","http://creativecommons.org/licenses/by-nc/4.0/legalcode","WGS84","3112651410","76515030",NA,NA,NA,NA,NA,NA,NA
"50c9509d-22c7-4a22-a47d-8c48425ef4a7","HUMAN_OBSERVATION","PRESENT","Plestiodon quadrilineatus",113.972513,22.39083,"Tuen Mun",2021,5,13,"cdround","https://www.inaturalist.org/observations/78651220","http://creativecommons.org/licenses/by-nc/4.0/legalcode","WGS84","3117884592","78651220",NA,NA,NA,NA,NA,NA,NA
"50c9509d-22c7-4a22-a47d-8c48425ef4a7","HUMAN_OBSERVATION","PRESENT","Plestiodon quadrilineatus",113.917923,22.247873,"Islands",2021,5,29,"cdround","https://www.inaturalist.org/observations/80982827","http://creativecommons.org/licenses/by-nc/4.0/legalcode","WGS84","3355543503","80982827",NA,NA,NA,NA,NA,NA,NA
"50c9509d-22c7-4a22-a47d-8c48425ef4a7","HUMAN_OBSERVATION","PRESENT","Plestiodon quadrilineatus",114.29688,22.202684,"Southern",2021,5,12,"cdround","https://www.inaturalist.org/observations/118880981","http://creativecommons.org/licenses/by-nc/4.0/legalcode","WGS84","3859352232","118880981",NA,NA,NA,NA,NA,NA,NA
"50c9509d-22c7-4a22-a47d-8c48425ef4a7","HUMAN_OBSERVATION","PRESENT","Plestiodon quadrilineatus",114.059378,22.370204,"Tsuen Wan",2021,7,1,"cdround","https://www.inaturalist.org/observations/85307693","http://creativecommons.org/licenses/by-nc/4.0/legalcode","WGS84","3325666576","85307693",NA,NA,NA,NA,NA,NA,NA
"50c9509d-22c7-4a22-a47d-8c48425ef4a7","HUMAN_OBSERVATION","PRESENT","Plestiodon quadrilineatus",114.144736,22.271455,"Central and Western",2021,7,8,"cdround","https://www.inaturalist.org/observations/86131135","http://creativecommons.org/licenses/by-nc/4.0/legalcode","WGS84","3325733407","86131135",NA,NA,NA,NA,NA,NA,NA
"50c9509d-22c7-4a22-a47d-8c48425ef4a7","HUMAN_OBSERVATION","PRESENT","Plestiodon quadrilineatus",114.146575,22.278247,"Central and Western",2021,7,27,"cdround","https://www.inaturalist.org/observations/88761200","http://creativecommons.org/licenses/by-nc/4.0/legalcode","WGS84","3333116244","88761200",NA,NA,NA,NA,NA,NA,NA
"50c9509d-22c7-4a22-a47d-8c48425ef4a7","HUMAN_OBSERVATION","PRESENT","Plestiodon quadrilineatus",114.145644,22.274153,"Central and Western",2021,7,26,"cdround","https://www.inaturalist.org/observations/88796169","http://creativecommons.org/licenses/by-nc/4.0/legalcode","WGS84","3333120278","88796169",NA,NA,NA,NA,NA,NA,NA
"50c9509d-22c7-4a22-a47d-8c48425ef4a7","HUMAN_OBSERVATION","PRESENT","Plestiodon quadrilineatus",113.961763,22.402409,"Tuen Mun",2021,8,17,"cdround","https://www.inaturalist.org/observations/91510666","http://creativecommons.org/licenses/by-nc/4.0/legalcode","WGS84","3338012506","91510666",NA,NA,NA,NA,NA,NA,NA
"50c9509d-22c7-4a22-a47d-8c48425ef4a7","HUMAN_OBSERVATION","PRESENT","Plestiodon quadrilineatus",113.960283,22.402836,"Tuen Mun",2021,8,24,"cdround","https://www.inaturalist.org/observations/92342413","http://creativecommons.org/licenses/by-nc/4.0/legalcode","WGS84","3343971163","92342413",NA,NA,NA,NA,NA,NA,NA
"50c9509d-22c7-4a22-a47d-8c48425ef4a7","HUMAN_OBSERVATION","PRESENT","Plestiodon quadrilineatus",114.207616,22.257378,"Southern",2021,8,16,"cdround","https://www.inaturalist.org/observations/93127649","http://creativecommons.org/licenses/by-nc/4.0/legalcode","WGS84","3355335376","93127649",NA,NA,NA,NA,NA,NA,NA
"50c9509d-22c7-4a22-a47d-8c48425ef4a7","HUMAN_OBSERVATION","PRESENT","Plestiodon quadrilineatus",113.856672,22.230022,"Islands",2021,9,7,"cdround","https://www.inaturalist.org/observations/93952408","http://creativecommons.org/licenses/by/4.0/legalcode","WGS84","3355659217","93952408",NA,NA,NA,NA,NA,NA,NA
"50c9509d-22c7-4a22-a47d-8c48425ef4a7","HUMAN_OBSERVATION","PRESENT","Plestiodon quadrilineatus",114.19442,22.256897,"Southern",2021,9,28,"cdround","https://www.inaturalist.org/observations/96669993","http://creativecommons.org/licenses/by-nc/4.0/legalcode","WGS84","3384087713","96669993",NA,NA,NA,NA,NA,NA,NA
"50c9509d-22c7-4a22-a47d-8c48425ef4a7","HUMAN_OBSERVATION","PRESENT","Plestiodon quadrilineatus",114.145532,22.275884,"Central and Western",2021,9,19,"cdround","https://www.inaturalist.org/observations/95379120","http://creativecommons.org/licenses/by-nc/4.0/legalcode","WGS84","3384499423","95379120",NA,NA,NA,NA,NA,NA,NA
"50c9509d-22c7-4a22-a47d-8c48425ef4a7","HUMAN_OBSERVATION","PRESENT","Plestiodon quadrilineatus",114.11765,22.275447,"Central and Western",2021,9,19,"cdround","https://www.inaturalist.org/observations/95365453","http://creativecommons.org/licenses/by-nc/4.0/legalcode","WGS84","3385185408","95365453",NA,NA,NA,NA,NA,NA,NA
"50c9509d-22c7-4a22-a47d-8c48425ef4a7","HUMAN_OBSERVATION","PRESENT","Plestiodon quadrilineatus",114.098998,22.348842,"Kwai Tsing",2021,10,21,"cdround","https://www.inaturalist.org/observations/98852335","http://creativecommons.org/licenses/by-nc/4.0/legalcode","WGS84","3398777611","98852335",NA,NA,NA,NA,NA,NA,NA
"50c9509d-22c7-4a22-a47d-8c48425ef4a7","HUMAN_OBSERVATION","PRESENT","Plestiodon quadrilineatus",114.143631,22.274247,"Central and Western",2021,11,13,"cdround","https://www.inaturalist.org/observations/100991483","http://creativecommons.org/licenses/by-nc/4.0/legalcode","WGS84","3415510890","100991483",NA,NA,NA,NA,NA,NA,NA
"50c9509d-22c7-4a22-a47d-8c48425ef4a7","HUMAN_OBSERVATION","PRESENT","Plestiodon quadrilineatus",114.022887,22.210869,"Islands",2020,2,29,"cdround","https://www.inaturalist.org/observations/39392685","http://creativecommons.org/licenses/by-nc/4.0/legalcode","WGS84","2579216811","39392685",NA,NA,NA,NA,NA,NA,NA
"50c9509d-22c7-4a22-a47d-8c48425ef4a7","HUMAN_OBSERVATION","PRESENT","Plestiodon quadrilineatus",114.117661,22.27535,"Central and Western",2020,3,22,"cdround","https://www.inaturalist.org/observations/40494224","http://creativecommons.org/licenses/by-nc/4.0/legalcode","WGS84","2596242489","40494224",NA,NA,NA,NA,NA,NA,NA
"50c9509d-22c7-4a22-a47d-8c48425ef4a7","HUMAN_OBSERVATION","PRESENT","Plestiodon quadrilineatus",113.920167,22.209372,"Islands",2020,5,10,"cdround","https://www.inaturalist.org/observations/45455491","http://creativecommons.org/licenses/by-nc/4.0/legalcode","WGS84","2626221082","45455491",NA,NA,NA,NA,NA,NA,NA
"50c9509d-22c7-4a22-a47d-8c48425ef4a7","HUMAN_OBSERVATION","PRESENT","Plestiodon quadrilineatus",114.2052,22.247167,"Southern",2020,5,16,"cdround","https://www.inaturalist.org/observations/46054564","http://creativecommons.org/licenses/by-nc/4.0/legalcode","WGS84","2626250965","46054564",NA,NA,NA,NA,NA,NA,NA
"50c9509d-22c7-4a22-a47d-8c48425ef4a7","HUMAN_OBSERVATION","PRESENT","Plestiodon quadrilineatus",114.169361,22.319095,"Yau Tsim Mong",2020,5,1,"cdround","https://www.inaturalist.org/observations/95740743","http://creativecommons.org/licenses/by-nc/4.0/legalcode","WGS84","3384013842","95740743",NA,NA,NA,NA,NA,NA,NA
"50c9509d-22c7-4a22-a47d-8c48425ef4a7","HUMAN_OBSERVATION","PRESENT","Plestiodon quadrilineatus",113.975349,22.243376,"Islands",2020,6,15,"","https://www.inaturalist.org/observations/91727430","http://creativecommons.org/licenses/by-nc/4.0/legalcode","WGS84","3338094826","91727430",NA,NA,NA,NA,NA,NA,NA
"50c9509d-22c7-4a22-a47d-8c48425ef4a7","HUMAN_OBSERVATION","PRESENT","Plestiodon quadrilineatus",114.14472,22.274782,"Central and Western",2020,8,4,"cdround","https://www.inaturalist.org/observations/55390065","http://creativecommons.org/licenses/by-nc/4.0/legalcode","WGS84","2850596206","55390065",NA,NA,NA,NA,NA,NA,NA
"50c9509d-22c7-4a22-a47d-8c48425ef4a7","HUMAN_OBSERVATION","PRESENT","Plestiodon quadrilineatus",113.95575,22.234383,"Islands",2020,8,22,"cdround","https://www.inaturalist.org/observations/57195895","http://creativecommons.org/licenses/by-nc/4.0/legalcode","WGS84","2856732719","57195895",NA,NA,NA,NA,NA,NA,NA
"50c9509d-22c7-4a22-a47d-8c48425ef4a7","HUMAN_OBSERVATION","PRESENT","Plestiodon quadrilineatus",113.926369,22.263552,"Islands",2020,9,9,"cdround","https://www.inaturalist.org/observations/59024692","http://creativecommons.org/licenses/by-nc/4.0/legalcode","WGS84","2862459331","59024692",NA,NA,NA,NA,NA,NA,NA
"50c9509d-22c7-4a22-a47d-8c48425ef4a7","HUMAN_OBSERVATION","PRESENT","Plestiodon quadrilineatus",114.194324,22.260765,"Wan Chai",2020,9,23,"cdround","https://www.inaturalist.org/observations/60687004","http://creativecommons.org/licenses/by-nc/4.0/legalcode","WGS84","2873840700","60687004",NA,NA,NA,NA,NA,NA,NA
"50c9509d-22c7-4a22-a47d-8c48425ef4a7","HUMAN_OBSERVATION","PRESENT","Plestiodon quadrilineatus",114.135079,22.278592,"Central and Western",2020,10,11,"cdround","https://www.inaturalist.org/observations/62280636","http://creativecommons.org/licenses/by-nc/4.0/legalcode","WGS84","2898339797","62280636",NA,NA,NA,NA,NA,NA,NA
"50c9509d-22c7-4a22-a47d-8c48425ef4a7","HUMAN_OBSERVATION","PRESENT","Plestiodon quadrilineatus",114.159778,22.36625,"Sha Tin",2020,10,14,"cdround","https://www.inaturalist.org/observations/76971163","http://creativecommons.org/licenses/by-nc/4.0/legalcode","WGS84","3112795889","76971163",NA,NA,NA,NA,NA,NA,NA
"50c9509d-22c7-4a22-a47d-8c48425ef4a7","HUMAN_OBSERVATION","PRESENT","Plestiodon quadrilineatus",114.168213,22.266322,"Wan Chai",2020,11,7,"cdround","https://www.inaturalist.org/observations/64344305","http://creativecommons.org/licenses/by-nc/4.0/legalcode","WGS84","2981045309","64344305",NA,NA,NA,NA,NA,NA,NA
"50c9509d-22c7-4a22-a47d-8c48425ef4a7","HUMAN_OBSERVATION","PRESENT","Plestiodon quadrilineatus",114.136948,22.263268,"Southern",2019,3,21,"cdround","https://www.inaturalist.org/observations/21445751","http://creativecommons.org/licenses/by-nc/4.0/legalcode","WGS84","2028511692","21445751",NA,NA,NA,NA,NA,NA,NA
"50c9509d-22c7-4a22-a47d-8c48425ef4a7","HUMAN_OBSERVATION","PRESENT","Plestiodon quadrilineatus",114.148706,22.27552,"Central and Western",2019,3,21,"cdround","https://www.inaturalist.org/observations/21447962","http://creativecommons.org/licenses/by-nc/4.0/legalcode","WGS84","2251829901","21447962",NA,NA,NA,NA,NA,NA,NA
"50c9509d-22c7-4a22-a47d-8c48425ef4a7","HUMAN_OBSERVATION","PRESENT","Plestiodon quadrilineatus",114.1466,22.278381,"Central and Western",2019,3,21,"cdround","https://www.inaturalist.org/observations/21446712","http://creativecommons.org/licenses/by/4.0/legalcode","WGS84","2331827304","21446712",NA,NA,NA,NA,NA,NA,NA
"50c9509d-22c7-4a22-a47d-8c48425ef4a7","HUMAN_OBSERVATION","PRESENT","Plestiodon quadrilineatus",106.987374,20.794515,"H<U+1EA3>i Phong",2019,4,26,"cdround","https://www.inaturalist.org/observations/23097122","http://creativecommons.org/licenses/by-nc/4.0/legalcode","WGS84","3044778370","23097122",NA,NA,NA,NA,NA,NA,NA
"50c9509d-22c7-4a22-a47d-8c48425ef4a7","HUMAN_OBSERVATION","PRESENT","Plestiodon quadrilineatus",114.144216,22.274274,"Central and Western",2019,5,11,"cdround","https://www.inaturalist.org/observations/24923194","http://creativecommons.org/licenses/by-nc/4.0/legalcode","WGS84","2242935392","24923194",NA,NA,NA,NA,NA,NA,NA
"50c9509d-22c7-4a22-a47d-8c48425ef4a7","HUMAN_OBSERVATION","PRESENT","Plestiodon quadrilineatus",114.160078,22.255038,"Southern",2019,5,16,"cdround","https://www.inaturalist.org/observations/25200353","http://creativecommons.org/licenses/by-nc/4.0/legalcode","WGS84","2243008726","25200353",NA,NA,NA,NA,NA,NA,NA
"50c9509d-22c7-4a22-a47d-8c48425ef4a7","HUMAN_OBSERVATION","PRESENT","Plestiodon quadrilineatus",113.90346,22.225418,"Islands",2019,6,9,"cdround","https://www.inaturalist.org/observations/26715105","http://creativecommons.org/licenses/by-nc/4.0/legalcode","WGS84","2265851992","26715105",NA,NA,NA,NA,NA,NA,NA
"50c9509d-22c7-4a22-a47d-8c48425ef4a7","HUMAN_OBSERVATION","PRESENT","Plestiodon quadrilineatus",114.19107,22.258759,"Wan Chai",2019,6,20,"cdround","https://www.inaturalist.org/observations/27354925","http://creativecommons.org/licenses/by-nc/4.0/legalcode","WGS84","2273221815","27354925",NA,NA,NA,NA,NA,NA,NA
"50c9509d-22c7-4a22-a47d-8c48425ef4a7","HUMAN_OBSERVATION","PRESENT","Plestiodon quadrilineatus",113.563065,22.122948,"Ilhas",2019,6,20,"cdround","https://www.inaturalist.org/observations/56095288","http://creativecommons.org/licenses/by-nc/4.0/legalcode","WGS84","2851191241","56095288",NA,NA,NA,NA,NA,NA,NA
"50c9509d-22c7-4a22-a47d-8c48425ef4a7","HUMAN_OBSERVATION","PRESENT","Plestiodon quadrilineatus",114.032342,22.203608,"Islands",2019,6,5,"cdround","https://www.inaturalist.org/observations/26440294","http://creativecommons.org/licenses/by/4.0/legalcode","WGS84","3061577352","26440294",NA,NA,NA,NA,NA,NA,NA
"50c9509d-22c7-4a22-a47d-8c48425ef4a7","HUMAN_OBSERVATION","PRESENT","Plestiodon quadrilineatus",105.667109,20.292807,"Ninh Binh",2019,7,6,"cdround","https://www.inaturalist.org/observations/28489056","http://creativecommons.org/licenses/by-nc/4.0/legalcode","WGS84","2283239922","28489056",NA,NA,NA,NA,NA,NA,NA
"50c9509d-22c7-4a22-a47d-8c48425ef4a7","HUMAN_OBSERVATION","PRESENT","Plestiodon quadrilineatus",114.018662,22.198496,"Islands",2019,10,21,"cdround","https://www.inaturalist.org/observations/34688365","http://creativecommons.org/licenses/by-nc/4.0/legalcode","WGS84","2445024808","34688365",NA,NA,NA,NA,NA,NA,NA
"50c9509d-22c7-4a22-a47d-8c48425ef4a7","HUMAN_OBSERVATION","PRESENT","Plestiodon quadrilineatus",114.136581,22.276328,"Central and Western",2018,2,28,"cdround","https://www.inaturalist.org/observations/10028685","http://creativecommons.org/licenses/by-nc/4.0/legalcode","WGS84","1831093887","10028685",NA,NA,NA,NA,NA,NA,NA
"50c9509d-22c7-4a22-a47d-8c48425ef4a7","HUMAN_OBSERVATION","PRESENT","Plestiodon quadrilineatus",114.14175,22.27566,"Central and Western",2018,5,2,"cdround","https://www.inaturalist.org/observations/12032359","http://creativecommons.org/licenses/by-nc/4.0/legalcode","WGS84","1841310162","12032359",NA,NA,NA,NA,NA,NA,NA
"50c9509d-22c7-4a22-a47d-8c48425ef4a7","HUMAN_OBSERVATION","PRESENT","Plestiodon quadrilineatus",114.149829,22.271667,"Central and Western",2018,5,2,"cdround","https://www.inaturalist.org/observations/12035279","http://creativecommons.org/licenses/by-nc/4.0/legalcode","WGS84","1841310955","12035279",NA,NA,NA,NA,NA,NA,NA
"50c9509d-22c7-4a22-a47d-8c48425ef4a7","HUMAN_OBSERVATION","PRESENT","Plestiodon quadrilineatus",105.718547,20.241994,"Ninh Binh",2018,5,11,"cdround","https://www.inaturalist.org/observations/12346167","http://creativecommons.org/licenses/by-nc/4.0/legalcode","WGS84","1847491267","12346167",NA,NA,NA,NA,NA,NA,NA
"50c9509d-22c7-4a22-a47d-8c48425ef4a7","HUMAN_OBSERVATION","PRESENT","Plestiodon quadrilineatus",114.14391,22.271609,"Central and Western",2018,5,17,"cdround","https://www.inaturalist.org/observations/12539510","http://creativecommons.org/licenses/by-nc/4.0/legalcode","WGS84","1847539976","12539510",NA,NA,NA,NA,NA,NA,NA
"50c9509d-22c7-4a22-a47d-8c48425ef4a7","HUMAN_OBSERVATION","PRESENT","Plestiodon quadrilineatus",114.15125,22.273025,"Central and Western",2018,5,21,"cdround","https://www.inaturalist.org/observations/12669821","http://creativecommons.org/licenses/by-nc/4.0/legalcode","WGS84","1847570447","12669821",NA,NA,NA,NA,NA,NA,NA
"50c9509d-22c7-4a22-a47d-8c48425ef4a7","HUMAN_OBSERVATION","PRESENT","Plestiodon quadrilineatus",114.151144,22.273078,"Central and Western",2018,10,4,"cdround","https://www.inaturalist.org/observations/17181164","http://creativecommons.org/licenses/by-nc/4.0/legalcode","WGS84","1914360895","17181164",NA,NA,NA,NA,NA,NA,NA
"50c9509d-22c7-4a22-a47d-8c48425ef4a7","HUMAN_OBSERVATION","PRESENT","Plestiodon quadrilineatus",114.143957,22.271586,"Central and Western",2018,10,4,"cdround","https://www.inaturalist.org/observations/17181699","http://creativecommons.org/licenses/by-nc/4.0/legalcode","WGS84","1914361158","17181699",NA,NA,NA,NA,NA,NA,NA
"50c9509d-22c7-4a22-a47d-8c48425ef4a7","HUMAN_OBSERVATION","PRESENT","Plestiodon quadrilineatus",114.1508,22.271426,"Central and Western",2018,10,30,"cdround","https://www.inaturalist.org/observations/17956922","http://creativecommons.org/licenses/by-nc/4.0/legalcode","WGS84","1933579718","17956922",NA,NA,NA,NA,NA,NA,NA
"50c9509d-22c7-4a22-a47d-8c48425ef4a7","HUMAN_OBSERVATION","PRESENT","Plestiodon quadrilineatus",113.961684,22.394447,"Tuen Mun",2018,11,5,"cdround","https://www.inaturalist.org/observations/18852139","http://creativecommons.org/licenses/by-nc/4.0/legalcode","WGS84","1948782415","18852139",NA,NA,NA,NA,NA,NA,NA
"50c9509d-22c7-4a22-a47d-8c48425ef4a7","HUMAN_OBSERVATION","PRESENT","Plestiodon quadrilineatus",113.917959,22.247847,"Islands",2017,3,21,"cdround","https://www.inaturalist.org/observations/6047408","http://creativecommons.org/licenses/by-nc/4.0/legalcode","WGS84","1500344179","6047408",NA,NA,NA,NA,NA,NA,NA
"50c9509d-22c7-4a22-a47d-8c48425ef4a7","HUMAN_OBSERVATION","PRESENT","Plestiodon quadrilineatus",113.90905,22.25859,"Islands",2017,6,28,"cdround","https://www.inaturalist.org/observations/47269809","http://creativecommons.org/licenses/by-nc/4.0/legalcode","WGS84","2634045568","47269809",NA,NA,NA,NA,NA,NA,NA
"50c9509d-22c7-4a22-a47d-8c48425ef4a7","HUMAN_OBSERVATION","PRESENT","Plestiodon quadrilineatus",105.608731,20.316745,"Ninh Binh",2017,7,29,"","https://www.inaturalist.org/observations/59187984","http://creativecommons.org/publicdomain/zero/1.0/legalcode","WGS84","2864634584","59187984",NA,NA,NA,NA,NA,NA,NA
"50c9509d-22c7-4a22-a47d-8c48425ef4a7","HUMAN_OBSERVATION","PRESENT","Plestiodon quadrilineatus",113.948565,22.250319,"Islands",2017,10,11,"cdround","https://www.inaturalist.org/observations/8478314","http://creativecommons.org/licenses/by-nc/4.0/legalcode","WGS84","1677324774","8478314",NA,NA,NA,NA,NA,NA,NA
"50c9509d-22c7-4a22-a47d-8c48425ef4a7","HUMAN_OBSERVATION","PRESENT","Plestiodon quadrilineatus",107.010804,20.809599,"H<U+1EA3>i Phong",2016,8,7,"cdround","https://www.inaturalist.org/observations/38476129","http://creativecommons.org/licenses/by-nc/4.0/legalcode","WGS84","2573999559","38476129",NA,NA,NA,NA,NA,NA,NA
"50c9509d-22c7-4a22-a47d-8c48425ef4a7","HUMAN_OBSERVATION","PRESENT","Plestiodon quadrilineatus",114.16563,22.250272,"Southern",2012,9,22,"","https://www.inaturalist.org/observations/1619293","http://creativecommons.org/licenses/by-nc/4.0/legalcode","WGS84","1677257076","1619293",NA,NA,NA,NA,NA,NA,NA
"dce00a1f-f6b4-4e11-9771-92c62c40ad80","PRESERVED_SPECIMEN","PRESENT","Plestiodon quadrilineatus",107.89873,21.84504,"Guangxi",2005,4,23,"gass84,colmafu",NA,"http://creativecommons.org/licenses/by/4.0/legalcode","WGS84","686686214","311490","ASIA","tissue - 100; tissue - 100; egg - 4; ETOH - 1","Fulong",NA,NA,NA,NA
"dce00a1f-f6b4-4e11-9771-92c62c40ad80","PRESERVED_SPECIMEN","PRESENT","Plestiodon quadrilineatus",107.89909,21.84681,"Guangxi",2005,4,23,"gass84,colmafu",NA,"http://creativecommons.org/licenses/by/4.0/legalcode","WGS84","687001939","311489","ASIA","tissue - 100; ETOH - 1","Fulong",NA,NA,NA,NA
"dce00a1f-f6b4-4e11-9771-92c62c40ad80","PRESERVED_SPECIMEN","PRESENT","Plestiodon quadrilineatus",107.94329,21.83097,"Guangxi",2005,5,1,"gass84,colmafu",NA,"http://creativecommons.org/licenses/by/4.0/legalcode","WGS84","687017868","311491","ASIA","tissue - 100; ETOH - 1","Shiwan Dashang Nature Reserve (Near town of Fulong)",NA,NA,NA,NA
"861d3d64-f762-11e1-a439-00145eb45e9a","PRESERVED_SPECIMEN","PRESENT","Plestiodon quadrilineatus",113.879262,22.247831,NA,2005,8,12,"osiic,inmafu","http://collections.peabody.yale.edu/search/Record/YPM-HERR-015133","http://creativecommons.org/publicdomain/zero/1.0/legalcode","WGS84","1039453810","YPM HERR 015133","ASIA","tissue (undetermined); tissue in EtOH; 95% alc.","Keung Shan South, ca. 100m","PhysicalObject",NA,NA,NA
"861d3d64-f762-11e1-a439-00145eb45e9a","PRESERVED_SPECIMEN","PRESENT","Plestiodon quadrilineatus",113.89075,22.226792,NA,2005,8,11,"osiic,inmafu","http://collections.peabody.yale.edu/search/Record/YPM-HERR-015132","http://creativecommons.org/publicdomain/zero/1.0/legalcode","WGS84","1039464578","YPM HERR 015132","ASIA","tissue (undetermined); tissue in EtOH; 95% alc.","Shek Pik, 100m","PhysicalObject",NA,NA,NA
"861d3d64-f762-11e1-a439-00145eb45e9a","PRESERVED_SPECIMEN","PRESENT","Plestiodon quadrilineatus",113.925733,22.256707,NA,2000,7,11,"osiic,inmafu","http://collections.peabody.yale.edu/search/Record/YPM-HERR-009841","http://creativecommons.org/publicdomain/zero/1.0/legalcode","WGS84","1039454216","YPM HERR 009841","ASIA","10% form.->70% alc.","Tei Tong Tsai","PhysicalObject",NA,NA,NA
"09c4287e-e6d5-4552-a07f-bff8a00833d8","PRESERVED_SPECIMEN","PRESENT","Plestiodon quadrilineatus",114.01667,22.2,"Hong Kong",1999,10,23,"colmafu,inmafu,fpwktinv","http://arctos.database.museum/guid/MVZ:Herp:230445","http://creativecommons.org/publicdomain/zero/1.0/legalcode","WGS84","1145541719","MVZ:Herp:230445","ASIA","whole organism; tissue; tissue","Cheung Chau Island",NA,NA,NA,NA
"4bfac3ea-8763-4f4b-a71a-76a6f5f243d3","PRESERVED_SPECIMEN","PRESENT","Plestiodon quadrilineatus",113.916775,22.257311,"Hong Kong",1996,6,26,"colmafu,inmafu","http://mczbase.mcz.harvard.edu/guid/MCZ:Herp:R-181781","http://creativecommons.org/licenses/by-nc/4.0/legalcode","WGS84","476489378","R-181781","ASIA","whole animal (ethanol)","Lantau,Tseung Do Ting between Ngong Ping and Tei Tong Tsai",NA,400,0,NA
"4bfac3ea-8763-4f4b-a71a-76a6f5f243d3","PRESERVED_SPECIMEN","PRESENT","Plestiodon quadrilineatus",113.989039,22.195207,"Hong Kong",1995,8,25,"colmafu,inmafu","http://mczbase.mcz.harvard.edu/guid/MCZ:Herp:R-181779","http://creativecommons.org/licenses/by-nc/4.0/legalcode","WGS84","476642108","R-181779","ASIA","whole animal (ethanol)","Shek Kwu Chau Chee House",NA,NA,NA,NA
"4bfac3ea-8763-4f4b-a71a-76a6f5f243d3","PRESERVED_SPECIMEN","PRESENT","Plestiodon quadrilineatus",114.155531,22.276219,"Hong Kong",1994,1,30,"colmafu,inmafu","http://mczbase.mcz.harvard.edu/guid/MCZ:Herp:R-179528","http://creativecommons.org/licenses/by-nc/4.0/legalcode","WGS84","476686478","R-179528","ASIA","whole animal (ethanol)","Victoria McDonald Road",NA,NA,NA,NA
"4bfac3ea-8763-4f4b-a71a-76a6f5f243d3","PRESERVED_SPECIMEN","PRESENT","Plestiodon quadrilineatus",114.313717,22.363235,"Hong Kong",1994,7,5,"colmafu,inmafu","http://mczbase.mcz.harvard.edu/guid/MCZ:Herp:R-179529","http://creativecommons.org/licenses/by-nc/4.0/legalcode","WGS84","476497273","R-179529","ASIA","whole animal (ethanol)","Hong Kong Port Shelter Islands,Kau Sai Chau,Kau Sai",NA,NA,NA,NA
"4bfac3ea-8763-4f4b-a71a-76a6f5f243d3","PRESERVED_SPECIMEN","PRESENT","Plestiodon quadrilineatus",114.05,22.1,"Guangdong",1994,7,20,"colmafu,inmafu","http://mczbase.mcz.harvard.edu/guid/MCZ:Herp:R-179461","http://creativecommons.org/licenses/by-nc/4.0/legalcode","WGS84","476689508","R-179461","ASIA","whole animal (ethanol)","Wanshan Islands,Wai Ling Ding",NA,NA,NA,NA
"4bfac3ea-8763-4f4b-a71a-76a6f5f243d3","PRESERVED_SPECIMEN","PRESENT","Plestiodon quadrilineatus",113.927628,22.234143,"Hong Kong",1993,6,20,"colmafu,inmafu","http://mczbase.mcz.harvard.edu/guid/MCZ:Herp:R-177982","http://creativecommons.org/licenses/by-nc/4.0/legalcode","WGS84","476731206","R-177982","ASIA","whole animal (ethanol)","Lantau,0.5km NE of Ma Po Ping,100m",NA,NA,NA,NA
"4bfac3ea-8763-4f4b-a71a-76a6f5f243d3","PRESERVED_SPECIMEN","PRESENT","Plestiodon quadrilineatus",113.990717,22.195082,"Hong Kong",1992,7,14,"colmafu,inmafu","http://mczbase.mcz.harvard.edu/guid/MCZ:Herp:R-177079","http://creativecommons.org/licenses/by-nc/4.0/legalcode","WGS84","476704419","R-177079","ASIA","whole animal (ethanol)","Shek Kwu Chau;B Store",NA,NA,NA,NA
"4bfac3ea-8763-4f4b-a71a-76a6f5f243d3","PRESERVED_SPECIMEN","PRESENT","Plestiodon quadrilineatus",113.89013,22.229733,"Hong Kong",1992,8,10,"colmafu,inmafu","http://mczbase.mcz.harvard.edu/guid/MCZ:Herp:R-177078","http://creativecommons.org/licenses/by-nc/4.0/legalcode","WGS84","476704418","R-177078","ASIA","whole animal (ethanol)","Lantau;Shek Pik Garden",NA,100,0,NA
"4bfac3ea-8763-4f4b-a71a-76a6f5f243d3","PRESERVED_SPECIMEN","PRESENT","Plestiodon quadrilineatus",113.88822,22.269785,"Hong Kong",1990,6,8,"colmafu,inmafu","http://mczbase.mcz.harvard.edu/guid/MCZ:Herp:R-176222","http://creativecommons.org/licenses/by-nc/4.0/legalcode","WGS84","476711888","R-176222","ASIA","whole animal (ethanol)","Lantau,Sham Wat",NA,NA,NA,NA
"4bfac3ea-8763-4f4b-a71a-76a6f5f243d3","PRESERVED_SPECIMEN","PRESENT","Plestiodon quadrilineatus",113.929039,22.228959,"Hong Kong",1990,7,2,"colmafu,inmafu","http://mczbase.mcz.harvard.edu/guid/MCZ:Herp:R-176223","http://creativecommons.org/licenses/by-nc/4.0/legalcode","WGS84","476711889","R-176223","ASIA","whole animal (ethanol)","Lantau, Ma Po Ping",NA,NA,NA,NA
"4bfac3ea-8763-4f4b-a71a-76a6f5f243d3","PRESERVED_SPECIMEN","PRESENT","Plestiodon quadrilineatus",113.909111,22.161939,"Hong Kong",1987,3,25,"colmafu,inmafu","http://mczbase.mcz.harvard.edu/guid/MCZ:Herp:R-172789","http://creativecommons.org/licenses/by-nc/4.0/legalcode","WGS84","476499683","R-172789","ASIA","whole animal (ethanol)","Soko Islands,Tai A Chau",NA,NA,NA,NA
"4bfac3ea-8763-4f4b-a71a-76a6f5f243d3","PRESERVED_SPECIMEN","PRESENT","Plestiodon quadrilineatus",114.03039,22.206688,"Hong Kong",1987,3,27,"colmafu,inmafu","http://mczbase.mcz.harvard.edu/guid/MCZ:Herp:R-172787","http://creativecommons.org/licenses/by-nc/4.0/legalcode","WGS84","476707891","R-172787","ASIA","whole animal (ethanol)","Cheung Chau",NA,NA,NA,NA
"4bfac3ea-8763-4f4b-a71a-76a6f5f243d3","PRESERVED_SPECIMEN","PRESENT","Plestiodon quadrilineatus",113.913455,22.220745,"Hong Kong",1987,3,16,"colmafu,inmafu","http://mczbase.mcz.harvard.edu/guid/MCZ:Herp:R-172791","http://creativecommons.org/licenses/by-nc/4.0/legalcode","WGS84","476707894","R-172791","ASIA","whole animal (ethanol)","Shui Hau",NA,NA,NA,"New Territories"
"4bfac3ea-8763-4f4b-a71a-76a6f5f243d3","PRESERVED_SPECIMEN","PRESENT","Plestiodon quadrilineatus",112.533,23.1667,"Guangdong",1984,6,6,"colmafu,inmafu","http://mczbase.mcz.harvard.edu/guid/MCZ:Herp:R-170517","http://creativecommons.org/licenses/by-nc/4.0/legalcode","WGS84","476721041","R-170517","ASIA","whole animal (ethanol)","Dinghushan, Shan Bao Feng",NA,491,0,NA
"4bfac3ea-8763-4f4b-a71a-76a6f5f243d3","PRESERVED_SPECIMEN","PRESENT","Plestiodon quadrilineatus",114.18174,22.340424,"Hong Kong",1902,8,10,"colmafu,inmafu","http://mczbase.mcz.harvard.edu/guid/MCZ:Herp:R-112251","http://creativecommons.org/licenses/by-nc/4.0/legalcode","WGS84","476803721","R-112251","ASIA","whole animal (ethanol)","Kowloon",NA,NA,NA,NA
