"datasetKey","basisOfRecord","occurrenceStatus","species","decimalLongitude","decimalLatitude","stateProvince","year","month","day","issues","references","license","geodeticDatum","gbifID","catalogNumber","continent","locality","preparations","type","county"
"50c9509d-22c7-4a22-a47d-8c48425ef4a7","HUMAN_OBSERVATION","PRESENT","Sinomicrurus macclellandi",119.447751,30.326831,"Zhejiang",2022,6,12,"cdround","https://www.inaturalist.org/observations/121374679","http://creativecommons.org/licenses/by-nc/4.0/legalcode","WGS84","3859619285","121374679",NA,NA,NA,NA,NA
"50c9509d-22c7-4a22-a47d-8c48425ef4a7","HUMAN_OBSERVATION","PRESENT","Sinomicrurus macclellandi",113.36353,23.27952,"Guangdong",2021,4,13,"cdround","https://www.inaturalist.org/observations/77802372","http://creativecommons.org/licenses/by-nc/4.0/legalcode","WGS84","3113475781","77802372",NA,NA,NA,NA,NA
"50c9509d-22c7-4a22-a47d-8c48425ef4a7","HUMAN_OBSERVATION","PRESENT","Sinomicrurus macclellandi",114.17077,22.580658,"Guangdong",2021,4,27,"cdround","https://www.inaturalist.org/observations/108653648","http://creativecommons.org/licenses/by-nc/4.0/legalcode","WGS84","3743085907","108653648",NA,NA,NA,NA,NA
"50c9509d-22c7-4a22-a47d-8c48425ef4a7","HUMAN_OBSERVATION","PRESENT","Sinomicrurus macclellandi",113.356482,23.323495,"Guangdong",2021,5,28,"cdround","https://www.inaturalist.org/observations/82126701","http://creativecommons.org/licenses/by-nc/4.0/legalcode","WGS84","3302438121","82126701",NA,NA,NA,NA,NA
"50c9509d-22c7-4a22-a47d-8c48425ef4a7","HUMAN_OBSERVATION","PRESENT","Sinomicrurus macclellandi",119.495725,26.656793,"Fujian",2021,6,14,"cdround","https://www.inaturalist.org/observations/109467325","http://creativecommons.org/licenses/by-nc/4.0/legalcode","WGS84","3747117605","109467325",NA,NA,NA,NA,NA
"50c9509d-22c7-4a22-a47d-8c48425ef4a7","HUMAN_OBSERVATION","PRESENT","Sinomicrurus macclellandi",113.375853,23.361872,"Guangdong",2021,11,20,"cdround","https://www.inaturalist.org/observations/101702021","http://creativecommons.org/licenses/by-nc/4.0/legalcode","WGS84","3415892956","101702021",NA,NA,NA,NA,NA
"50c9509d-22c7-4a22-a47d-8c48425ef4a7","HUMAN_OBSERVATION","PRESENT","Sinomicrurus macclellandi",113.218891,23.370605,"Guangdong",2021,11,20,"cdround","https://www.inaturalist.org/observations/101701776","http://creativecommons.org/licenses/by-nc/4.0/legalcode","WGS84","3416227001","101701776",NA,NA,NA,NA,NA
"50c9509d-22c7-4a22-a47d-8c48425ef4a7","HUMAN_OBSERVATION","PRESENT","Sinomicrurus macclellandi",114.086097,22.841245,"Guangdong",2020,5,9,"cdround","https://www.inaturalist.org/observations/53699100","http://creativecommons.org/licenses/by/4.0/legalcode","WGS84","2823082093","53699100",NA,NA,NA,NA,NA
"50c9509d-22c7-4a22-a47d-8c48425ef4a7","HUMAN_OBSERVATION","PRESENT","Sinomicrurus macclellandi",113.384195,23.256155,"Guangdong",2020,8,2,"","https://www.inaturalist.org/observations/55236534","http://creativecommons.org/licenses/by/4.0/legalcode","WGS84","2850616956","55236534",NA,NA,NA,NA,NA
"50c9509d-22c7-4a22-a47d-8c48425ef4a7","HUMAN_OBSERVATION","PRESENT","Sinomicrurus macclellandi",114.33205,22.888548,"Guangdong",2020,8,21,"cdround","https://www.inaturalist.org/observations/90805234","http://creativecommons.org/licenses/by-nc/4.0/legalcode","WGS84","3407935490","90805234",NA,NA,NA,NA,NA
"50c9509d-22c7-4a22-a47d-8c48425ef4a7","HUMAN_OBSERVATION","PRESENT","Sinomicrurus macclellandi",113.296155,23.245223,"Guangdong",2020,11,10,"cdround","https://www.inaturalist.org/observations/66644073","http://creativecommons.org/licenses/by-nc/4.0/legalcode","WGS84","3005096047","66644073",NA,NA,NA,NA,NA
"50c9509d-22c7-4a22-a47d-8c48425ef4a7","HUMAN_OBSERVATION","PRESENT","Sinomicrurus macclellandi",113.285983,23.219897,"Guangdong",2020,11,10,"cdround","https://www.inaturalist.org/observations/66644072","http://creativecommons.org/licenses/by-nc/4.0/legalcode","WGS84","3005098048","66644072",NA,NA,NA,NA,NA
"50c9509d-22c7-4a22-a47d-8c48425ef4a7","HUMAN_OBSERVATION","PRESENT","Sinomicrurus macclellandi",113.210022,23.309384,"Guangdong",2020,11,18,"cdround","https://www.inaturalist.org/observations/66644070","http://creativecommons.org/licenses/by-nc/4.0/legalcode","WGS84","3005132014","66644070",NA,NA,NA,NA,NA
"50c9509d-22c7-4a22-a47d-8c48425ef4a7","HUMAN_OBSERVATION","PRESENT","Sinomicrurus macclellandi",113.377208,23.373834,"Guangdong",2020,11,18,"cdround","https://www.inaturalist.org/observations/66644071","http://creativecommons.org/licenses/by-nc/4.0/legalcode","WGS84","3005133034","66644071",NA,NA,NA,NA,NA
"50c9509d-22c7-4a22-a47d-8c48425ef4a7","HUMAN_OBSERVATION","PRESENT","Sinomicrurus macclellandi",113.493398,23.254661,"Guangdong",2020,11,18,"cdround","https://www.inaturalist.org/observations/66644074","http://creativecommons.org/licenses/by-nc/4.0/legalcode","WGS84","3005137020","66644074",NA,NA,NA,NA,NA
"50c9509d-22c7-4a22-a47d-8c48425ef4a7","HUMAN_OBSERVATION","PRESENT","Sinomicrurus macclellandi",113.283825,23.273527,"Guangdong",2020,11,18,"cdround","https://www.inaturalist.org/observations/66644066","http://creativecommons.org/licenses/by-nc/4.0/legalcode","WGS84","3005223038","66644066",NA,NA,NA,NA,NA
"50c9509d-22c7-4a22-a47d-8c48425ef4a7","HUMAN_OBSERVATION","PRESENT","Sinomicrurus macclellandi",113.273472,23.548496,"Guangdong",2020,11,24,"cdround","https://www.inaturalist.org/observations/66644062","http://creativecommons.org/licenses/by-nc/4.0/legalcode","WGS84","3005225005","66644062",NA,NA,NA,NA,NA
"50c9509d-22c7-4a22-a47d-8c48425ef4a7","HUMAN_OBSERVATION","PRESENT","Sinomicrurus macclellandi",113.220741,23.26748,"Guangdong",2020,11,19,"cdround","https://www.inaturalist.org/observations/66644064","http://creativecommons.org/licenses/by-nc/4.0/legalcode","WGS84","3005231981","66644064",NA,NA,NA,NA,NA
"50c9509d-22c7-4a22-a47d-8c48425ef4a7","HUMAN_OBSERVATION","PRESENT","Sinomicrurus macclellandi",113.330633,23.382563,"Guangdong",2020,11,18,"cdround","https://www.inaturalist.org/observations/66644065","http://creativecommons.org/licenses/by-nc/4.0/legalcode","WGS84","3005236060","66644065",NA,NA,NA,NA,NA
"50c9509d-22c7-4a22-a47d-8c48425ef4a7","HUMAN_OBSERVATION","PRESENT","Sinomicrurus macclellandi",113.331352,23.272546,"Guangdong",2020,11,18,"cdround","https://www.inaturalist.org/observations/66644068","http://creativecommons.org/licenses/by-nc/4.0/legalcode","WGS84","3005243036","66644068",NA,NA,NA,NA,NA
"50c9509d-22c7-4a22-a47d-8c48425ef4a7","HUMAN_OBSERVATION","PRESENT","Sinomicrurus macclellandi",113.224379,23.302557,"Guangdong",2020,11,18,"cdround","https://www.inaturalist.org/observations/66644067","http://creativecommons.org/licenses/by-nc/4.0/legalcode","WGS84","3005244037","66644067",NA,NA,NA,NA,NA
"50c9509d-22c7-4a22-a47d-8c48425ef4a7","HUMAN_OBSERVATION","PRESENT","Sinomicrurus macclellandi",113.384942,23.249069,"Guangdong",2020,11,18,"cdround","https://www.inaturalist.org/observations/66644069","http://creativecommons.org/licenses/by-nc/4.0/legalcode","WGS84","3005251084","66644069",NA,NA,NA,NA,NA
"50c9509d-22c7-4a22-a47d-8c48425ef4a7","HUMAN_OBSERVATION","PRESENT","Sinomicrurus macclellandi",106.999633,20.787192,"H<U+1EA3>i Phong",2019,7,6,"cdround","https://www.inaturalist.org/observations/28544575","http://creativecommons.org/licenses/by-nc/4.0/legalcode","WGS84","2283257062","28544575",NA,NA,NA,NA,NA
"db09684b-0fd1-431e-b5fa-4c1532fbdb14","HUMAN_OBSERVATION","PRESENT","Sinomicrurus macclellandi",120.57748,23.59561,NA,2017,1,5,"cudc,gass84,rdativ,osiic",NA,"http://creativecommons.org/licenses/by/4.0/legalcode","WGS84","1864143508",NA,NA,NA,NA,NA,NA
"db09684b-0fd1-431e-b5fa-4c1532fbdb14","HUMAN_OBSERVATION","PRESENT","Sinomicrurus macclellandi",120.89084,23.62681,NA,2017,1,13,"cudc,gass84,rdativ,osiic",NA,"http://creativecommons.org/licenses/by/4.0/legalcode","WGS84","1864143557",NA,NA,NA,NA,NA,NA
"db09684b-0fd1-431e-b5fa-4c1532fbdb14","HUMAN_OBSERVATION","PRESENT","Sinomicrurus macclellandi",120.616933,23.444096,NA,2017,2,11,"cudc,gass84,rdativ,osiic",NA,"http://creativecommons.org/licenses/by/4.0/legalcode","WGS84","1864143876",NA,NA,NA,NA,NA,NA
"db09684b-0fd1-431e-b5fa-4c1532fbdb14","HUMAN_OBSERVATION","PRESENT","Sinomicrurus macclellandi",120.60216,23.46283,NA,2017,4,21,"cudc,gass84,rdativ,osiic",NA,"http://creativecommons.org/licenses/by/4.0/legalcode","WGS84","1864145872",NA,NA,NA,NA,NA,NA
"db09684b-0fd1-431e-b5fa-4c1532fbdb14","HUMAN_OBSERVATION","PRESENT","Sinomicrurus macclellandi",121.572828,24.949291,NA,2017,5,4,"cudc,gass84,rdativ,osiic",NA,"http://creativecommons.org/licenses/by/4.0/legalcode","WGS84","1864146142",NA,NA,NA,NA,NA,NA
"db09684b-0fd1-431e-b5fa-4c1532fbdb14","HUMAN_OBSERVATION","PRESENT","Sinomicrurus macclellandi",120.60372,23.46094,NA,2017,5,7,"cudc,gass84,rdativ,osiic",NA,"http://creativecommons.org/licenses/by/4.0/legalcode","WGS84","1864146329",NA,NA,NA,NA,NA,NA
"db09684b-0fd1-431e-b5fa-4c1532fbdb14","HUMAN_OBSERVATION","PRESENT","Sinomicrurus macclellandi",120.60474,23.46008,NA,2017,5,7,"cudc,gass84,rdativ,osiic",NA,"http://creativecommons.org/licenses/by/4.0/legalcode","WGS84","1864146349",NA,NA,NA,NA,NA,NA
"db09684b-0fd1-431e-b5fa-4c1532fbdb14","HUMAN_OBSERVATION","PRESENT","Sinomicrurus macclellandi",120.87484,24.53125,NA,2017,5,9,"cudc,gass84,rdativ,osiic",NA,"http://creativecommons.org/licenses/by/4.0/legalcode","WGS84","1864146510",NA,NA,NA,NA,NA,NA
"db09684b-0fd1-431e-b5fa-4c1532fbdb14","HUMAN_OBSERVATION","PRESENT","Sinomicrurus macclellandi",121.39037,24.8746,NA,2017,5,14,"cudc,gass84,rdativ,osiic",NA,"http://creativecommons.org/licenses/by/4.0/legalcode","WGS84","1864146594",NA,NA,NA,NA,NA,NA
"db09684b-0fd1-431e-b5fa-4c1532fbdb14","HUMAN_OBSERVATION","PRESENT","Sinomicrurus macclellandi",120.77346,24.179456,NA,2017,6,4,"cudc,gass84,rdativ,osiic",NA,"http://creativecommons.org/licenses/by/4.0/legalcode","WGS84","1864147859",NA,NA,NA,NA,NA,NA
"db09684b-0fd1-431e-b5fa-4c1532fbdb14","HUMAN_OBSERVATION","PRESENT","Sinomicrurus macclellandi",120.74507,23.83595,NA,2017,6,10,"cudc,gass84,rdativ,osiic",NA,"http://creativecommons.org/licenses/by/4.0/legalcode","WGS84","1864148272",NA,NA,NA,NA,NA,NA
"db09684b-0fd1-431e-b5fa-4c1532fbdb14","HUMAN_OBSERVATION","PRESENT","Sinomicrurus macclellandi",121.53868,25.13425,NA,2017,6,10,"cudc,gass84,rdativ,osiic",NA,"http://creativecommons.org/licenses/by/4.0/legalcode","WGS84","1864148401",NA,NA,NA,NA,NA,NA
"db09684b-0fd1-431e-b5fa-4c1532fbdb14","HUMAN_OBSERVATION","PRESENT","Sinomicrurus macclellandi",120.782187,24.174745,NA,2017,6,20,"cudc,gass84,rdativ,osiic",NA,"http://creativecommons.org/licenses/by/4.0/legalcode","WGS84","1864148726",NA,NA,NA,NA,NA,NA
"db09684b-0fd1-431e-b5fa-4c1532fbdb14","HUMAN_OBSERVATION","PRESENT","Sinomicrurus macclellandi",120.783274,24.176343,NA,2017,6,20,"cudc,gass84,rdativ,osiic",NA,"http://creativecommons.org/licenses/by/4.0/legalcode","WGS84","1864148780",NA,NA,NA,NA,NA,NA
"db09684b-0fd1-431e-b5fa-4c1532fbdb14","HUMAN_OBSERVATION","PRESENT","Sinomicrurus macclellandi",121.62075,25.07685,NA,2017,6,24,"cudc,gass84,rdativ,osiic",NA,"http://creativecommons.org/licenses/by/4.0/legalcode","WGS84","1864148838",NA,NA,NA,NA,NA,NA
"db09684b-0fd1-431e-b5fa-4c1532fbdb14","HUMAN_OBSERVATION","PRESENT","Sinomicrurus macclellandi",121.63227,24.95219,NA,2017,6,25,"cudc,gass84,rdativ,osiic",NA,"http://creativecommons.org/licenses/by/4.0/legalcode","WGS84","1864149047",NA,NA,NA,NA,NA,NA
"db09684b-0fd1-431e-b5fa-4c1532fbdb14","HUMAN_OBSERVATION","PRESENT","Sinomicrurus macclellandi",121.64944,25.1757,NA,2017,6,25,"cudc,gass84,rdativ,osiic",NA,"http://creativecommons.org/licenses/by/4.0/legalcode","WGS84","1864149120",NA,NA,NA,NA,NA,NA
"db09684b-0fd1-431e-b5fa-4c1532fbdb14","HUMAN_OBSERVATION","PRESENT","Sinomicrurus macclellandi",121.5346,25.17093,NA,2017,7,9,"cudc,gass84,rdativ,osiic",NA,"http://creativecommons.org/licenses/by/4.0/legalcode","WGS84","1864149775",NA,NA,NA,NA,NA,NA
"db09684b-0fd1-431e-b5fa-4c1532fbdb14","HUMAN_OBSERVATION","PRESENT","Sinomicrurus macclellandi",121.535856,25.168688,NA,2017,7,11,"cudc,gass84,rdativ,osiic",NA,"http://creativecommons.org/licenses/by/4.0/legalcode","WGS84","1864149842",NA,NA,NA,NA,NA,NA
"db09684b-0fd1-431e-b5fa-4c1532fbdb14","HUMAN_OBSERVATION","PRESENT","Sinomicrurus macclellandi",121.62384,25.08477,NA,2017,7,10,"cudc,gass84,rdativ,osiic",NA,"http://creativecommons.org/licenses/by/4.0/legalcode","WGS84","1864149844",NA,NA,NA,NA,NA,NA
"db09684b-0fd1-431e-b5fa-4c1532fbdb14","HUMAN_OBSERVATION","PRESENT","Sinomicrurus macclellandi",120.95844,24.70669,NA,2017,7,24,"cudc,gass84,rdativ,osiic",NA,"http://creativecommons.org/licenses/by/4.0/legalcode","WGS84","1864150940",NA,NA,NA,NA,NA,NA
"db09684b-0fd1-431e-b5fa-4c1532fbdb14","HUMAN_OBSERVATION","PRESENT","Sinomicrurus macclellandi",120.64252,23.43283,NA,2017,7,23,"cudc,gass84,rdativ,osiic",NA,"http://creativecommons.org/licenses/by/4.0/legalcode","WGS84","1864150985",NA,NA,NA,NA,NA,NA
"db09684b-0fd1-431e-b5fa-4c1532fbdb14","HUMAN_OBSERVATION","PRESENT","Sinomicrurus macclellandi",120.62234,23.43557,NA,2017,7,23,"cudc,gass84,rdativ,osiic",NA,"http://creativecommons.org/licenses/by/4.0/legalcode","WGS84","1864151091",NA,NA,NA,NA,NA,NA
"db09684b-0fd1-431e-b5fa-4c1532fbdb14","HUMAN_OBSERVATION","PRESENT","Sinomicrurus macclellandi",120.61027,23.4367,NA,2017,7,23,"cudc,gass84,rdativ,osiic",NA,"http://creativecommons.org/licenses/by/4.0/legalcode","WGS84","1864151099",NA,NA,NA,NA,NA,NA
"db09684b-0fd1-431e-b5fa-4c1532fbdb14","HUMAN_OBSERVATION","PRESENT","Sinomicrurus macclellandi",120.8375,24.2447,NA,2017,7,28,"cudc,gass84,rdativ,osiic",NA,"http://creativecommons.org/licenses/by/4.0/legalcode","WGS84","1864151485",NA,NA,NA,NA,NA,NA
"db09684b-0fd1-431e-b5fa-4c1532fbdb14","HUMAN_OBSERVATION","PRESENT","Sinomicrurus macclellandi",121.27392,24.67057,NA,2017,8,10,"cudc,gass84,rdativ,osiic",NA,"http://creativecommons.org/licenses/by/4.0/legalcode","WGS84","1864152356",NA,NA,NA,NA,NA,NA
"db09684b-0fd1-431e-b5fa-4c1532fbdb14","HUMAN_OBSERVATION","PRESENT","Sinomicrurus macclellandi",120.83729,23.94972,NA,2017,8,14,"cudc,gass84,rdativ,osiic",NA,"http://creativecommons.org/licenses/by/4.0/legalcode","WGS84","1864152826",NA,NA,NA,NA,NA,NA
"db09684b-0fd1-431e-b5fa-4c1532fbdb14","HUMAN_OBSERVATION","PRESENT","Sinomicrurus macclellandi",120.64051,23.4347,NA,2017,8,26,"cudc,gass84,rdativ,osiic",NA,"http://creativecommons.org/licenses/by/4.0/legalcode","WGS84","1864153145",NA,NA,NA,NA,NA,NA
"db09684b-0fd1-431e-b5fa-4c1532fbdb14","HUMAN_OBSERVATION","PRESENT","Sinomicrurus macclellandi",120.6568,23.42072,NA,2017,8,26,"cudc,gass84,rdativ,osiic",NA,"http://creativecommons.org/licenses/by/4.0/legalcode","WGS84","1864153242",NA,NA,NA,NA,NA,NA
"db09684b-0fd1-431e-b5fa-4c1532fbdb14","HUMAN_OBSERVATION","PRESENT","Sinomicrurus macclellandi",120.65095,23.41497,NA,2017,8,26,"cudc,gass84,rdativ,osiic",NA,"http://creativecommons.org/licenses/by/4.0/legalcode","WGS84","1864153406",NA,NA,NA,NA,NA,NA
"db09684b-0fd1-431e-b5fa-4c1532fbdb14","HUMAN_OBSERVATION","PRESENT","Sinomicrurus macclellandi",121.56004,25.10956,NA,2017,9,11,"cudc,gass84,rdativ,osiic",NA,"http://creativecommons.org/licenses/by/4.0/legalcode","WGS84","1864153849",NA,NA,NA,NA,NA,NA
"db09684b-0fd1-431e-b5fa-4c1532fbdb14","HUMAN_OBSERVATION","PRESENT","Sinomicrurus macclellandi",121.2698,24.71595,NA,2017,9,17,"cudc,gass84,rdativ,osiic",NA,"http://creativecommons.org/licenses/by/4.0/legalcode","WGS84","1864153878",NA,NA,NA,NA,NA,NA
"db09684b-0fd1-431e-b5fa-4c1532fbdb14","HUMAN_OBSERVATION","PRESENT","Sinomicrurus macclellandi",120.71448,23.47852,NA,2017,9,23,"cudc,gass84,rdativ,osiic",NA,"http://creativecommons.org/licenses/by/4.0/legalcode","WGS84","1864154351",NA,NA,NA,NA,NA,NA
"db09684b-0fd1-431e-b5fa-4c1532fbdb14","HUMAN_OBSERVATION","PRESENT","Sinomicrurus macclellandi",120.76554,24.40588,NA,2017,9,27,"cudc,gass84,rdativ,osiic",NA,"http://creativecommons.org/licenses/by/4.0/legalcode","WGS84","1864154384",NA,NA,NA,NA,NA,NA
"db09684b-0fd1-431e-b5fa-4c1532fbdb14","HUMAN_OBSERVATION","PRESENT","Sinomicrurus macclellandi",121.51386,25.18213,NA,2017,9,29,"cudc,gass84,rdativ,osiic",NA,"http://creativecommons.org/licenses/by/4.0/legalcode","WGS84","1864154399",NA,NA,NA,NA,NA,NA
"db09684b-0fd1-431e-b5fa-4c1532fbdb14","HUMAN_OBSERVATION","PRESENT","Sinomicrurus macclellandi",121.53968,25.1782,NA,2017,9,24,"cudc,gass84,rdativ,osiic",NA,"http://creativecommons.org/licenses/by/4.0/legalcode","WGS84","1864154452",NA,NA,NA,NA,NA,NA
"db09684b-0fd1-431e-b5fa-4c1532fbdb14","HUMAN_OBSERVATION","PRESENT","Sinomicrurus macclellandi",121.61644,25.12907,NA,2017,10,1,"cudc,gass84,rdativ,osiic",NA,"http://creativecommons.org/licenses/by/4.0/legalcode","WGS84","1864154566",NA,NA,NA,NA,NA,NA
"db09684b-0fd1-431e-b5fa-4c1532fbdb14","HUMAN_OBSERVATION","PRESENT","Sinomicrurus macclellandi",120.572292,23.382953,NA,2017,10,1,"cudc,gass84,rdativ,osiic",NA,"http://creativecommons.org/licenses/by/4.0/legalcode","WGS84","1864154744",NA,NA,NA,NA,NA,NA
"db09684b-0fd1-431e-b5fa-4c1532fbdb14","HUMAN_OBSERVATION","PRESENT","Sinomicrurus macclellandi",120.82426,24.38699,NA,2017,10,4,"cudc,gass84,rdativ,osiic",NA,"http://creativecommons.org/licenses/by/4.0/legalcode","WGS84","1864155020",NA,NA,NA,NA,NA,NA
"db09684b-0fd1-431e-b5fa-4c1532fbdb14","HUMAN_OBSERVATION","PRESENT","Sinomicrurus macclellandi",121.567956,24.948961,NA,2017,10,16,"cudc,gass84,rdativ,osiic",NA,"http://creativecommons.org/licenses/by/4.0/legalcode","WGS84","1864155631",NA,NA,NA,NA,NA,NA
"db09684b-0fd1-431e-b5fa-4c1532fbdb14","HUMAN_OBSERVATION","PRESENT","Sinomicrurus macclellandi",120.704832,23.033422,NA,2017,10,19,"cudc,gass84,rdativ,osiic",NA,"http://creativecommons.org/licenses/by/4.0/legalcode","WGS84","1864155813",NA,NA,NA,NA,NA,NA
"db09684b-0fd1-431e-b5fa-4c1532fbdb14","HUMAN_OBSERVATION","PRESENT","Sinomicrurus macclellandi",120.86017,23.96302,NA,2017,10,24,"cudc,gass84,rdativ,osiic",NA,"http://creativecommons.org/licenses/by/4.0/legalcode","WGS84","1864156019",NA,NA,NA,NA,NA,NA
"db09684b-0fd1-431e-b5fa-4c1532fbdb14","HUMAN_OBSERVATION","PRESENT","Sinomicrurus macclellandi",120.58879,23.45959,NA,2017,10,31,"cudc,gass84,rdativ,osiic",NA,"http://creativecommons.org/licenses/by/4.0/legalcode","WGS84","1864156403",NA,NA,NA,NA,NA,NA
"db09684b-0fd1-431e-b5fa-4c1532fbdb14","HUMAN_OBSERVATION","PRESENT","Sinomicrurus macclellandi",121.51139,25.18381,NA,2017,10,31,"cudc,gass84,rdativ,osiic",NA,"http://creativecommons.org/licenses/by/4.0/legalcode","WGS84","1864156439",NA,NA,NA,NA,NA,NA
"db09684b-0fd1-431e-b5fa-4c1532fbdb14","HUMAN_OBSERVATION","PRESENT","Sinomicrurus macclellandi",120.605522,23.460504,NA,2016,4,22,"cudc,gass84,rdativ,osiic",NA,"http://creativecommons.org/licenses/by/4.0/legalcode","WGS84","1864136300",NA,NA,NA,NA,NA,NA
"db09684b-0fd1-431e-b5fa-4c1532fbdb14","HUMAN_OBSERVATION","PRESENT","Sinomicrurus macclellandi",120.706618,23.034013,NA,2016,4,26,"cudc,gass84,rdativ,osiic",NA,"http://creativecommons.org/licenses/by/4.0/legalcode","WGS84","1864136345",NA,NA,NA,NA,NA,NA
"db09684b-0fd1-431e-b5fa-4c1532fbdb14","HUMAN_OBSERVATION","PRESENT","Sinomicrurus macclellandi",120.60192,23.461665,NA,2016,5,1,"cudc,gass84,rdativ,osiic",NA,"http://creativecommons.org/licenses/by/4.0/legalcode","WGS84","1864136567",NA,NA,NA,NA,NA,NA
"db09684b-0fd1-431e-b5fa-4c1532fbdb14","HUMAN_OBSERVATION","PRESENT","Sinomicrurus macclellandi",120.69119,23.47503,NA,2016,5,3,"cudc,gass84,rdativ,osiic",NA,"http://creativecommons.org/licenses/by/4.0/legalcode","WGS84","1864136672",NA,NA,NA,NA,NA,NA
"db09684b-0fd1-431e-b5fa-4c1532fbdb14","HUMAN_OBSERVATION","PRESENT","Sinomicrurus macclellandi",120.795049,23.675088,NA,2016,5,7,"cudc,gass84,rdativ,osiic",NA,"http://creativecommons.org/licenses/by/4.0/legalcode","WGS84","1864136798",NA,NA,NA,NA,NA,NA
"db09684b-0fd1-431e-b5fa-4c1532fbdb14","HUMAN_OBSERVATION","PRESENT","Sinomicrurus macclellandi",121.592982,25.126172,NA,2016,5,8,"cudc,gass84,rdativ,osiic",NA,"http://creativecommons.org/licenses/by/4.0/legalcode","WGS84","1864136935",NA,NA,NA,NA,NA,NA
"db09684b-0fd1-431e-b5fa-4c1532fbdb14","HUMAN_OBSERVATION","PRESENT","Sinomicrurus macclellandi",120.74938,24.255108,NA,2016,5,14,"cudc,gass84,rdativ,osiic",NA,"http://creativecommons.org/licenses/by/4.0/legalcode","WGS84","1864137127",NA,NA,NA,NA,NA,NA
"db09684b-0fd1-431e-b5fa-4c1532fbdb14","HUMAN_OBSERVATION","PRESENT","Sinomicrurus macclellandi",120.979857,24.704683,NA,2016,5,18,"cudc,gass84,rdativ,osiic",NA,"http://creativecommons.org/licenses/by/4.0/legalcode","WGS84","1864137226",NA,NA,NA,NA,NA,NA
"db09684b-0fd1-431e-b5fa-4c1532fbdb14","HUMAN_OBSERVATION","PRESENT","Sinomicrurus macclellandi",121.539177,25.114899,NA,2016,5,25,"cudc,gass84,rdativ,osiic",NA,"http://creativecommons.org/licenses/by/4.0/legalcode","WGS84","1864137366",NA,NA,NA,NA,NA,NA
"db09684b-0fd1-431e-b5fa-4c1532fbdb14","HUMAN_OBSERVATION","PRESENT","Sinomicrurus macclellandi",121.440665,24.514664,NA,2016,5,28,"cudc,gass84,rdativ,osiic",NA,"http://creativecommons.org/licenses/by/4.0/legalcode","WGS84","1864137384",NA,NA,NA,NA,NA,NA
"db09684b-0fd1-431e-b5fa-4c1532fbdb14","HUMAN_OBSERVATION","PRESENT","Sinomicrurus macclellandi",121.545154,25.139529,NA,2016,5,30,"cudc,gass84,rdativ,osiic",NA,"http://creativecommons.org/licenses/by/4.0/legalcode","WGS84","1864137630",NA,NA,NA,NA,NA,NA
"db09684b-0fd1-431e-b5fa-4c1532fbdb14","HUMAN_OBSERVATION","PRESENT","Sinomicrurus macclellandi",121.743185,24.893521,NA,2016,6,4,"cudc,gass84,rdativ,osiic",NA,"http://creativecommons.org/licenses/by/4.0/legalcode","WGS84","1864137623",NA,NA,NA,NA,NA,NA
"db09684b-0fd1-431e-b5fa-4c1532fbdb14","HUMAN_OBSERVATION","PRESENT","Sinomicrurus macclellandi",120.594416,23.434594,NA,2016,6,5,"cudc,gass84,rdativ,osiic",NA,"http://creativecommons.org/licenses/by/4.0/legalcode","WGS84","1864137645",NA,NA,NA,NA,NA,NA
"db09684b-0fd1-431e-b5fa-4c1532fbdb14","HUMAN_OBSERVATION","PRESENT","Sinomicrurus macclellandi",121.562974,25.11152,NA,2016,6,7,"cudc,gass84,rdativ,osiic",NA,"http://creativecommons.org/licenses/by/4.0/legalcode","WGS84","1864137759",NA,NA,NA,NA,NA,NA
"db09684b-0fd1-431e-b5fa-4c1532fbdb14","HUMAN_OBSERVATION","PRESENT","Sinomicrurus macclellandi",120.587168,23.457428,NA,2016,6,10,"cudc,gass84,rdativ,osiic",NA,"http://creativecommons.org/licenses/by/4.0/legalcode","WGS84","1864137817",NA,NA,NA,NA,NA,NA
"db09684b-0fd1-431e-b5fa-4c1532fbdb14","HUMAN_OBSERVATION","PRESENT","Sinomicrurus macclellandi",120.612882,23.449208,NA,2016,6,10,"cudc,gass84,rdativ,osiic",NA,"http://creativecommons.org/licenses/by/4.0/legalcode","WGS84","1864137824",NA,NA,NA,NA,NA,NA
"db09684b-0fd1-431e-b5fa-4c1532fbdb14","HUMAN_OBSERVATION","PRESENT","Sinomicrurus macclellandi",120.763736,24.391324,NA,2016,6,19,"cudc,gass84,rdativ,osiic",NA,"http://creativecommons.org/licenses/by/4.0/legalcode","WGS84","1864138061",NA,NA,NA,NA,NA,NA
"db09684b-0fd1-431e-b5fa-4c1532fbdb14","HUMAN_OBSERVATION","PRESENT","Sinomicrurus macclellandi",121.396507,24.677511,NA,2016,7,2,"cudc,gass84,rdativ,osiic",NA,"http://creativecommons.org/licenses/by/4.0/legalcode","WGS84","1864138440",NA,NA,NA,NA,NA,NA
"db09684b-0fd1-431e-b5fa-4c1532fbdb14","HUMAN_OBSERVATION","PRESENT","Sinomicrurus macclellandi",121.796644,25.018617,NA,2016,7,2,"cudc,gass84,rdativ,osiic",NA,"http://creativecommons.org/licenses/by/4.0/legalcode","WGS84","1864138539",NA,NA,NA,NA,NA,NA
"db09684b-0fd1-431e-b5fa-4c1532fbdb14","HUMAN_OBSERVATION","PRESENT","Sinomicrurus macclellandi",120.61162,23.43537,NA,2016,7,3,"cudc,gass84,rdativ,osiic",NA,"http://creativecommons.org/licenses/by/4.0/legalcode","WGS84","1864138576",NA,NA,NA,NA,NA,NA
"db09684b-0fd1-431e-b5fa-4c1532fbdb14","HUMAN_OBSERVATION","PRESENT","Sinomicrurus macclellandi",120.58655,23.45882,NA,2016,7,3,"cudc,gass84,rdativ,osiic",NA,"http://creativecommons.org/licenses/by/4.0/legalcode","WGS84","1864138579",NA,NA,NA,NA,NA,NA
"db09684b-0fd1-431e-b5fa-4c1532fbdb14","HUMAN_OBSERVATION","PRESENT","Sinomicrurus macclellandi",120.60236,23.46391,NA,2016,7,3,"cudc,gass84,rdativ,osiic",NA,"http://creativecommons.org/licenses/by/4.0/legalcode","WGS84","1864138604",NA,NA,NA,NA,NA,NA
"db09684b-0fd1-431e-b5fa-4c1532fbdb14","HUMAN_OBSERVATION","PRESENT","Sinomicrurus macclellandi",121.596326,24.967162,NA,2016,7,4,"cudc,gass84,rdativ,osiic",NA,"http://creativecommons.org/licenses/by/4.0/legalcode","WGS84","1864138783",NA,NA,NA,NA,NA,NA
"db09684b-0fd1-431e-b5fa-4c1532fbdb14","HUMAN_OBSERVATION","PRESENT","Sinomicrurus macclellandi",120.64327,23.4217,NA,2016,7,16,"cudc,gass84,rdativ,osiic",NA,"http://creativecommons.org/licenses/by/4.0/legalcode","WGS84","1864139202",NA,NA,NA,NA,NA,NA
"db09684b-0fd1-431e-b5fa-4c1532fbdb14","HUMAN_OBSERVATION","PRESENT","Sinomicrurus macclellandi",120.66322,23.43407,NA,2016,7,16,"cudc,gass84,rdativ,osiic",NA,"http://creativecommons.org/licenses/by/4.0/legalcode","WGS84","1864139216",NA,NA,NA,NA,NA,NA
"db09684b-0fd1-431e-b5fa-4c1532fbdb14","HUMAN_OBSERVATION","PRESENT","Sinomicrurus macclellandi",121.50309,24.606529,NA,2016,7,29,"cudc,gass84,rdativ,osiic",NA,"http://creativecommons.org/licenses/by/4.0/legalcode","WGS84","1864139311",NA,NA,NA,NA,NA,NA
"db09684b-0fd1-431e-b5fa-4c1532fbdb14","HUMAN_OBSERVATION","PRESENT","Sinomicrurus macclellandi",121.362213,24.709202,NA,2016,7,24,"cudc,gass84,rdativ,osiic",NA,"http://creativecommons.org/licenses/by/4.0/legalcode","WGS84","1864139653",NA,NA,NA,NA,NA,NA
"db09684b-0fd1-431e-b5fa-4c1532fbdb14","HUMAN_OBSERVATION","PRESENT","Sinomicrurus macclellandi",120.89423,24.22118,NA,2016,7,25,"cudc,gass84,rdativ,osiic",NA,"http://creativecommons.org/licenses/by/4.0/legalcode","WGS84","1864139665",NA,NA,NA,NA,NA,NA
"db09684b-0fd1-431e-b5fa-4c1532fbdb14","HUMAN_OBSERVATION","PRESENT","Sinomicrurus macclellandi",121.113035,24.537834,NA,2016,7,31,"cudc,gass84,rdativ,osiic",NA,"http://creativecommons.org/licenses/by/4.0/legalcode","WGS84","1864139773",NA,NA,NA,NA,NA,NA
"db09684b-0fd1-431e-b5fa-4c1532fbdb14","HUMAN_OBSERVATION","PRESENT","Sinomicrurus macclellandi",121.400992,24.673633,NA,2016,8,6,"cudc,gass84,rdativ,osiic",NA,"http://creativecommons.org/licenses/by/4.0/legalcode","WGS84","1864140087",NA,NA,NA,NA,NA,NA
"db09684b-0fd1-431e-b5fa-4c1532fbdb14","HUMAN_OBSERVATION","PRESENT","Sinomicrurus macclellandi",121.386349,24.678807,NA,2016,8,20,"cudc,gass84,rdativ,osiic",NA,"http://creativecommons.org/licenses/by/4.0/legalcode","WGS84","1864140345",NA,NA,NA,NA,NA,NA
"db09684b-0fd1-431e-b5fa-4c1532fbdb14","HUMAN_OBSERVATION","PRESENT","Sinomicrurus macclellandi",120.633919,23.440046,NA,2016,8,29,"cudc,gass84,rdativ,osiic",NA,"http://creativecommons.org/licenses/by/4.0/legalcode","WGS84","1864140552",NA,NA,NA,NA,NA,NA
"db09684b-0fd1-431e-b5fa-4c1532fbdb14","HUMAN_OBSERVATION","PRESENT","Sinomicrurus macclellandi",120.774638,23.835233,NA,2016,10,12,"cudc,gass84,rdativ,osiic",NA,"http://creativecommons.org/licenses/by/4.0/legalcode","WGS84","1864141375",NA,NA,NA,NA,NA,NA
"db09684b-0fd1-431e-b5fa-4c1532fbdb14","HUMAN_OBSERVATION","PRESENT","Sinomicrurus macclellandi",120.600033,23.462468,NA,2016,10,7,"cudc,gass84,rdativ,osiic",NA,"http://creativecommons.org/licenses/by/4.0/legalcode","WGS84","1864141619",NA,NA,NA,NA,NA,NA
"db09684b-0fd1-431e-b5fa-4c1532fbdb14","HUMAN_OBSERVATION","PRESENT","Sinomicrurus macclellandi",120.749643,23.750333,NA,2016,10,25,"cudc,gass84,rdativ,osiic",NA,"http://creativecommons.org/licenses/by/4.0/legalcode","WGS84","1864141728",NA,NA,NA,NA,NA,NA
"db09684b-0fd1-431e-b5fa-4c1532fbdb14","HUMAN_OBSERVATION","PRESENT","Sinomicrurus macclellandi",121.37689,24.69074,NA,2016,10,15,"cudc,gass84,rdativ,osiic",NA,"http://creativecommons.org/licenses/by/4.0/legalcode","WGS84","1864141807",NA,NA,NA,NA,NA,NA
"db09684b-0fd1-431e-b5fa-4c1532fbdb14","HUMAN_OBSERVATION","PRESENT","Sinomicrurus macclellandi",120.607702,23.457496,NA,2016,10,23,"cudc,gass84,rdativ,osiic",NA,"http://creativecommons.org/licenses/by/4.0/legalcode","WGS84","1864141845",NA,NA,NA,NA,NA,NA
"db09684b-0fd1-431e-b5fa-4c1532fbdb14","HUMAN_OBSERVATION","PRESENT","Sinomicrurus macclellandi",120.629005,23.936483,NA,2016,10,21,"cudc,gass84,rdativ,osiic",NA,"http://creativecommons.org/licenses/by/4.0/legalcode","WGS84","1864141899",NA,NA,NA,NA,NA,NA
"db09684b-0fd1-431e-b5fa-4c1532fbdb14","HUMAN_OBSERVATION","PRESENT","Sinomicrurus macclellandi",120.88532,24.21544,NA,2016,11,4,"cudc,gass84,rdativ,osiic",NA,"http://creativecommons.org/licenses/by/4.0/legalcode","WGS84","1864142103",NA,NA,NA,NA,NA,NA
"db09684b-0fd1-431e-b5fa-4c1532fbdb14","HUMAN_OBSERVATION","PRESENT","Sinomicrurus macclellandi",120.664688,23.446652,NA,2016,11,11,"cudc,gass84,rdativ,osiic",NA,"http://creativecommons.org/licenses/by/4.0/legalcode","WGS84","1864142105",NA,NA,NA,NA,NA,NA
"db09684b-0fd1-431e-b5fa-4c1532fbdb14","HUMAN_OBSERVATION","PRESENT","Sinomicrurus macclellandi",120.42424,23.4804,NA,2016,11,18,"cudc,gass84,rdativ,osiic",NA,"http://creativecommons.org/licenses/by/4.0/legalcode","WGS84","1864142345",NA,NA,NA,NA,NA,NA
"db09684b-0fd1-431e-b5fa-4c1532fbdb14","HUMAN_OBSERVATION","PRESENT","Sinomicrurus macclellandi",121.622637,25.087205,NA,2016,11,13,"cudc,gass84,rdativ,osiic",NA,"http://creativecommons.org/licenses/by/4.0/legalcode","WGS84","1864142426",NA,NA,NA,NA,NA,NA
"db09684b-0fd1-431e-b5fa-4c1532fbdb14","HUMAN_OBSERVATION","PRESENT","Sinomicrurus macclellandi",120.631138,23.935442,NA,2016,12,7,"cudc,gass84,rdativ,osiic",NA,"http://creativecommons.org/licenses/by/4.0/legalcode","WGS84","1864142899",NA,NA,NA,NA,NA,NA
"db09684b-0fd1-431e-b5fa-4c1532fbdb14","HUMAN_OBSERVATION","PRESENT","Sinomicrurus macclellandi",121.550181,24.952007,NA,2016,12,6,"cudc,gass84,rdativ,osiic",NA,"http://creativecommons.org/licenses/by/4.0/legalcode","WGS84","1864143042",NA,NA,NA,NA,NA,NA
"db09684b-0fd1-431e-b5fa-4c1532fbdb14","HUMAN_OBSERVATION","PRESENT","Sinomicrurus macclellandi",121.539232,25.137318,NA,2016,12,21,"cudc,gass84,rdativ,osiic",NA,"http://creativecommons.org/licenses/by/4.0/legalcode","WGS84","1864143175",NA,NA,NA,NA,NA,NA
"db09684b-0fd1-431e-b5fa-4c1532fbdb14","HUMAN_OBSERVATION","PRESENT","Sinomicrurus macclellandi",120.77028,23.84694,NA,2015,4,15,"cudc,gass84,rdativ,osiic",NA,"http://creativecommons.org/licenses/by/4.0/legalcode","WGS84","1864127049",NA,NA,NA,NA,NA,NA
"db09684b-0fd1-431e-b5fa-4c1532fbdb14","HUMAN_OBSERVATION","PRESENT","Sinomicrurus macclellandi",120.585689,23.43344,NA,2015,4,11,"cudc,gass84,rdativ,osiic",NA,"http://creativecommons.org/licenses/by/4.0/legalcode","WGS84","1864127215",NA,NA,NA,NA,NA,NA
"db09684b-0fd1-431e-b5fa-4c1532fbdb14","HUMAN_OBSERVATION","PRESENT","Sinomicrurus macclellandi",120.812967,24.093833,NA,2015,4,26,"cudc,gass84,rdativ,osiic",NA,"http://creativecommons.org/licenses/by/4.0/legalcode","WGS84","1864127374",NA,NA,NA,NA,NA,NA
"db09684b-0fd1-431e-b5fa-4c1532fbdb14","HUMAN_OBSERVATION","PRESENT","Sinomicrurus macclellandi",121.5516,24.856392,NA,2015,4,23,"cudc,gass84,rdativ,osiic",NA,"http://creativecommons.org/licenses/by/4.0/legalcode","WGS84","1864127390",NA,NA,NA,NA,NA,NA
"50c9509d-22c7-4a22-a47d-8c48425ef4a7","HUMAN_OBSERVATION","PRESENT","Sinomicrurus macclellandi",114.285922,22.305837,"Sai Kung",2015,5,17,"","https://www.inaturalist.org/observations/1500786","http://creativecommons.org/licenses/by-nc/4.0/legalcode","WGS84","1092883186","1500786",NA,NA,NA,NA,NA
"db09684b-0fd1-431e-b5fa-4c1532fbdb14","HUMAN_OBSERVATION","PRESENT","Sinomicrurus macclellandi",121.184754,24.022882,NA,2015,5,3,"cudc,gass84,rdativ,osiic",NA,"http://creativecommons.org/licenses/by/4.0/legalcode","WGS84","1864127696",NA,NA,NA,NA,NA,NA
"db09684b-0fd1-431e-b5fa-4c1532fbdb14","HUMAN_OBSERVATION","PRESENT","Sinomicrurus macclellandi",120.73108,24.419542,NA,2015,5,7,"cudc,gass84,rdativ,osiic",NA,"http://creativecommons.org/licenses/by/4.0/legalcode","WGS84","1864127709",NA,NA,NA,NA,NA,NA
"db09684b-0fd1-431e-b5fa-4c1532fbdb14","HUMAN_OBSERVATION","PRESENT","Sinomicrurus macclellandi",120.562542,23.18737,NA,2015,5,11,"cudc,gass84,rdativ,osiic",NA,"http://creativecommons.org/licenses/by/4.0/legalcode","WGS84","1864127755",NA,NA,NA,NA,NA,NA
"db09684b-0fd1-431e-b5fa-4c1532fbdb14","HUMAN_OBSERVATION","PRESENT","Sinomicrurus macclellandi",121.554013,25.098873,NA,2015,5,19,"cudc,gass84,rdativ,osiic",NA,"http://creativecommons.org/licenses/by/4.0/legalcode","WGS84","1864127772",NA,NA,NA,NA,NA,NA
"db09684b-0fd1-431e-b5fa-4c1532fbdb14","HUMAN_OBSERVATION","PRESENT","Sinomicrurus macclellandi",121.561183,25.106481,NA,2015,5,1,"cudc,gass84,rdativ,osiic",NA,"http://creativecommons.org/licenses/by/4.0/legalcode","WGS84","1864127826",NA,NA,NA,NA,NA,NA
"db09684b-0fd1-431e-b5fa-4c1532fbdb14","HUMAN_OBSERVATION","PRESENT","Sinomicrurus macclellandi",120.666855,23.712271,NA,2015,5,18,"cudc,gass84,rdativ,osiic",NA,"http://creativecommons.org/licenses/by/4.0/legalcode","WGS84","1864128033",NA,NA,NA,NA,NA,NA
"db09684b-0fd1-431e-b5fa-4c1532fbdb14","HUMAN_OBSERVATION","PRESENT","Sinomicrurus macclellandi",120.66743,23.72716,NA,2015,5,18,"cudc,gass84,rdativ,osiic",NA,"http://creativecommons.org/licenses/by/4.0/legalcode","WGS84","1864128230",NA,NA,NA,NA,NA,NA
"db09684b-0fd1-431e-b5fa-4c1532fbdb14","HUMAN_OBSERVATION","PRESENT","Sinomicrurus macclellandi",120.62039,23.06447,NA,2015,6,7,"cudc,gass84,rdativ,osiic",NA,"http://creativecommons.org/licenses/by/4.0/legalcode","WGS84","1864128727",NA,NA,NA,NA,NA,NA
"db09684b-0fd1-431e-b5fa-4c1532fbdb14","HUMAN_OBSERVATION","PRESENT","Sinomicrurus macclellandi",120.937501,23.791339,NA,2015,6,10,"cudc,gass84,rdativ,osiic",NA,"http://creativecommons.org/licenses/by/4.0/legalcode","WGS84","1864128815",NA,NA,NA,NA,NA,NA
"db09684b-0fd1-431e-b5fa-4c1532fbdb14","HUMAN_OBSERVATION","PRESENT","Sinomicrurus macclellandi",121.451508,24.531104,NA,2015,6,19,"cudc,gass84,rdativ,osiic",NA,"http://creativecommons.org/licenses/by/4.0/legalcode","WGS84","1864129020",NA,NA,NA,NA,NA,NA
"db09684b-0fd1-431e-b5fa-4c1532fbdb14","HUMAN_OBSERVATION","PRESENT","Sinomicrurus macclellandi",121.576637,25.129555,NA,2015,7,5,"cudc,gass84,rdativ,osiic",NA,"http://creativecommons.org/licenses/by/4.0/legalcode","WGS84","1864129639",NA,NA,NA,NA,NA,NA
"db09684b-0fd1-431e-b5fa-4c1532fbdb14","HUMAN_OBSERVATION","PRESENT","Sinomicrurus macclellandi",120.78207,24.376076,NA,2015,7,13,"cudc,gass84,rdativ,osiic",NA,"http://creativecommons.org/licenses/by/4.0/legalcode","WGS84","1864130036",NA,NA,NA,NA,NA,NA
"db09684b-0fd1-431e-b5fa-4c1532fbdb14","HUMAN_OBSERVATION","PRESENT","Sinomicrurus macclellandi",120.73367,23.83661,NA,2015,7,13,"cudc,gass84,rdativ,osiic",NA,"http://creativecommons.org/licenses/by/4.0/legalcode","WGS84","1864130146",NA,NA,NA,NA,NA,NA
"db09684b-0fd1-431e-b5fa-4c1532fbdb14","HUMAN_OBSERVATION","PRESENT","Sinomicrurus macclellandi",120.698394,23.021901,NA,2015,7,31,"cudc,gass84,rdativ,osiic",NA,"http://creativecommons.org/licenses/by/4.0/legalcode","WGS84","1864130452",NA,NA,NA,NA,NA,NA
"db09684b-0fd1-431e-b5fa-4c1532fbdb14","HUMAN_OBSERVATION","PRESENT","Sinomicrurus macclellandi",121.540735,25.162531,NA,2015,8,2,"cudc,gass84,rdativ,osiic",NA,"http://creativecommons.org/licenses/by/4.0/legalcode","WGS84","1864130846",NA,NA,NA,NA,NA,NA
"db09684b-0fd1-431e-b5fa-4c1532fbdb14","HUMAN_OBSERVATION","PRESENT","Sinomicrurus macclellandi",121.093806,24.006644,NA,2015,9,16,"cudc,gass84,rdativ,osiic",NA,"http://creativecommons.org/licenses/by/4.0/legalcode","WGS84","1864131665",NA,NA,NA,NA,NA,NA
"db09684b-0fd1-431e-b5fa-4c1532fbdb14","HUMAN_OBSERVATION","PRESENT","Sinomicrurus macclellandi",121.481651,25.213688,NA,2015,9,24,"cudc,gass84,rdativ,osiic",NA,"http://creativecommons.org/licenses/by/4.0/legalcode","WGS84","1864132003",NA,NA,NA,NA,NA,NA
"db09684b-0fd1-431e-b5fa-4c1532fbdb14","HUMAN_OBSERVATION","PRESENT","Sinomicrurus macclellandi",121.511988,25.184029,NA,2015,10,10,"cudc,gass84,rdativ,osiic",NA,"http://creativecommons.org/licenses/by/4.0/legalcode","WGS84","1864132469",NA,NA,NA,NA,NA,NA
"db09684b-0fd1-431e-b5fa-4c1532fbdb14","HUMAN_OBSERVATION","PRESENT","Sinomicrurus macclellandi",121.56117,24.954183,NA,2015,10,6,"cudc,gass84,rdativ,osiic",NA,"http://creativecommons.org/licenses/by/4.0/legalcode","WGS84","1864132793",NA,NA,NA,NA,NA,NA
"db09684b-0fd1-431e-b5fa-4c1532fbdb14","HUMAN_OBSERVATION","PRESENT","Sinomicrurus macclellandi",120.602759,23.4625,NA,2015,10,7,"cudc,gass84,rdativ,osiic",NA,"http://creativecommons.org/licenses/by/4.0/legalcode","WGS84","1864132932",NA,NA,NA,NA,NA,NA
"db09684b-0fd1-431e-b5fa-4c1532fbdb14","HUMAN_OBSERVATION","PRESENT","Sinomicrurus macclellandi",120.464421,23.199765,NA,2015,10,30,"cudc,gass84,rdativ,osiic",NA,"http://creativecommons.org/licenses/by/4.0/legalcode","WGS84","1864133238",NA,NA,NA,NA,NA,NA
"db09684b-0fd1-431e-b5fa-4c1532fbdb14","HUMAN_OBSERVATION","PRESENT","Sinomicrurus macclellandi",120.87864,24.2302,NA,2015,10,31,"cudc,gass84,rdativ,osiic",NA,"http://creativecommons.org/licenses/by/4.0/legalcode","WGS84","1864133256",NA,NA,NA,NA,NA,NA
"db09684b-0fd1-431e-b5fa-4c1532fbdb14","HUMAN_OBSERVATION","PRESENT","Sinomicrurus macclellandi",120.71534,23.697176,NA,2015,11,1,"cudc,gass84,rdativ,osiic",NA,"http://creativecommons.org/licenses/by/4.0/legalcode","WGS84","1864133387",NA,NA,NA,NA,NA,NA
"db09684b-0fd1-431e-b5fa-4c1532fbdb14","HUMAN_OBSERVATION","PRESENT","Sinomicrurus macclellandi",120.577185,23.595309,NA,2015,11,6,"cudc,gass84,rdativ,osiic",NA,"http://creativecommons.org/licenses/by/4.0/legalcode","WGS84","1864133483",NA,NA,NA,NA,NA,NA
"db09684b-0fd1-431e-b5fa-4c1532fbdb14","HUMAN_OBSERVATION","PRESENT","Sinomicrurus macclellandi",120.575809,23.397288,NA,2015,11,29,"cudc,gass84,rdativ,osiic",NA,"http://creativecommons.org/licenses/by/4.0/legalcode","WGS84","1864133766",NA,NA,NA,NA,NA,NA
"db09684b-0fd1-431e-b5fa-4c1532fbdb14","HUMAN_OBSERVATION","PRESENT","Sinomicrurus macclellandi",120.591766,23.45836,NA,2015,12,25,"cudc,gass84,rdativ,osiic",NA,"http://creativecommons.org/licenses/by/4.0/legalcode","WGS84","1864134409",NA,NA,NA,NA,NA,NA
"db09684b-0fd1-431e-b5fa-4c1532fbdb14","HUMAN_OBSERVATION","PRESENT","Sinomicrurus macclellandi",120.696101,23.244687,NA,2014,4,15,"cudc,gass84,rdativ,osiic",NA,"http://creativecommons.org/licenses/by/4.0/legalcode","WGS84","1864118608",NA,NA,NA,NA,NA,NA
"db09684b-0fd1-431e-b5fa-4c1532fbdb14","HUMAN_OBSERVATION","PRESENT","Sinomicrurus macclellandi",120.601042,23.593044,NA,2014,4,24,"cudc,gass84,rdativ,osiic",NA,"http://creativecommons.org/licenses/by/4.0/legalcode","WGS84","1864118967",NA,NA,NA,NA,NA,NA
"db09684b-0fd1-431e-b5fa-4c1532fbdb14","HUMAN_OBSERVATION","PRESENT","Sinomicrurus macclellandi",121.34667,24.758846,NA,2014,4,29,"cudc,gass84,rdativ,osiic",NA,"http://creativecommons.org/licenses/by/4.0/legalcode","WGS84","1864119134",NA,NA,NA,NA,NA,NA
"db09684b-0fd1-431e-b5fa-4c1532fbdb14","HUMAN_OBSERVATION","PRESENT","Sinomicrurus macclellandi",120.53298,23.553956,NA,2014,5,15,"cudc,gass84,rdativ,osiic",NA,"http://creativecommons.org/licenses/by/4.0/legalcode","WGS84","1864119429",NA,NA,NA,NA,NA,NA
"db09684b-0fd1-431e-b5fa-4c1532fbdb14","HUMAN_OBSERVATION","PRESENT","Sinomicrurus macclellandi",121.45443,24.538379,NA,2014,5,14,"cudc,gass84,rdativ,osiic",NA,"http://creativecommons.org/licenses/by/4.0/legalcode","WGS84","1864119501",NA,NA,NA,NA,NA,NA
"db09684b-0fd1-431e-b5fa-4c1532fbdb14","HUMAN_OBSERVATION","PRESENT","Sinomicrurus macclellandi",121.507401,24.912595,NA,2014,5,18,"cudc,gass84,rdativ,osiic",NA,"http://creativecommons.org/licenses/by/4.0/legalcode","WGS84","1864119720",NA,NA,NA,NA,NA,NA
"db09684b-0fd1-431e-b5fa-4c1532fbdb14","HUMAN_OBSERVATION","PRESENT","Sinomicrurus macclellandi",121.024336,24.655676,NA,2014,5,24,"cudc,gass84,rdativ,osiic",NA,"http://creativecommons.org/licenses/by/4.0/legalcode","WGS84","1864119757",NA,NA,NA,NA,NA,NA
"db09684b-0fd1-431e-b5fa-4c1532fbdb14","HUMAN_OBSERVATION","PRESENT","Sinomicrurus macclellandi",121.59846,25.112716,NA,2014,6,1,"cudc,gass84,rdativ,osiic",NA,"http://creativecommons.org/licenses/by/4.0/legalcode","WGS84","1864120086",NA,NA,NA,NA,NA,NA
"db09684b-0fd1-431e-b5fa-4c1532fbdb14","HUMAN_OBSERVATION","PRESENT","Sinomicrurus macclellandi",121.340772,25.05543,NA,2014,6,20,"cudc,gass84,rdativ,osiic",NA,"http://creativecommons.org/licenses/by/4.0/legalcode","WGS84","1864120589",NA,NA,NA,NA,NA,NA
"db09684b-0fd1-431e-b5fa-4c1532fbdb14","HUMAN_OBSERVATION","PRESENT","Sinomicrurus macclellandi",120.603496,23.596223,NA,2014,6,15,"cudc,gass84,rdativ,osiic",NA,"http://creativecommons.org/licenses/by/4.0/legalcode","WGS84","1864120623",NA,NA,NA,NA,NA,NA
"db09684b-0fd1-431e-b5fa-4c1532fbdb14","HUMAN_OBSERVATION","PRESENT","Sinomicrurus macclellandi",120.968371,24.146017,NA,2014,6,21,"cudc,gass84,rdativ,osiic",NA,"http://creativecommons.org/licenses/by/4.0/legalcode","WGS84","1864120736",NA,NA,NA,NA,NA,NA
"db09684b-0fd1-431e-b5fa-4c1532fbdb14","HUMAN_OBSERVATION","PRESENT","Sinomicrurus macclellandi",121.337349,25.062488,NA,2014,6,22,"cudc,gass84,rdativ,osiic",NA,"http://creativecommons.org/licenses/by/4.0/legalcode","WGS84","1864120848",NA,NA,NA,NA,NA,NA
"db09684b-0fd1-431e-b5fa-4c1532fbdb14","HUMAN_OBSERVATION","PRESENT","Sinomicrurus macclellandi",120.608841,23.961361,NA,2014,7,3,"cudc,gass84,rdativ,osiic",NA,"http://creativecommons.org/licenses/by/4.0/legalcode","WGS84","1864121438",NA,NA,NA,NA,NA,NA
"db09684b-0fd1-431e-b5fa-4c1532fbdb14","HUMAN_OBSERVATION","PRESENT","Sinomicrurus macclellandi",120.89538,23.93243,NA,2014,7,6,"cudc,gass84,rdativ,osiic",NA,"http://creativecommons.org/licenses/by/4.0/legalcode","WGS84","1864121674",NA,NA,NA,NA,NA,NA
"db09684b-0fd1-431e-b5fa-4c1532fbdb14","HUMAN_OBSERVATION","PRESENT","Sinomicrurus macclellandi",120.954237,24.70408,NA,2014,7,9,"cudc,gass84,rdativ,osiic",NA,"http://creativecommons.org/licenses/by/4.0/legalcode","WGS84","1864121740",NA,NA,NA,NA,NA,NA
"db09684b-0fd1-431e-b5fa-4c1532fbdb14","HUMAN_OBSERVATION","PRESENT","Sinomicrurus macclellandi",121.546714,25.157288,NA,2014,7,9,"cudc,gass84,rdativ,osiic",NA,"http://creativecommons.org/licenses/by/4.0/legalcode","WGS84","1864121775",NA,NA,NA,NA,NA,NA
"db09684b-0fd1-431e-b5fa-4c1532fbdb14","HUMAN_OBSERVATION","PRESENT","Sinomicrurus macclellandi",120.889581,24.189124,NA,2014,7,6,"cudc,gass84,rdativ,osiic",NA,"http://creativecommons.org/licenses/by/4.0/legalcode","WGS84","1864121827",NA,NA,NA,NA,NA,NA
"db09684b-0fd1-431e-b5fa-4c1532fbdb14","HUMAN_OBSERVATION","PRESENT","Sinomicrurus macclellandi",120.603458,23.597199,NA,2014,7,17,"cudc,gass84,rdativ,osiic",NA,"http://creativecommons.org/licenses/by/4.0/legalcode","WGS84","1864121981",NA,NA,NA,NA,NA,NA
"db09684b-0fd1-431e-b5fa-4c1532fbdb14","HUMAN_OBSERVATION","PRESENT","Sinomicrurus macclellandi",120.630243,23.585049,NA,2014,7,17,"cudc,gass84,rdativ,osiic",NA,"http://creativecommons.org/licenses/by/4.0/legalcode","WGS84","1864122175",NA,NA,NA,NA,NA,NA
"db09684b-0fd1-431e-b5fa-4c1532fbdb14","HUMAN_OBSERVATION","PRESENT","Sinomicrurus macclellandi",120.6415,23.43018,NA,2014,7,19,"cudc,gass84,rdativ,osiic",NA,"http://creativecommons.org/licenses/by/4.0/legalcode","WGS84","1864122181",NA,NA,NA,NA,NA,NA
"db09684b-0fd1-431e-b5fa-4c1532fbdb14","HUMAN_OBSERVATION","PRESENT","Sinomicrurus macclellandi",120.746655,23.918226,NA,2014,8,27,"cudc,gass84,rdativ,osiic",NA,"http://creativecommons.org/licenses/by/4.0/legalcode","WGS84","1864123118",NA,NA,NA,NA,NA,NA
"db09684b-0fd1-431e-b5fa-4c1532fbdb14","HUMAN_OBSERVATION","PRESENT","Sinomicrurus macclellandi",121.529576,25.183117,NA,2014,8,24,"cudc,gass84,rdativ,osiic",NA,"http://creativecommons.org/licenses/by/4.0/legalcode","WGS84","1864123131",NA,NA,NA,NA,NA,NA
"db09684b-0fd1-431e-b5fa-4c1532fbdb14","HUMAN_OBSERVATION","PRESENT","Sinomicrurus macclellandi",120.639139,23.610082,NA,2014,8,21,"cudc,gass84,rdativ,osiic",NA,"http://creativecommons.org/licenses/by/4.0/legalcode","WGS84","1864123206",NA,NA,NA,NA,NA,NA
"db09684b-0fd1-431e-b5fa-4c1532fbdb14","HUMAN_OBSERVATION","PRESENT","Sinomicrurus macclellandi",121.564838,25.161574,NA,2014,8,31,"cudc,gass84,rdativ,osiic",NA,"http://creativecommons.org/licenses/by/4.0/legalcode","WGS84","1864123355",NA,NA,NA,NA,NA,NA
"db09684b-0fd1-431e-b5fa-4c1532fbdb14","HUMAN_OBSERVATION","PRESENT","Sinomicrurus macclellandi",120.56469,23.464022,NA,2014,9,23,"cudc,gass84,rdativ,osiic",NA,"http://creativecommons.org/licenses/by/4.0/legalcode","WGS84","1864123930",NA,NA,NA,NA,NA,NA
"db09684b-0fd1-431e-b5fa-4c1532fbdb14","HUMAN_OBSERVATION","PRESENT","Sinomicrurus macclellandi",121.568505,24.892832,NA,2014,9,24,"cudc,gass84,rdativ,osiic",NA,"http://creativecommons.org/licenses/by/4.0/legalcode","WGS84","1864123966",NA,NA,NA,NA,NA,NA
"db09684b-0fd1-431e-b5fa-4c1532fbdb14","HUMAN_OBSERVATION","PRESENT","Sinomicrurus macclellandi",120.950672,24.702899,NA,2014,9,30,"cudc,gass84,rdativ,osiic",NA,"http://creativecommons.org/licenses/by/4.0/legalcode","WGS84","1864124088",NA,NA,NA,NA,NA,NA
"db09684b-0fd1-431e-b5fa-4c1532fbdb14","HUMAN_OBSERVATION","PRESENT","Sinomicrurus macclellandi",121.57044,25.107144,NA,2014,12,11,"cudc,gass84,rdativ,osiic",NA,"http://creativecommons.org/licenses/by/4.0/legalcode","WGS84","1864125841",NA,NA,NA,NA,NA,NA
"db09684b-0fd1-431e-b5fa-4c1532fbdb14","HUMAN_OBSERVATION","PRESENT","Sinomicrurus macclellandi",120.484571,23.272475,NA,2013,4,27,"cudc,gass84,rdativ,osiic",NA,"http://creativecommons.org/licenses/by/4.0/legalcode","WGS84","1864113747",NA,NA,NA,NA,NA,NA
"db09684b-0fd1-431e-b5fa-4c1532fbdb14","HUMAN_OBSERVATION","PRESENT","Sinomicrurus macclellandi",120.742218,24.450947,NA,2013,4,26,"cudc,gass84,rdativ,osiic",NA,"http://creativecommons.org/licenses/by/4.0/legalcode","WGS84","1864113772",NA,NA,NA,NA,NA,NA
"db09684b-0fd1-431e-b5fa-4c1532fbdb14","HUMAN_OBSERVATION","PRESENT","Sinomicrurus macclellandi",121.34237,24.7411,NA,2013,6,17,"cudc,gass84,rdativ,osiic",NA,"http://creativecommons.org/licenses/by/4.0/legalcode","WGS84","1864114704",NA,NA,NA,NA,NA,NA
"db09684b-0fd1-431e-b5fa-4c1532fbdb14","HUMAN_OBSERVATION","PRESENT","Sinomicrurus macclellandi",121.408513,24.87012,NA,2013,6,22,"cudc,gass84,rdativ,osiic",NA,"http://creativecommons.org/licenses/by/4.0/legalcode","WGS84","1864114743",NA,NA,NA,NA,NA,NA
"db09684b-0fd1-431e-b5fa-4c1532fbdb14","HUMAN_OBSERVATION","PRESENT","Sinomicrurus macclellandi",120.641088,22.948855,NA,2013,6,26,"cudc,gass84,rdativ,osiic",NA,"http://creativecommons.org/licenses/by/4.0/legalcode","WGS84","1864114798",NA,NA,NA,NA,NA,NA
"db09684b-0fd1-431e-b5fa-4c1532fbdb14","HUMAN_OBSERVATION","PRESENT","Sinomicrurus macclellandi",121.5734,25.182233,NA,2013,7,6,"cudc,gass84,rdativ,osiic",NA,"http://creativecommons.org/licenses/by/4.0/legalcode","WGS84","1864114929",NA,NA,NA,NA,NA,NA
"db09684b-0fd1-431e-b5fa-4c1532fbdb14","HUMAN_OBSERVATION","PRESENT","Sinomicrurus macclellandi",121.522743,25.188143,NA,2013,7,20,"cudc,gass84,rdativ,osiic",NA,"http://creativecommons.org/licenses/by/4.0/legalcode","WGS84","1864115039",NA,NA,NA,NA,NA,NA
"db09684b-0fd1-431e-b5fa-4c1532fbdb14","HUMAN_OBSERVATION","PRESENT","Sinomicrurus macclellandi",121.542503,25.154676,NA,2013,8,11,"cudc,gass84,rdativ,osiic",NA,"http://creativecommons.org/licenses/by/4.0/legalcode","WGS84","1864115751",NA,NA,NA,NA,NA,NA
"db09684b-0fd1-431e-b5fa-4c1532fbdb14","HUMAN_OBSERVATION","PRESENT","Sinomicrurus macclellandi",121.533202,25.177457,NA,2013,8,20,"cudc,gass84,rdativ,osiic",NA,"http://creativecommons.org/licenses/by/4.0/legalcode","WGS84","1864115771",NA,NA,NA,NA,NA,NA
"db09684b-0fd1-431e-b5fa-4c1532fbdb14","HUMAN_OBSERVATION","PRESENT","Sinomicrurus macclellandi",120.84091,24.128559,NA,2013,10,5,"cudc,gass84,rdativ,osiic",NA,"http://creativecommons.org/licenses/by/4.0/legalcode","WGS84","1864116440",NA,NA,NA,NA,NA,NA
"db09684b-0fd1-431e-b5fa-4c1532fbdb14","HUMAN_OBSERVATION","PRESENT","Sinomicrurus macclellandi",121.016833,24.6728,NA,2013,11,9,"cudc,gass84,rdativ,osiic",NA,"http://creativecommons.org/licenses/by/4.0/legalcode","WGS84","1864117229",NA,NA,NA,NA,NA,NA
"db09684b-0fd1-431e-b5fa-4c1532fbdb14","HUMAN_OBSERVATION","PRESENT","Sinomicrurus macclellandi",120.609627,23.443876,NA,2013,11,18,"cudc,gass84,rdativ,osiic",NA,"http://creativecommons.org/licenses/by/4.0/legalcode","WGS84","1864117293",NA,NA,NA,NA,NA,NA
"db09684b-0fd1-431e-b5fa-4c1532fbdb14","HUMAN_OBSERVATION","PRESENT","Sinomicrurus macclellandi",120.724324,23.836212,NA,2012,7,16,"cudc,gass84,rdativ,osiic",NA,"http://creativecommons.org/licenses/by/4.0/legalcode","WGS84","1864112552",NA,NA,NA,NA,NA,NA
"d5fafa95-7de2-48c0-bf10-3480bcca4a2b","PRESERVED_SPECIMEN","PRESENT","Sinomicrurus macclellandi",105.5709,21.4745,"Vinh Phuc",2011,5,20,"osiic,incomis,inmafu","https://collections.naturalsciences.org/herpetology/specimen/85637","http://creativecommons.org/publicdomain/zero/1.0/legalcode","WGS84","1229583843","85637","ASIA","Tam Dao (town)",NA,NA,NA
"db09684b-0fd1-431e-b5fa-4c1532fbdb14","HUMAN_OBSERVATION","PRESENT","Sinomicrurus macclellandi",121.797156,24.98861,NA,2011,8,7,"cudc,gass84,rdativ,osiic",NA,"http://creativecommons.org/licenses/by/4.0/legalcode","WGS84","1864112079",NA,NA,NA,NA,NA,NA
"50c9509d-22c7-4a22-a47d-8c48425ef4a7","HUMAN_OBSERVATION","PRESENT","Sinomicrurus macclellandi",105.635401,20.315653,"Ninh Binh",2011,10,16,"cdround","https://www.inaturalist.org/observations/147282","http://creativecommons.org/licenses/by/4.0/legalcode","WGS84","1052564773","147282",NA,NA,NA,NA,NA
"cd875b5a-b3fe-48f2-94c7-371cab1431f3","PRESERVED_SPECIMEN","PRESENT","Sinomicrurus macclellandi",106.477222,21.213333,"Hia Duong",1998,4,NA,"cdround,gass84,osiic,incomis,inmafu",NA,"http://creativecommons.org/licenses/by-nc/4.0/legalcode","WGS84","1211761930","37111","ASIA","Chi Linh vicinity; Hoang Hua Tham Village","Whole specimen (ETOH); Tissue","PhysicalObject",NA
"cd875b5a-b3fe-48f2-94c7-371cab1431f3","PRESERVED_SPECIMEN","PRESENT","Sinomicrurus macclellandi",105.641389,21.454167,"Vinh Phu",1998,4,NA,"cdround,gass84,osiic,incomis,inmafu",NA,"http://creativecommons.org/licenses/by-nc/4.0/legalcode","WGS84","1211761942","37112","ASIA","Tam Dao","Whole specimen (ETOH)","PhysicalObject",NA
"cd875b5a-b3fe-48f2-94c7-371cab1431f3","PRESERVED_SPECIMEN","PRESENT","Sinomicrurus macclellandi",105.912778,22.628611,"Cao Bang",1998,5,9,"cdround,gass84,osiic,incomis,inmafu",NA,"http://creativecommons.org/licenses/by-nc/4.0/legalcode","WGS84","1211749712","35246","ASIA","Quang Thanh Village","Whole specimen (ETOH); Tissue","PhysicalObject","Nguyen Binh"
"cd875b5a-b3fe-48f2-94c7-371cab1431f3","PRESERVED_SPECIMEN","PRESENT","Sinomicrurus macclellandi",105.411111,22.365,"Tuyen Quang",1996,6,NA,"cdround,gass84,osiic,incomis,inmafu",NA,"http://creativecommons.org/licenses/by-nc/4.0/legalcode","WGS84","1211746055","31159","ASIA","Pac Ban; Na Hang Nature Reserve","Whole specimen (ETOH); Tissue","PhysicalObject",NA
"cd875b5a-b3fe-48f2-94c7-371cab1431f3","PRESERVED_SPECIMEN","PRESENT","Sinomicrurus macclellandi",105.634167,22.4175,"Bac Thai",1995,5,17,"cdround,gass84,osiic,incomis,inmafu",NA,"http://creativecommons.org/licenses/by-nc/4.0/legalcode","WGS84","1211746034","31157","ASIA","Ba Be National Park","Whole specimen (ETOH); Tissue","PhysicalObject",NA
"cece4fc2-1fec-4bb5-a335-7252548e3f0b","PRESERVED_SPECIMEN","PRESENT","Sinomicrurus macclellandi",114.153256,22.273644,"Hong Kong",1933,4,7,"cdround,txmatfuz",NA,"http://creativecommons.org/publicdomain/zero/1.0/legalcode","WGS84","543719871","12965","ASIA","Victoria Peak, May Road","Alcohol","PhysicalObject","New Territories"
"cece4fc2-1fec-4bb5-a335-7252548e3f0b","PRESERVED_SPECIMEN","PRESENT","Sinomicrurus macclellandi",120.585836,23.080794,"Kaohsiung Special Municipality",1909,3,14,"cdround,txmatfuz",NA,"http://creativecommons.org/publicdomain/zero/1.0/legalcode","WGS84","543539638","18864","ASIA","Kosempo","Alcohol","PhysicalObject",NA
"cece4fc2-1fec-4bb5-a335-7252548e3f0b","PRESERVED_SPECIMEN","PRESENT","Sinomicrurus macclellandi",120.901992,23.856733,"Nantou Co.",1907,10,5,"cdround,txmatfuz",NA,"http://creativecommons.org/publicdomain/zero/1.0/legalcode","WGS84","543496460","14978","ASIA","Suishako [= Sueishe]","Alcohol","PhysicalObject",NA
