id,observed_on_string,observed_on,time_observed_at,time_zone,user_id,user_login,user_name,created_at,updated_at,quality_grade,license,url,image_url,sound_url,tag_list,description,num_identification_agreements,num_identification_disagreements,captive_cultivated,oauth_application_id,place_guess,latitude,longitude,positional_accuracy,private_place_guess,private_latitude,private_longitude,public_positional_accuracy,geoprivacy,taxon_geoprivacy,coordinates_obscured,positioning_method,positioning_device,species_guess,scientific_name,common_name,iconic_taxon_name,taxon_id
368974,2013-06-14,2013-06-14,,Seoul,280,pintail,"Kim, Hyun-tae",2013-08-18 06:15:53 UTC,2023-09-30 10:07:46 UTC,research,CC-BY,http://www.inaturalist.org/observations/368974,https://static.inaturalist.org/photos/461185/medium.jpg,,"","Gaya mountain, Seosan.

Roadkill.....",3,0,false,,"Seosan, KR-GN, KR",36.744799,126.606834,,,,,,,open,false,,,Central Asian Pitviper,Gloydius intermedius,까치살모사,Reptilia,101505
368979,2009-08-06,2009-08-06,,Seoul,280,pintail,"Kim, Hyun-tae",2013-08-18 06:23:34 UTC,2023-09-30 10:07:46 UTC,research,CC-BY,http://www.inaturalist.org/observations/368979,https://static.inaturalist.org/photos/461193/medium.jpg,,"","Seosan, South Korea.",3,0,false,,"Seosan, KR-GN, KR",36.74081,126.584644,851,,,,851,,open,false,,,Central Asian Pitviper,Gloydius intermedius,까치살모사,Reptilia,101505
368981,2008-09-07,2008-09-07,,Seoul,280,pintail,"Kim, Hyun-tae",2013-08-18 06:26:33 UTC,2023-09-30 10:07:45 UTC,research,CC-BY,http://www.inaturalist.org/observations/368981,https://static.inaturalist.org/photos/461195/medium.jpg,,"","Sukmoon-bong, Gaya-mountain, Seosan, South Korea.

She has baby....

And..
http://www.inaturalist.org/taxa/31057-Gloydius-shedaoensis
's photo is same^^.

I don't know this photo to Gloydius shedaoensis.

Maybe  Gloydius shedaoensis is subspecies of Glyodius saxatilis.
..
This photo is not shedaoensis.",3,0,false,,"Seosan, KR-GN, KR",36.723751,126.598377,851,,,,851,,open,false,,,Central Asian Pitviper,Gloydius intermedius,까치살모사,Reptilia,101505
706719,2014-05-29,2014-05-29,,Seoul,19940,snowiii6,Kim Dae Ho,2014-05-30 12:13:01 UTC,2023-09-30 10:07:44 UTC,research,CC-BY-NC,http://www.inaturalist.org/observations/706719,https://inaturalist-open-data.s3.amazonaws.com/photos/887909/medium.jpg,,"","",3,0,false,,"hwa cheon, korea",38.270969,127.733746,834,,,,834,,open,false,,,Central Asian Pitviper,Gloydius intermedius,까치살모사,Reptilia,101505
711752,2014-05-31,2014-05-31,,Seoul,280,pintail,"Kim, Hyun-tae",2014-06-02 01:50:04 UTC,2023-09-30 10:07:44 UTC,research,CC-BY,http://www.inaturalist.org/observations/711752,https://inaturalist-open-data.s3.amazonaws.com/photos/894242/medium.jpg,,"",Puyer area.,4,0,false,,"Buyeo, KR-GN, KR",36.250918,126.9841,,,,,,,open,false,,,Central Asian Pitviper,Gloydius intermedius,까치살모사,Reptilia,101505
829926,2014-08-13,2014-08-13,,Seoul,280,pintail,"Kim, Hyun-tae",2014-08-13 21:44:14 UTC,2023-09-30 10:07:44 UTC,research,CC-BY,http://www.inaturalist.org/observations/829926,https://inaturalist-open-data.s3.amazonaws.com/photos/1049144/medium.jpg,,"","on Goesan, Chungbook.",4,0,false,,"Goesan, KR-GB, KR",36.760693,127.786789,3406,,,,3406,,open,false,,,Central Asian Pitviper,Gloydius intermedius,까치살모사,Reptilia,101505
829939,2014-08-13,2014-08-13,,Seoul,280,pintail,"Kim, Hyun-tae",2014-08-13 21:46:40 UTC,2023-09-30 10:07:43 UTC,research,CC-BY,http://www.inaturalist.org/observations/829939,https://inaturalist-open-data.s3.amazonaws.com/photos/1049159/medium.jpg,,"","Goesan, Chungbook.",4,0,false,,"Eumseong, KR-GB, KR",36.844263,127.729111,3402,,,,3402,,open,false,,,Central Asian Pitviper,Gloydius intermedius,까치살모사,Reptilia,101505
2498238,2009-03-29,2009-03-29,,Seoul,280,pintail,"Kim, Hyun-tae",2015-12-23 06:53:02 UTC,2023-09-30 10:07:38 UTC,research,CC-BY,http://www.inaturalist.org/observations/2498238,https://inaturalist-open-data.s3.amazonaws.com/photos/2805263/medium.jpg,,"","",3,0,false,,"Cheongyang, KR-GN, KR",36.411405,126.841192,427,,,,427,,open,false,,,Central Asian Pitviper,Gloydius intermedius,까치살모사,Reptilia,101505
2501208,2009-08-02,2009-08-02,,Seoul,280,pintail,"Kim, Hyun-tae",2015-12-24 23:56:39 UTC,2023-09-30 10:07:39 UTC,research,CC-BY,http://www.inaturalist.org/observations/2501208,https://inaturalist-open-data.s3.amazonaws.com/photos/2809916/medium.jpg,,"","",3,0,false,,"Cheongyang, KR-GN, KR",36.407399,126.859388,427,,,,427,,open,false,,,Central Asian Pitviper,Gloydius intermedius,까치살모사,Reptilia,101505
2501257,2009-08-06,2009-08-06,,Seoul,280,pintail,"Kim, Hyun-tae",2015-12-25 00:19:29 UTC,2023-09-30 10:07:39 UTC,research,CC-BY,http://www.inaturalist.org/observations/2501257,https://inaturalist-open-data.s3.amazonaws.com/photos/2810001/medium.jpg,,"","",3,0,false,,"Cheongyang, KR-GN, KR",36.382181,126.857929,855,,,,855,,open,false,,,Central Asian Pitviper,Gloydius intermedius,까치살모사,Reptilia,101505
2505313,2009-11-05,2009-11-05,,Seoul,280,pintail,"Kim, Hyun-tae",2015-12-26 15:05:20 UTC,2023-09-30 10:07:39 UTC,research,CC-BY,http://www.inaturalist.org/observations/2505313,https://inaturalist-open-data.s3.amazonaws.com/photos/2813375/medium.jpg,,"","",4,0,false,,"Seosan, KR-GN, KR",36.739916,126.5837,425,,,,425,,open,false,,,Gloydius intermedius,Gloydius intermedius,까치살모사,Reptilia,101505
2507533,2010-06-12,2010-06-12,,Seoul,280,pintail,"Kim, Hyun-tae",2015-12-27 13:41:00 UTC,2023-09-30 10:07:40 UTC,research,CC-BY,http://www.inaturalist.org/observations/2507533,https://inaturalist-open-data.s3.amazonaws.com/photos/2816836/medium.jpg,,"","",3,0,false,,"Wolchulsan, Yeongam, KR-CN, KR",34.753072,126.657751,,,,,,,open,false,,,Central Asian Pitviper,Gloydius intermedius,까치살모사,Reptilia,101505
2656516,2013-05-15,2013-05-15,,Seoul,280,pintail,"Kim, Hyun-tae",2016-02-08 14:19:45 UTC,2023-09-30 10:07:40 UTC,research,CC-BY,http://www.inaturalist.org/observations/2656516,https://inaturalist-open-data.s3.amazonaws.com/photos/2985589/medium.jpg,,"","",5,0,false,,"Gongju, KR-GN, KR",36.384807,127.202282,855,,,,855,,open,false,,,Central Asian Pitviper,Gloydius intermedius,까치살모사,Reptilia,101505
3659873,2014-08-15,2014-08-15,,Seoul,280,pintail,"Kim, Hyun-tae",2016-07-11 14:24:01 UTC,2023-09-30 10:07:41 UTC,research,CC-BY,http://www.inaturalist.org/observations/3659873,https://inaturalist-open-data.s3.amazonaws.com/photos/4237658/medium.jpg,,"","",3,0,false,,"Seosan, KR-GN, KR",36.77356,126.603634,106,,,,106,,open,false,,,Central Asian Pitviper,Gloydius intermedius,까치살모사,Reptilia,101505
4626270,2011-09-08,2011-09-08,,Seoul,280,pintail,"Kim, Hyun-tae",2016-11-24 01:48:48 UTC,2023-09-30 10:07:41 UTC,research,CC-BY,http://www.inaturalist.org/observations/4626270,https://inaturalist-open-data.s3.amazonaws.com/photos/5596562/medium.jpg,,"","",3,0,false,,"Chungcheongnam-do, KR",36.703419,126.60872,213,,,,213,,open,false,,,Central Asian Pitviper,Gloydius intermedius,까치살모사,Reptilia,101505
4639172,2013-06-15,2013-06-15,,Seoul,280,pintail,"Kim, Hyun-tae",2016-11-26 05:10:52 UTC,2023-09-30 10:07:42 UTC,research,CC-BY,http://www.inaturalist.org/observations/4639172,https://inaturalist-open-data.s3.amazonaws.com/photos/5615129/medium.jpg,,"","",3,0,false,,"Jeollanam-do, KR",36.752085,126.606944,26,,,,26,,open,false,,,Central Asian Pitviper,Gloydius intermedius,까치살모사,Reptilia,101505
5622191,2017-04-09,2017-04-09,,Seoul,280,pintail,"Kim, Hyun-tae",2017-04-09 10:15:05 UTC,2023-09-30 10:07:42 UTC,research,CC-BY,https://www.inaturalist.org/observations/5622191,https://inaturalist-open-data.s3.amazonaws.com/photos/6951181/medium.jpg,,"","",3,0,false,,"Seosan, KR-GN, KR",36.670814,126.591766,,,,,,,open,false,,,Central Asian Pitviper,Gloydius intermedius,까치살모사,Reptilia,101505
7072747,2017-07-15,2017-07-15,,Seoul,280,pintail,"Kim, Hyun-tae",2017-07-16 09:19:51 UTC,2023-09-30 10:07:37 UTC,research,CC-BY,https://www.inaturalist.org/observations/7072747,https://inaturalist-open-data.s3.amazonaws.com/photos/9083154/medium.jpg,,"","",5,0,false,,"Wolchulsan, Yeongam, KR-CN, KR",34.73724,126.679273,218,,,,218,,open,false,,,Central Asian Pitviper,Gloydius intermedius,까치살모사,Reptilia,101505
8233778,2016/07/02 10:03 AM KST,2016-07-02,2016-07-02 01:03:00 UTC,Seoul,593380,aganse,Alexander Ganse,2017-10-03 12:11:41 UTC,2023-09-30 10:07:37 UTC,research,CC-BY-NC,https://www.inaturalist.org/observations/8233778,https://inaturalist-open-data.s3.amazonaws.com/photos/10918264/medium.jpg,,"",,4,0,false,,대한민국 강원도 원주시 소초면,37.3990736227,128.0449676514,488,,,,488,,open,false,,,Central Asian Pitviper,Gloydius intermedius,까치살모사,Reptilia,101505
16206226,2018/05/30 10:28 AM KST,2018-05-30,2018-05-30 01:28:00 UTC,Seoul,94627,amarzee,Amaël Borzée,2018-09-04 16:40:50 UTC,2023-09-30 09:26:09 UTC,research,CC-BY-NC,https://www.inaturalist.org/observations/16206226,https://inaturalist-open-data.s3.amazonaws.com/photos/24312125/medium.jpg,,"",,5,0,false,,"Pozharsky District, Primorsky Krai, Russia",46.5644444444,134.6427777778,,,,,,,open,false,,,Central Asian Pitviper,Gloydius intermedius,까치살모사,Reptilia,101505
17153823,2018/09/30 9:49 PM KST,2018-09-30,2018-09-30 12:49:00 UTC,Seoul,280,pintail,"Kim, Hyun-tae",2018-10-03 12:52:56 UTC,2023-09-30 10:07:37 UTC,research,CC-BY-NC,https://www.inaturalist.org/observations/17153823,https://inaturalist-open-data.s3.amazonaws.com/photos/25989233/medium.jpg,,"",,4,0,false,,대한민국 충청북도 영동군 상촌면,36.1394444444,127.9322194444,,,,,,,open,false,,,Central Asian Pitviper,Gloydius intermedius,까치살모사,Reptilia,101505
18087048,2009/11/04 8:54 PM KST,2009-11-04,2009-11-04 11:54:00 UTC,Seoul,280,pintail,"Kim, Hyun-tae",2018-11-04 10:24:37 UTC,2023-09-30 10:07:36 UTC,research,CC-BY-NC,https://www.inaturalist.org/observations/18087048,https://inaturalist-open-data.s3.amazonaws.com/photos/27654530/medium.jpg,,"",,5,0,false,,대한민국 충청남도 서산시 운산면,36.7371368611,126.5907990023,31,,,,31,,open,false,,,Central Asian Pitviper,Gloydius intermedius,까치살모사,Reptilia,101505
19696572,2012/09/22 6:15 PM SST,2012-09-22,2012-09-22 05:15:00 UTC,Samoa,1431497,dinanesterkova,Dina Nesterkova,2019-01-17 19:23:34 UTC,2023-09-30 09:26:04 UTC,research,CC-BY-NC,https://www.inaturalist.org/observations/19696572,https://inaturalist-open-data.s3.amazonaws.com/photos/30341180/medium.jpg,,"",,6,0,false,,"Хасанский р-н, Приморский край, Россия",42.6056025269,130.9244582843,100,,,,100,,open,false,,,Central Asian Pitviper,Gloydius intermedius,까치살모사,Reptilia,101505
21869487,2019/03/31 7:51 PM KST,2019-03-31,2019-03-31 10:51:00 UTC,Seoul,280,pintail,"Kim, Hyun-tae",2019-04-01 10:54:11 UTC,2023-09-30 10:07:35 UTC,research,CC-BY,https://www.inaturalist.org/observations/21869487,https://inaturalist-open-data.s3.amazonaws.com/photos/33881482/medium.jpg,,"",,5,0,false,,대한민국 충청남도 공주시 유구읍,36.5419877114,126.9806994008,15,,,,15,,open,false,,,Central Asian Pitviper,Gloydius intermedius,까치살모사,Reptilia,101505
22916090,2016-07-03,2016-07-03,,UTC,1649982,dogset,Sentsx,2019-04-23 00:20:59 UTC,2023-09-30 09:26:06 UTC,research,CC-BY-NC,https://www.inaturalist.org/observations/22916090,https://inaturalist-open-data.s3.amazonaws.com/photos/35520714/medium.jpg,,"",,3,0,false,2,"Приморский край, Россия, 692438",44.5159796646,135.351367034,132,,,,132,,open,false,gps,gps,Gloydius intermedius,Gloydius intermedius,까치살모사,Reptilia,101505
30089051,2019/07/15,2019-07-15,,Novosibirsk,10832,alexander_fomichev,Alexander A. Fomichev,2019-08-03 08:08:44 UTC,2023-09-30 09:26:03 UTC,research,CC-BY,https://www.inaturalist.org/observations/30089051,https://inaturalist-open-data.s3.amazonaws.com/photos/46989624/medium.jpg,,"",,5,0,false,,"Russia, Primorsky Krai, Russky Island",43.0303979937,131.9157287478,10,,,,10,,open,false,,,Gloydius intermedius,Gloydius intermedius,까치살모사,Reptilia,101505
30159860,2019/06/30 3:19 PM SST,2019-06-30,2019-06-30 02:19:00 UTC,Samoa,1359247,alekseyfaraway,"",2019-08-04 09:41:31 UTC,2023-09-30 09:26:02 UTC,research,CC-BY-NC,https://www.inaturalist.org/observations/30159860,https://inaturalist-open-data.s3.amazonaws.com/photos/47101730/medium.jpeg,,"",,3,0,false,,"река Карапча, Амурская обл., Россия",49.1164198366,130.7149021475,488,,,,488,,open,false,,,Gloydius intermedius,Gloydius intermedius,까치살모사,Reptilia,101505
30159971,2019/06/30 10:42 AM SST,2019-06-30,2019-06-29 21:42:00 UTC,Samoa,1359247,alekseyfaraway,"",2019-08-04 09:45:10 UTC,2023-09-30 09:26:02 UTC,research,CC-BY-NC,https://www.inaturalist.org/observations/30159971,https://inaturalist-open-data.s3.amazonaws.com/photos/47103379/medium.jpeg,,"",,4,0,false,,"река Карапча, Амурская обл., Россия",49.1164198366,130.7149021475,488,,,,488,,open,false,,,Gloydius intermedius,Gloydius intermedius,까치살모사,Reptilia,101505
30738356,2019-08-12 4:09:48 pm GMT+09:00,2019-08-12,2019-08-12 07:09:48 UTC,Seoul,94627,amarzee,Amaël Borzée,2019-08-13 08:15:04 UTC,2023-09-30 10:07:35 UTC,research,CC-BY-NC,https://www.inaturalist.org/observations/30738356,https://inaturalist-open-data.s3.amazonaws.com/photos/48039889/medium.jpeg,,"","Gloydius saxatilis, not the same species :-)",4,0,false,2,"Yeongwol-gun, Gangwon-do, South Korea",37.2200012207,128.4647216797,,,,,,,open,false,gps,gps,Central Asian Pitviper,Gloydius intermedius,까치살모사,Reptilia,101505
31305979,2018/09/02 8:54 AM +0300,2018-09-02,2018-09-02 05:54:00 UTC,Moscow,1745297,neymark,Leonid A. Neymark,2019-08-22 19:31:51 UTC,2023-09-30 09:26:00 UTC,research,CC-BY-NC,https://www.inaturalist.org/observations/31305979,https://inaturalist-open-data.s3.amazonaws.com/photos/48985208/medium.jpg,,"","",6,0,false,,"Хасанский р-н, Приморский край, Россия",42.6048965845,131.2257875028,15,,,,15,,open,false,,,Central Asian Pitviper,Gloydius intermedius,까치살모사,Reptilia,101505
31833897,2019-08-31 3:10:47 下午 GMT+09:00,2019-08-31,2019-08-31 06:10:47 UTC,Osaka,937306,mfchuang,"",2019-08-31 06:21:21 UTC,2023-09-30 10:07:34 UTC,research,CC-BY-NC,https://www.inaturalist.org/observations/31833897,https://inaturalist-open-data.s3.amazonaws.com/photos/49866438/medium.jpeg,,"",,4,0,false,2,南韓江原道洪川郡,37.84042886,128.52342402,8,,,,8,,open,false,,,Central Asian Pitviper,Gloydius intermedius,까치살모사,Reptilia,101505
32829325,2019/09/16 1:03 PM KST,2019-09-16,2019-09-16 04:03:00 UTC,Seoul,280,pintail,"Kim, Hyun-tae",2019-09-16 13:45:22 UTC,2023-09-30 10:07:34 UTC,research,CC-BY,https://www.inaturalist.org/observations/32829325,https://inaturalist-open-data.s3.amazonaws.com/photos/51517658/medium.jpg,,"",,3,0,false,,"Seosan, Chungcheongnam-do, South Korea",36.74223,126.6059133333,,,,,,,open,false,,,Central Asian Pitviper,Gloydius intermedius,까치살모사,Reptilia,101505
32994298,2019/09/19 10:02 AM +0900,2019-09-19,2019-09-19 01:02:00 UTC,Seoul,2027679,onidiras,onidiras-iNaturalist,2019-09-19 05:07:04 UTC,2023-09-30 10:07:33 UTC,research,CC-BY-NC,https://www.inaturalist.org/observations/32994298,https://inaturalist-open-data.s3.amazonaws.com/photos/51787591/medium.jpg,,"",,7,0,false,,대한민국 충청남도 천안시 동남구,36.7835051739,127.2791348407,1025,,,,1025,,open,false,,,Central Asian Pitviper,Gloydius intermedius,까치살모사,Reptilia,101505
33181108,Sat Sep 21 2019 11:34:33 GMT+1000 (GMT+10),2019-09-21,2019-09-21 01:34:33 UTC,Brisbane,1127439,luscinia9,"",2019-09-22 08:27:27 UTC,2023-09-30 09:25:59 UTC,research,,https://www.inaturalist.org/observations/33181108,https://static.inaturalist.org/photos/52093026/medium.jpg,,"",,5,1,false,3,"Shkota, Region Primorje, RU",42.9411416667,131.83252,14,,,,14,,open,false,,,Gloydius intermedius,Gloydius intermedius,까치살모사,Reptilia,101505
34265770,2017-09-23,2017-09-23,,Seoul,2348425,naturenerd627,Jay,2019-10-12 20:07:15 UTC,2023-09-30 10:07:33 UTC,research,CC-BY-NC,https://www.inaturalist.org/observations/34265770,https://inaturalist-open-data.s3.amazonaws.com/photos/53904607/medium.jpg,,"",,6,2,false,2,"Yangyang-gun, Gangwon-do, South Korea",38.0742008755,128.439101167,2789,,,,2789,,open,false,gps,gps,Central Asian Pitviper,Gloydius intermedius,까치살모사,Reptilia,101505
35436060,2019/10/30 3:44 PM KST,2019-10-30,2019-10-30 06:44:00 UTC,Seoul,280,pintail,"Kim, Hyun-tae",2019-11-08 04:01:10 UTC,2023-09-30 10:07:18 UTC,research,CC-BY,https://www.inaturalist.org/observations/35436060,https://inaturalist-open-data.s3.amazonaws.com/photos/55875920/medium.jpg,,"",김재웅님이 촬영하셨어요.^^,7,0,false,,대한민국 강원도 영월군 한반도면,37.2735833333,128.3279722222,66,,,,66,,open,false,,,Central Asian Pitviper,Gloydius intermedius,까치살모사,Reptilia,101505
36619782,1990/07/17 2:33 PM CEST,1990-07-17,1990-07-17 12:33:00 UTC,Paris,1638987,mnauky,"",2019-12-13 17:30:49 UTC,2023-09-30 09:25:39 UTC,research,CC-BY-NC,https://www.inaturalist.org/observations/36619782,https://inaturalist-open-data.s3.amazonaws.com/photos/57909018/medium.jpg,,"",,6,0,false,,"Shkotovsky District, Primorsky Krai, Rusko",43.0815595897,132.6885301816,61,,,,61,,open,false,,,Central Asian Pitviper,Gloydius intermedius,까치살모사,Reptilia,101505
37778872,2019/07/03,2019-07-03,,Novosibirsk,10832,alexander_fomichev,Alexander A. Fomichev,2020-01-20 12:57:34 UTC,2023-09-30 09:25:39 UTC,research,CC-BY,https://www.inaturalist.org/observations/37778872,https://inaturalist-open-data.s3.amazonaws.com/photos/59960456/medium.jpg,,"","",9,1,false,,"Russia, Primorsky Krai, Ol'khovaya Mountain",43.3411218888,133.6551761627,20,,,,20,,open,false,,,Central Asian Pitviper,Gloydius intermedius,까치살모사,Reptilia,101505
38085429,2011/08/12,2011-08-12,,Moscow,2520192,vladimir_onishko,Владимир Онишко,2020-01-29 09:56:08 UTC,2023-09-30 09:25:38 UTC,research,CC-BY-NC,https://www.inaturalist.org/observations/38085429,https://inaturalist-open-data.s3.amazonaws.com/photos/60479435/medium.jpg,,"",,4,0,false,,"г. Партизанск, Приморский край, Россия",43.1629337,132.8971446377,4,,,,4,,open,false,,,Central Asian Pitviper,Gloydius intermedius,까치살모사,Reptilia,101505
38085438,2011/08/15,2011-08-15,,Moscow,2520192,vladimir_onishko,Владимир Онишко,2020-01-29 09:57:21 UTC,2023-09-30 09:25:38 UTC,research,CC-BY-NC,https://www.inaturalist.org/observations/38085438,https://inaturalist-open-data.s3.amazonaws.com/photos/60479457/medium.jpg,,"",,6,0,false,,"г. Партизанск, Приморский край, Россия",43.1568874495,132.9017251172,4,,,,4,,open,false,,,Central Asian Pitviper,Gloydius intermedius,까치살모사,Reptilia,101505
39432268,2017/06/10 12:46 PM KST,2017-06-10,2017-06-10 03:46:00 UTC,Seoul,2027679,onidiras,onidiras-iNaturalist,2020-03-02 01:44:10 UTC,2023-09-30 10:07:17 UTC,research,CC-BY-NC,https://www.inaturalist.org/observations/39432268,https://inaturalist-open-data.s3.amazonaws.com/photos/62559520/medium.jpg,,"","",5,0,false,,대한민국 충청남도 예산군 대술면,36.6876391778,126.9665197851,2,,,,2,,open,false,,"",Central Asian Pitviper,Gloydius intermedius,까치살모사,Reptilia,101505
40468259,2019/07/14,2019-07-14,,Novosibirsk,10832,alexander_fomichev,Alexander A. Fomichev,2020-03-22 04:12:10 UTC,2023-09-30 09:25:37 UTC,research,CC-BY,https://www.inaturalist.org/observations/40468259,https://inaturalist-open-data.s3.amazonaws.com/photos/64189574/medium.jpeg,,"",,9,0,false,,"Russia, Primorsky Krai, Ovrazhnaya Mountain",43.7054692722,132.1211752295,10,,,,10,,open,false,,,Central Asian Pitviper,Gloydius intermedius,까치살모사,Reptilia,101505
42944111,2019/07/27 10:21 AM UTC,2019-07-27,,UTC,2814430,temartret,Борис Третьяков,2020-04-23 11:59:51 UTC,2023-09-30 09:25:36 UTC,research,CC-BY-NC,https://www.inaturalist.org/observations/42944111,https://inaturalist-open-data.s3.amazonaws.com/photos/68189855/medium.jpeg,,"",,4,0,false,,"Тернейский р-н, Приморский край, Россия",44.9905553381,136.5043254719,244,,,,244,,open,false,,,Central Asian Pitviper,Gloydius intermedius,까치살모사,Reptilia,101505
46476064,Sun May 17 2020 16:00:55 GMT+0900 (GMT+9),2020-05-17,2020-05-17 07:00:55 UTC,Osaka,3005034,fox-trot,,2020-05-19 12:00:43 UTC,2023-09-30 10:07:17 UTC,research,CC-BY-NC,https://www.inaturalist.org/observations/46476064,https://inaturalist-open-data.s3.amazonaws.com/photos/73716061/medium.jpg,,"",,3,0,false,3,"Donghwa-ri, Boeun-gun, North Chungcheong, KR",36.5701702039,127.7574506782,2507,,,,2507,,open,false,,,Каменистый щитомордник,Gloydius intermedius,까치살모사,Reptilia,101505
46934760,2020-05-23 1:16:10 PM GMT+09:00,2020-05-23,2020-05-23 04:16:10 UTC,Seoul,94627,amarzee,Amaël Borzée,2020-05-23 06:35:53 UTC,2023-09-30 10:07:16 UTC,research,CC-BY-NC,https://www.inaturalist.org/observations/46934760,https://inaturalist-open-data.s3.amazonaws.com/photos/74437279/medium.jpeg,,"",,3,0,false,2,"Yeongwol-gun, Gangwon-do, South Korea",37.2586448751,128.4821630269,5,,,,5,,open,false,gps,gps,Central Asian Pitviper,Gloydius intermedius,까치살모사,Reptilia,101505
48741082,2020/06/04 5:48 PM KST,2020-06-04,2020-06-04 08:48:00 UTC,Seoul,94627,amarzee,Amaël Borzée,2020-06-07 03:57:21 UTC,2023-09-30 10:07:16 UTC,research,CC-BY-NC,https://www.inaturalist.org/observations/48741082,https://inaturalist-open-data.s3.amazonaws.com/photos/77353937/medium.jpeg,,"","Note my observation, but uploaded with the owner's agreement",5,0,false,,"Jeongok-eup, Yeoncheon-gun, Gyeonggi-do, South Korea",37.9970262897,127.0516994396,8,,,,8,,open,false,,,Central Asian Pitviper,Gloydius intermedius,까치살모사,Reptilia,101505
52099053,2020-07-05 9:15:20 PM GMT+09:00,2020-07-05,2020-07-05 12:15:20 UTC,Seoul,94627,amarzee,Amaël Borzée,2020-07-06 01:12:53 UTC,2023-09-30 10:07:16 UTC,research,CC-BY-NC,https://www.inaturalist.org/observations/52099053,https://inaturalist-open-data.s3.amazonaws.com/photos/82800620/medium.jpeg,,"",,4,0,false,2,"Pyeongchang-gun, Gangwon-do, South Korea",37.3319776319,128.4802770987,9,,,,9,,open,false,gps,gps,Central Asian Pitviper,Gloydius intermedius,까치살모사,Reptilia,101505
52146850,2020-07-06 5:11:35 PM GMT+10:00,2020-07-06,2020-07-06 07:11:35 UTC,Brisbane,2739572,nissa_khv,Елена Поддубная,2020-07-06 14:08:55 UTC,2023-09-30 09:25:30 UTC,research,,https://www.inaturalist.org/observations/52146850,https://static.inaturalist.org/photos/82878751/medium.jpg,,"",,4,0,false,2,"Приморский край, Россия, 692847",43.1061019722,132.765174,,,,,,,open,false,gps,gps,Central Asian Pitviper,Gloydius intermedius,까치살모사,Reptilia,101505
56261041,2020-08-13 6:09:05 AM GMT+09:00,2020-08-13,2020-08-12 21:09:05 UTC,Seoul,2348425,naturenerd627,Jay,2020-08-12 21:11:29 UTC,2023-09-30 10:07:15 UTC,research,CC-BY-NC,https://www.inaturalist.org/observations/56261041,https://inaturalist-open-data.s3.amazonaws.com/photos/89644807/medium.jpeg,,"",,4,0,false,2,"Pyeongchang-gun, Gangwon-do, South Korea",37.5560771909,128.4386626258,44,,,,44,,open,false,gps,gps,까치살모사,Gloydius intermedius,까치살모사,Reptilia,101505
57393151,2009/06/25,2009-06-25,,UTC,2886668,frank375,Frank Walther,2020-08-23 23:13:42 UTC,2023-09-30 09:25:29 UTC,research,,https://www.inaturalist.org/observations/57393151,https://static.inaturalist.org/photos/91538743/medium.jpg,,"",,5,0,false,,"Lasowski rajon, Region Primorje, Russland",42.887303582,133.94974977,100,,,,100,,open,false,,,Gloydius intermedius,Gloydius intermedius,까치살모사,Reptilia,101505
59291942,2020-09-12 2:25:43 PM GMT+09:00,2020-09-12,2020-09-12 05:25:43 UTC,Seoul,94627,amarzee,Amaël Borzée,2020-09-12 05:28:06 UTC,2023-09-30 10:07:15 UTC,research,CC-BY-NC,https://www.inaturalist.org/observations/59291942,https://inaturalist-open-data.s3.amazonaws.com/photos/94729361/medium.jpeg,,"",,3,0,false,2,"Yeongwol-gun, Gangwon-do, South Korea",37.2588888889,128.4797222222,,,,,,,open,false,gps,gps,Central Asian Pitviper,Gloydius intermedius,까치살모사,Reptilia,101505
59781765,2020-09-17 12:18:12 AM GMT+09:00,2020-09-17,2020-09-16 15:18:12 UTC,Seoul,94627,amarzee,Amaël Borzée,2020-09-16 15:25:21 UTC,2023-09-30 10:07:14 UTC,research,CC-BY-NC,https://www.inaturalist.org/observations/59781765,https://inaturalist-open-data.s3.amazonaws.com/photos/95546050/medium.jpeg,,"",,3,0,false,2,"Jeongseon-gun, Gangwon-do, South Korea",37.5424492929,128.6786204204,9,,,,9,,open,false,gps,gps,Central Asian Pitviper,Gloydius intermedius,까치살모사,Reptilia,101505
60923465,Sun Sep 27 2020 13:05:28 GMT+0900 (GMT+9),2020-09-27,2020-09-27 04:05:28 UTC,Seoul,524305,lhurteau,"",2020-09-27 04:06:27 UTC,2023-09-30 10:07:11 UTC,research,CC-BY-NC,https://www.inaturalist.org/observations/60923465,https://inaturalist-open-data.s3.amazonaws.com/photos/97444925/medium.jpg,,"",,3,0,false,3,"Macha-ri, Yeongwol-gun, Gangwon, KR",37.2582110704,128.4745708294,12,,,,12,,open,false,,,Gloydius intermedius,Gloydius intermedius,까치살모사,Reptilia,101505
60923474,2020-09-27 1:03:51 PM GMT+09:00,2020-09-27,2020-09-27 04:03:51 UTC,Seoul,94627,amarzee,Amaël Borzée,2020-09-27 04:06:40 UTC,2023-09-30 10:07:11 UTC,research,CC-BY-NC,https://www.inaturalist.org/observations/60923474,https://inaturalist-open-data.s3.amazonaws.com/photos/97444926/medium.jpeg,,"",,3,0,false,2,"Yeongwol-gun, Gangwon-do, South Korea",37.2583333333,128.4744444444,,,,,,,open,false,gps,gps,Central Asian Pitviper,Gloydius intermedius,까치살모사,Reptilia,101505
60925114,Sun Sep 27 2020 13:08:26 GMT+0900 (GMT+9),2020-09-27,2020-09-27 04:08:26 UTC,Osaka,951966,yucheol_shin,Yucheol Shin,2020-09-27 04:30:02 UTC,2023-09-30 10:07:11 UTC,research,CC-BY-NC,https://www.inaturalist.org/observations/60925114,https://inaturalist-open-data.s3.amazonaws.com/photos/97447585/medium.jpg,,"",,4,0,false,3,"밤재로, 영월군, 강원도, KR",37.2751448445,128.4785793989,1477,,,,1477,,open,false,,,Gloydius intermedius,Gloydius intermedius,까치살모사,Reptilia,101505
60943480,Sun Sep 27 2020 19:34:41 GMT+0900 (GMT+9),2020-09-27,2020-09-27 10:34:41 UTC,Osaka,951966,yucheol_shin,Yucheol Shin,2020-09-27 10:37:25 UTC,2023-09-30 10:07:12 UTC,research,CC-BY-NC,https://www.inaturalist.org/observations/60943480,https://inaturalist-open-data.s3.amazonaws.com/photos/97478341/medium.jpg,,"",,3,0,false,3,"반계리, 원주시, 강원도, KR",37.3126146897,127.766650618,50,,,,50,,open,false,,,Central Asian Pitviper,Gloydius intermedius,까치살모사,Reptilia,101505
60962274,2020-09-27 7:34:21 PM GMT+09:00,2020-09-27,2020-09-27 10:34:21 UTC,Seoul,94627,amarzee,Amaël Borzée,2020-09-27 14:30:18 UTC,2023-09-30 10:07:12 UTC,research,CC-BY-NC,https://www.inaturalist.org/observations/60962274,https://inaturalist-open-data.s3.amazonaws.com/photos/97509757/medium.jpeg,,"",,3,0,false,2,"Wonju-si, Gangwon-do, South Korea",37.3044444444,127.7688888889,,,,,,,open,false,gps,gps,까치살모사,Gloydius intermedius,까치살모사,Reptilia,101505
62271627,2020/10/04 1:21 PM HST,2020-10-04,2020-10-04 23:21:00 UTC,Hawaii,11309,hyunkim969,Hyun Kim,2020-10-11 05:11:24 UTC,2023-09-30 10:07:12 UTC,research,CC-BY-NC,https://www.inaturalist.org/observations/62271627,https://inaturalist-open-data.s3.amazonaws.com/photos/99752476/medium.jpeg,,"",,6,0,false,,대한민국 전라북도 진안군 상전면,35.8383246802,127.5188379141,244,,,,244,,open,false,,,Gloydius intermedius,Gloydius intermedius,까치살모사,Reptilia,101505
66275689,2020/05/27 10:51 AM SST,2020-05-27,2020-05-26 21:51:00 UTC,Samoa,2465000,ileveli,Il-Kook Park,2020-12-08 02:20:06 UTC,2023-09-30 10:07:13 UTC,research,CC-BY-NC,https://www.inaturalist.org/observations/66275689,https://inaturalist-open-data.s3.amazonaws.com/photos/106803115/medium.jpeg,,"","",4,0,false,,대한민국 전라남도 신안군 도초면,34.6106480556,125.8283713889,2,,,,2,,open,false,,,中介蝮,Gloydius intermedius,까치살모사,Reptilia,101505
69604489,2015/09/11 2:56 PM SST,2015-09-11,2015-09-11 01:56:00 UTC,Samoa,1359247,alekseyfaraway,"",2021-02-15 05:24:56 UTC,2023-09-30 09:25:14 UTC,research,CC-BY-NC,https://www.inaturalist.org/observations/69604489,https://inaturalist-open-data.s3.amazonaws.com/photos/112974372/medium.jpg,,"","",4,0,false,,"Шимановский р-н, Амурская обл., Россия",52.870752762,127.7333392447,244,,,,244,,open,false,,,Gloydius intermedius,Gloydius intermedius,까치살모사,Reptilia,101505
70249325,2020/08/30 5:32 PM UTC,2020-08-30,2020-08-30 17:32:00 UTC,UTC,4051351,alleasy,,2021-02-27 13:14:43 UTC,2023-09-30 09:25:15 UTC,research,CC-BY-NC,https://www.inaturalist.org/observations/70249325,https://inaturalist-open-data.s3.amazonaws.com/photos/114162190/medium.jpeg,,"",,5,0,false,,"Russkiy, Primorsky Krai, Russia",42.9641397175,131.9015371945,244,,,,244,,open,false,,,Gloydius intermedius,Gloydius intermedius,까치살모사,Reptilia,101505
70295326,2020/07/28 2:52 AM UTC,2020-07-28,2020-07-28 02:52:00 UTC,UTC,3917736,ant_evening,Ant evening,2021-02-28 02:56:34 UTC,2023-09-30 09:25:15 UTC,research,,https://www.inaturalist.org/observations/70295326,https://static.inaturalist.org/photos/114246370/medium.jpeg,,"","Небольшой щитомордник, найденный переползающим дорогу, на вид похож на Уссурийского щитомордника, но немного в этом сомневаюсь ",3,0,false,,"г. Артем, Приморский край, Россия",43.2574077924,132.2543549804,8,,,,8,,open,false,,,Gloydius intermedius,Gloydius intermedius,까치살모사,Reptilia,101505
78232710,2013/08/08 3:28 PM UTC,2013-08-08,2013-08-08 15:28:00 UTC,UTC,1457470,valery_kambalin,Valery Kambalin,2021-05-10 15:32:37 UTC,2023-09-30 09:25:16 UTC,research,CC-BY-NC,https://www.inaturalist.org/observations/78232710,https://inaturalist-open-data.s3.amazonaws.com/photos/128004900/medium.jpeg,,Остров Попова,Остров Попова,3,0,false,,"Попова, Приморский край, Россия, 690922",42.9649224052,131.7306621577,15,,,,15,,open,false,,,Gloydius intermedius,Gloydius intermedius,까치살모사,Reptilia,101505
82140932,2021-06-04 12:24:09,2021-06-04,2021-06-04 03:24:09 UTC,Seoul,2390674,jw_song,송종원,2021-06-08 11:02:14 UTC,2023-09-30 10:07:13 UTC,research,,https://www.inaturalist.org/observations/82140932,https://static.inaturalist.org/photos/134792415/medium.jpeg,,"",,5,1,false,2,대한민국 강원도 속초시,38.1907932,128.4251157997,,,,,,,open,false,gps,gps,까치살모사,Gloydius intermedius,까치살모사,Reptilia,101505
83905535,Sun Jun 20 2021 16:22:03 GMT+0900 (GMT+9),2021-06-20,2021-06-20 07:22:03 UTC,Osaka,3355051,paul1229,Paul Scott,2021-06-21 07:15:46 UTC,2023-09-30 10:07:13 UTC,research,CC-BY-NC,https://www.inaturalist.org/observations/83905535,https://inaturalist-open-data.s3.amazonaws.com/photos/137846941/medium.jpg,,"","",5,0,false,3,"운용리, 천안시, 충청남도, KR",36.877225,127.2519833333,122,,,,122,,open,false,,,Gloydius intermedius,Gloydius intermedius,까치살모사,Reptilia,101505
84272296,2021/06/23 11:12 AM +1000,2021-06-23,2021-06-23 01:12:00 UTC,Vladivostok,1204740,vvolkotrub,V.S. Volkotrub,2021-06-24 05:13:41 UTC,2023-09-30 09:25:08 UTC,research,CC-BY-NC,https://www.inaturalist.org/observations/84272296,https://inaturalist-open-data.s3.amazonaws.com/photos/138492284/medium.jpeg,,"",,5,0,false,,"Советский р-н, Владивосток, Приморский край, Россия",43.1693199005,132.0025866819,14628,,,,14628,,open,false,,,Central Asian Pitviper,Gloydius intermedius,까치살모사,Reptilia,101505
87536032,Thu Jul 15 2021 08:05:04 GMT+0800 (GMT+8),2021-07-15,2021-07-15 00:05:04 UTC,Beijing,4494280,yangyuhang,杨嘉乐JY,2021-07-18 11:49:10 UTC,2023-09-30 09:54:33 UTC,research,,https://www.inaturalist.org/observations/87536032,https://static.inaturalist.org/photos/144333758/medium.jpg,,"","",4,0,false,3,"绥芬河市, 牡丹江市, 黑龙江省, CN",44.3796666667,131.1711283333,5,,,,5,,open,false,,,Central Asian Pitviper,Gloydius intermedius,까치살모사,Reptilia,101505
88245893,2021/07/12 4:57 PM +1000,2021-07-12,2021-07-12 06:57:00 UTC,Vladivostok,1204740,vvolkotrub,V.S. Volkotrub,2021-07-23 12:31:18 UTC,2023-09-30 09:25:08 UTC,research,CC-BY-NC,https://www.inaturalist.org/observations/88245893,https://inaturalist-open-data.s3.amazonaws.com/photos/145577224/medium.jpeg,,"",,3,0,false,,"Тернейский р-н, Приморский край, Россия",44.9536616667,136.5685766667,,,,,,,open,false,,,Gloydius intermedius,Gloydius intermedius,까치살모사,Reptilia,101505
88771381,2021-07-24 10:53:55,2021-07-24,2021-07-24 00:53:55 UTC,Vladivostok,2956034,violalarson,Viola Larkina,2021-07-27 02:07:39 UTC,2023-10-26 23:42:05 UTC,research,CC0,https://www.inaturalist.org/observations/88771381,https://inaturalist-open-data.s3.amazonaws.com/photos/146511923/medium.jpeg,,"",Был мертв,5,0,false,2,"мини ТЭЦ ""Коммунальная"", Русский, Приморский край, Россия, 690920",42.9767080556,131.9031816667,,,,,,,open,false,gps,gps,Gloydius intermedius,Gloydius intermedius,까치살모사,Reptilia,101505
91126971,Tue Aug 10 2021 14:54:16 GMT+0800 (GMT+8),2021-08-10,2021-08-10 06:54:16 UTC,Beijing,4494280,yangyuhang,杨嘉乐JY,2021-08-14 15:34:48 UTC,2023-09-30 09:54:29 UTC,research,,https://www.inaturalist.org/observations/91126971,https://static.inaturalist.org/photos/150933999/medium.jpg,,"","",3,0,false,3,"绥芬河市, 牡丹江市, 黑龙江省, CN",44.3818730938,131.1955403255,213,,,,213,,open,false,,,Каменистый щитомордник,Gloydius intermedius,까치살모사,Reptilia,101505
93454107,2015-07-20 13:29:00,2015-07-20,2015-07-20 13:29:00 UTC,UTC,4673652,marybarkin,Мария Баркина,2021-09-03 09:36:42 UTC,2023-09-30 09:24:50 UTC,research,CC-BY-NC,https://www.inaturalist.org/observations/93454107,https://inaturalist-open-data.s3.amazonaws.com/photos/154895564/medium.jpeg,,"",,4,0,false,2,"Беневское, Приморский край, Россия, 692994",43.1705187775,133.7600449473,3955,,,,3955,,open,false,gps,gps,Gloydius intermedius,Gloydius intermedius,까치살모사,Reptilia,101505
93564908,2021-09-04 14:19:53,2021-09-04,2021-09-04 05:19:53 UTC,Seoul,252063,taek-guen-im,"",2021-09-04 10:02:39 UTC,2023-09-30 10:07:14 UTC,research,CC-BY-NC,https://www.inaturalist.org/observations/93564908,https://inaturalist-open-data.s3.amazonaws.com/photos/155095107/medium.jpeg,,"",,4,0,false,2,대룡산,37.8371907554,127.8096460551,1713,,,,1713,,open,false,gps,gps,Central Asian Pitviper,Gloydius intermedius,까치살모사,Reptilia,101505
93658244,2021-09-04 17:24:50,2021-09-04,2021-09-04 08:24:50 UTC,Seoul,3400673,yoonhyuk,Yoonhyuk Bae,2021-09-05 00:38:22 UTC,2023-09-30 10:07:10 UTC,research,,https://www.inaturalist.org/observations/93658244,https://static.inaturalist.org/photos/155259298/medium.jpeg,,"",,4,0,false,2,"Yeoncheon-gun, Gyeonggi-do, South Korea",38.1163306997,127.0459039997,,,,,,,open,false,gps,gps,Gloydius intermedius,Gloydius intermedius,까치살모사,Reptilia,101505
95048997,2021/09/04 12:40 дня +0500,2021-09-04,2021-09-04 07:40:00 UTC,Ekaterinburg,927267,ninacourlee,Nina Filippova,2021-09-16 16:41:18 UTC,2023-09-30 09:24:48 UTC,research,CC-BY,https://www.inaturalist.org/observations/95048997,https://inaturalist-open-data.s3.amazonaws.com/photos/157746593/medium.jpg,,"",,6,1,false,,"Shkotovskiy rayon, Primor'ye, Russia",43.1266059853,132.7813102533,,,,,,,open,false,,,Gloydius intermedius,Gloydius intermedius,까치살모사,Reptilia,101505
95990376,2021/09/11 11:38 утра MSK,2021-09-11,2021-09-11 08:38:00 UTC,Moscow,1540887,andrewins,Andrey Vlasenko,2021-09-24 18:28:50 UTC,2023-09-30 09:24:49 UTC,research,CC-BY-NC,https://www.inaturalist.org/observations/95990376,https://inaturalist-open-data.s3.amazonaws.com/photos/159414047/medium.jpeg,,"",,4,0,false,,"Nakhodka gorsovet, Primor'ye, Russia",42.7841194444,132.8197777778,16,,,,16,,open,false,,,Central Asian Pitviper,Gloydius intermedius,까치살모사,Reptilia,101505
96076254,2021/09/11 11:40 утра SST,2021-09-11,2021-09-10 22:40:00 UTC,Samoa,1390967,grisha59599,Grigory Evtukh,2021-09-25 13:09:11 UTC,2023-09-30 09:24:45 UTC,research,CC-BY-NC,https://www.inaturalist.org/observations/96076254,https://inaturalist-open-data.s3.amazonaws.com/photos/159571037/medium.jpg,,"",,6,0,false,,"Gorod Nakhodka, Primorsky Krai, Russia",42.7850015376,132.818408493,145,,,,145,,open,false,,,Central Asian Pitviper,Gloydius intermedius,까치살모사,Reptilia,101505
96189465,2021/09/26 10:11 오전 KST,2021-09-26,2021-09-26 01:11:00 UTC,Seoul,280,pintail,"Kim, Hyun-tae",2021-09-26 05:14:19 UTC,2023-09-30 10:07:10 UTC,research,CC-BY-NC-SA,https://www.inaturalist.org/observations/96189465,https://inaturalist-open-data.s3.amazonaws.com/photos/159770269/medium.jpg,,"",,4,0,false,,"Seosan, Chungcheongnam-do, South Korea",36.7574116667,126.5697083333,,,,,,,open,false,,,Каменистый щитомордник,Gloydius intermedius,까치살모사,Reptilia,101505
97038926,2021/09/11 11:39 AM UTC,2021-09-11,2021-09-11 11:39:00 UTC,UTC,1863192,alexanderyuz,Yuzefovich Alexander,2021-10-03 17:22:01 UTC,2023-09-30 09:24:42 UTC,research,CC-BY-NC,https://www.inaturalist.org/observations/97038926,https://inaturalist-open-data.s3.amazonaws.com/photos/161132316/medium.jpeg,,"",,4,0,false,,"г. Находка, Приморский край, Россия",42.8017568441,132.8173207093,661,,,,661,,open,false,,,Каменистый щитомордник,Gloydius intermedius,까치살모사,Reptilia,101505
97171123,2021/09/11 4:40 утра MSK,2021-09-11,2021-09-11 13:40:00 UTC,Moscow,2926219,irinabobyleva,Irina Bobyleva,2021-10-04 19:13:09 UTC,2023-09-30 09:24:34 UTC,research,CC-BY-NC,https://www.inaturalist.org/observations/97171123,https://inaturalist-open-data.s3.amazonaws.com/photos/161547960/medium.jpeg,,"","",5,0,false,,"г. Находка, Приморский край, Россия",42.7842138889,132.8198861111,5,,,,5,,open,false,,,Каменистый щитомордник,Gloydius intermedius,까치살모사,Reptilia,101505
97278730,2021/09/19 12:08 дня MSK,2021-09-19,2021-09-19 09:08:00 UTC,Moscow,1426686,taimyr,Игорь Поспелов,2021-10-05 20:16:54 UTC,2023-09-30 09:24:34 UTC,research,CC-BY-NC,https://www.inaturalist.org/observations/97278730,https://inaturalist-open-data.s3.amazonaws.com/photos/161752865/medium.jpeg,,"",,5,0,false,,"Попова, Приморский край, Россия, 690922",42.954035,131.7293,5,,,,5,,open,false,,,Каменистый щитомордник,Gloydius intermedius,까치살모사,Reptilia,101505
97355496,2021/09/19 3:31 дня MSK,2021-09-19,2021-09-19 12:31:00 UTC,Moscow,1426686,taimyr,Игорь Поспелов,2021-10-06 16:16:44 UTC,2023-09-30 09:24:33 UTC,research,CC-BY-NC,https://www.inaturalist.org/observations/97355496,https://inaturalist-open-data.s3.amazonaws.com/photos/161899268/medium.jpeg,,"",,3,0,false,,"Попова, Приморский край, Россия, 690922",42.93602,131.7277383333,5,,,,5,,open,false,,,Каменистый щитомордник,Gloydius intermedius,까치살모사,Reptilia,101505
97432330,2021/10/02,2021-10-02,,Seoul,2027679,onidiras,onidiras-iNaturalist,2021-10-07 10:31:10 UTC,2023-09-30 10:07:09 UTC,research,CC-BY-NC,https://www.inaturalist.org/observations/97432330,https://inaturalist-open-data.s3.amazonaws.com/photos/162039082/medium.png,,"",,5,0,false,,대한민국 영월군 상동읍 선바위산,37.1489984204,128.8183364158,1729,,,,1729,,open,false,,,Каменистый щитомордник,Gloydius intermedius,까치살모사,Reptilia,101505
99596629,2021-10-28 10:46:19,2021-10-28,2021-10-28 01:46:19 UTC,Seoul,261582,kyongman,Kyongman Heo,2021-10-28 02:14:28 UTC,2023-09-30 10:07:09 UTC,research,,https://www.inaturalist.org/observations/99596629,https://static.inaturalist.org/photos/166062371/medium.jpeg,,"",,4,0,false,2,대한민국 강원도 정선군,37.4566702997,128.7687195,,,,,,,open,false,gps,gps,까치살모사,Gloydius intermedius,까치살모사,Reptilia,101505
99596660,2021-10-28 10:48:15,2021-10-28,2021-10-28 01:48:15 UTC,Seoul,261582,kyongman,Kyongman Heo,2021-10-28 02:14:59 UTC,2023-09-30 10:07:09 UTC,research,,https://www.inaturalist.org/observations/99596660,https://static.inaturalist.org/photos/166062431/medium.jpeg,,"",,5,0,false,2,대한민국 강원도 정선군,37.4617191,128.7603728997,,,,,,,open,false,,,Central Asian Pitviper,Gloydius intermedius,까치살모사,Reptilia,101505
100061462,2021-11-02 13:27:20,2021-11-02,2021-11-02 04:27:20 UTC,Seoul,261582,kyongman,Kyongman Heo,2021-11-02 12:42:58 UTC,2023-09-30 10:07:08 UTC,research,,https://www.inaturalist.org/observations/100061462,https://static.inaturalist.org/photos/166949928/medium.jpeg,,"",,6,0,false,2,대한민국 강원도 정선군,37.5065254,128.7403504,,,,,,,open,false,gps,gps,Central Asian Pitviper,Gloydius intermedius,까치살모사,Reptilia,101505
102539229,2015/07/30 11:15 утра SST,2015-07-30,2015-07-29 22:15:00 UTC,Samoa,1390967,grisha59599,Grigory Evtukh,2021-12-05 16:35:20 UTC,2023-09-30 09:24:31 UTC,research,CC-BY-NC,https://www.inaturalist.org/observations/102539229,https://inaturalist-open-data.s3.amazonaws.com/photos/171428061/medium.jpeg,,"",,4,0,false,,"Partizansk, Primorsky Krai, Russia",43.164911685,132.8867168278,186,,,,186,,open,false,,,Central Asian Pitviper,Gloydius intermedius,까치살모사,Reptilia,101505
103225498,2015/06/11 11:01 утра UTC,2015-06-11,2015-06-11 11:01:00 UTC,UTC,5123571,alexey-chernyak,Alexey Chernyak (Черняк Алексей Леонидович),2021-12-18 01:01:13 UTC,2023-09-30 09:24:31 UTC,research,CC-BY-NC,https://www.inaturalist.org/observations/103225498,https://inaturalist-open-data.s3.amazonaws.com/photos/172712937/medium.jpg,,"","Gloydius intermedius = Gloydius saxatilis

Video of the biotope (video of the snakes 1:49 - 5:06): https://www.youtube.com/watch?v=GDlD2N_HrFc&t=109s

Several asian moccasins (genus Gloydius) were found in the bushes of Rhododendron dauricum.

Biotope info: http://life-on-earth.ru/dalnij-vostok-rossii/nizhnyaya-manoma-priroda-priamurya",5,0,false,,"Нанайский р-н, Хабаровский край, Россия",49.3272925793,136.6386470137,40,,,,40,,open,false,,,Каменистый Щитомордник,Gloydius intermedius,까치살모사,Reptilia,101505
103648281,2015/06/02 1:32 дня MSK,2015-06-02,2015-06-02 10:32:00 UTC,Moscow,1237850,birdchuvashia,Alexander Yakovlev,2021-12-25 20:47:19 UTC,2023-09-30 09:24:32 UTC,research,CC-BY-NC,https://www.inaturalist.org/observations/103648281,https://inaturalist-open-data.s3.amazonaws.com/photos/173521616/medium.jpg,,"",,3,0,false,,"Архаринский р-н, Амурская обл., Россия",49.1866880059,130.5476514276,244,,,,244,,open,false,,,Gloydius intermedius,Gloydius intermedius,까치살모사,Reptilia,101505
105201587,2021/06/18 3:15 오후 UTC,2021-06-18,2021-06-18 15:15:00 UTC,UTC,5311815,hojoun,Hojun _Jeong,2022-01-19 09:10:35 UTC,2023-09-30 10:07:07 UTC,research,,https://www.inaturalist.org/observations/105201587,https://static.inaturalist.org/photos/176459789/medium.jpg,,"",,4,0,false,,대한민국 전라남도 신안군 도초면,34.6103952529,125.8282919092,8,,,,8,,open,false,,,Gloydius intermedius,Gloydius intermedius,까치살모사,Reptilia,101505
105765829,2021/07/12 4:57 дня +1000,2021-07-12,2021-07-12 06:57:00 UTC,Vladivostok,1204740,vvolkotrub,V.S. Volkotrub,2022-01-29 12:06:48 UTC,2023-09-30 09:24:27 UTC,research,CC-BY-NC,https://www.inaturalist.org/observations/105765829,https://inaturalist-open-data.s3.amazonaws.com/photos/177535090/medium.jpeg,,"",,3,0,false,,"Тернейский р-н, Приморский край, Россия",44.9536616667,136.5685766667,,,,,,,open,false,,,Gloydius intermedius,Gloydius intermedius,까치살모사,Reptilia,101505
106179960,2012/08/21 2:42 дня +0600,2012-08-21,2012-08-21 08:42:00 UTC,Astana,1479068,andreyefremov,Andrey Efremov,2022-02-05 16:42:15 UTC,2023-09-30 09:24:26 UTC,research,CC-BY-NC,https://www.inaturalist.org/observations/106179960,https://inaturalist-open-data.s3.amazonaws.com/photos/178324157/medium.jpeg,,"",,5,0,false,,"Terneysky District, Primorsky Krai, Russia",45.102367116,136.4472405781,4614,,,,4614,,open,false,,,Gloydius intermedius,Gloydius intermedius,까치살모사,Reptilia,101505
106180015,2012/08/21 3:36 дня +0600,2012-08-21,2012-08-21 09:36:00 UTC,Astana,1479068,andreyefremov,Andrey Efremov,2022-02-05 16:42:56 UTC,2023-09-30 09:24:26 UTC,research,CC-BY-NC,https://www.inaturalist.org/observations/106180015,https://inaturalist-open-data.s3.amazonaws.com/photos/178324247/medium.jpeg,,"",,6,0,false,,"Terneysky District, Primorsky Krai, Russia",45.089759438,136.5234545846,4939,,,,4939,,open,false,,,Гремучники,Gloydius intermedius,까치살모사,Reptilia,101505
109968735,2019/08/26 6:20 вечера UTC,2019-08-26,2019-08-26 06:20:00 UTC,UTC,5415974,anomalien,"",2022-03-31 00:24:13 UTC,2023-09-30 09:24:25 UTC,research,CC-BY-NC,https://www.inaturalist.org/observations/109968735,https://inaturalist-open-data.s3.amazonaws.com/photos/185436537/medium.jpg,,"","",2,0,false,,"Ру́сский, Приморский край, Россия",42.9985805,131.843587,10468,,,,10468,,open,false,,,Gloydius intermedius,Gloydius intermedius,까치살모사,Reptilia,101505
117729552,2022/05/19 3:20 дня,2022-05-19,2022-05-19 05:20:00 UTC,Vladivostok,1453678,marina_gorbunova,Марина Горбунова-Ëлкина,2022-05-19 14:24:14 UTC,2023-09-30 09:24:25 UTC,research,CC-BY-NC,https://www.inaturalist.org/observations/117729552,https://inaturalist-open-data.s3.amazonaws.com/photos/198838714/medium.jpg,,"",,4,0,false,,"Хасанский р-н, Приморский край, Россия",42.6228435043,131.1478894683,4,,,,4,,open,false,,,Central Asian Pitviper,Gloydius intermedius,까치살모사,Reptilia,101505
117832046,2022-05-20 16:23:59+09:00,2022-05-20,2022-05-20 07:23:59 UTC,Seoul,951966,yucheol_shin,Yucheol Shin,2022-05-20 07:27:17 UTC,2023-09-30 10:07:07 UTC,research,CC-BY-NC,https://www.inaturalist.org/observations/117832046,https://inaturalist-open-data.s3.amazonaws.com/photos/199036555/medium.jpg,,"",22GI001,4,0,false,3,"가오작리, 양구군, 강원도, KR",38.142260744,128.0712423161,35,,,,35,,open,false,,,Каменистый щитомордник,Gloydius intermedius,까치살모사,Reptilia,101505
117946358,2022/05/19 11:26 утра,2022-05-19,2022-05-19 02:26:00 UTC,Yakutsk,1359247,alekseyfaraway,"",2022-05-21 01:49:22 UTC,2023-09-30 09:24:19 UTC,research,CC-BY-NC,https://www.inaturalist.org/observations/117946358,https://inaturalist-open-data.s3.amazonaws.com/photos/199233540/medium.jpeg,,"","",3,0,false,,"Архаринский р-н, Амурская обл., Россия",49.1128272702,130.7265503367,122,,,,122,,open,false,,,Mamushi de las rocas,Gloydius intermedius,까치살모사,Reptilia,101505
119185355,2022-05-29 14:13:01,2022-05-29,2022-05-29 04:13:01 UTC,Vladivostok,3259402,polyx,поляна,2022-05-29 04:16:30 UTC,2023-10-17 00:04:24 UTC,research,CC-BY,https://www.inaturalist.org/observations/119185355,https://static.inaturalist.org/photos/201453613/medium.jpeg,,"",,5,0,false,2,"Nakhodka gorsovet, RU-PR, RU",42.7644081111,132.8078613056,,,,,,,open,false,,,Central Asian Pitviper,Gloydius intermedius,까치살모사,Reptilia,101505
122283574,2022/06/18 18:49,2022-06-18,2022-06-18 09:49:00 UTC,Seoul,280,pintail,"Kim, Hyun-tae",2022-06-18 09:50:48 UTC,2023-09-30 10:07:07 UTC,research,CC-BY-NC-SA,https://www.inaturalist.org/observations/122283574,https://inaturalist-open-data.s3.amazonaws.com/photos/207024516/medium.jpg,,"",엄의호 샘이 보신..,4,0,false,,"Bonghwa, KR-KB, KR",36.987875,129.023471,6729,,,,6729,,open,false,,,Central Asian Pitviper,Gloydius intermedius,까치살모사,Reptilia,101505
122612441,2020-06-16 13:36:00,2020-06-16,2020-06-16 03:36:00 UTC,Vladivostok,4562079,novokain,,2022-06-20 06:19:23 UTC,2023-09-30 09:24:18 UTC,research,CC-BY-NC,https://www.inaturalist.org/observations/122612441,https://inaturalist-open-data.s3.amazonaws.com/photos/207616376/medium.jpeg,,"",,3,0,false,2,"Еврейская автономная область, Россия, 679222",48.008209136,130.9469199926,3085,,,,3085,,open,false,,,Каменистый щитомордник,Gloydius intermedius,까치살모사,Reptilia,101505
122613018,2020-07-02 13:25:00,2020-07-02,2020-07-02 03:25:00 UTC,Vladivostok,4562079,novokain,,2022-06-20 06:29:14 UTC,2023-09-30 09:24:17 UTC,research,CC-BY-NC,https://www.inaturalist.org/observations/122613018,https://inaturalist-open-data.s3.amazonaws.com/photos/207617403/medium.jpeg,,"",Тепловое скопление змей,4,0,false,2,"Еврейская автономная область, Россия, 679222",48.05620279,130.9410104156,638,,,,638,,open,false,gps,gps,Central Asian Pitviper,Gloydius intermedius,까치살모사,Reptilia,101505
123770662,2022/06/07 13:05,2022-06-07,2022-06-07 04:05:00 UTC,Yakutsk,3704796,marina_far_east,Marina Babykina,2022-06-28 00:49:50 UTC,2023-09-30 09:24:11 UTC,research,,https://www.inaturalist.org/observations/123770662,https://static.inaturalist.org/photos/209712098/medium.jpeg,,"","",3,0,false,,"Архаринский р-н, Амурская обл., Россия",49.1780555556,130.5454283333,,,,,,,open,false,,,Central Asian Pitviper,Gloydius intermedius,까치살모사,Reptilia,101505
123810313,2022/06/28 14:28,2022-06-28,2022-06-28 05:28:00 UTC,Seoul,280,pintail,"Kim, Hyun-tae",2022-06-28 10:09:49 UTC,2023-10-02 19:25:39 UTC,research,CC-BY-NC-SA,https://www.inaturalist.org/observations/123810313,https://inaturalist-open-data.s3.amazonaws.com/photos/209787023/medium.jpg,,"",,4,0,false,,"Seosan, Chungcheongnam-do, South Korea",36.7413666667,126.584165,,,,,,,open,false,,,Central Asian Pitviper,Gloydius intermedius,까치살모사,Reptilia,101505
124494833,2022-07-03 11:54:58,2022-07-03,2022-07-03 02:54:58 UTC,Seoul,11309,hyunkim969,Hyun Kim,2022-07-03 03:02:16 UTC,2023-09-30 10:06:59 UTC,research,CC-BY-NC,https://www.inaturalist.org/observations/124494833,https://inaturalist-open-data.s3.amazonaws.com/photos/211020287/medium.jpeg,,"",,4,0,false,2,대한민국 전라북도 김제시,35.7244126,127.0667490997,,,,,,,open,false,gps,gps,Central Asian Pitviper,Gloydius intermedius,까치살모사,Reptilia,101505
125426448,2022/07/09 09:31,2022-07-09,2022-07-09 00:31:00 UTC,Seoul,280,pintail,"Kim, Hyun-tae",2022-07-09 11:04:42 UTC,2023-09-30 10:06:58 UTC,research,CC-BY-NC-SA,https://www.inaturalist.org/observations/125426448,https://inaturalist-open-data.s3.amazonaws.com/photos/212702995/medium.jpg,,"",,4,0,false,,"Seosan, Chungcheongnam-do, South Korea",36.7449555556,126.6137305556,10,,,,10,,open,false,,,Central Asian Pitviper,Gloydius intermedius,까치살모사,Reptilia,101505
127435471,2019/07/01 09:18,2019-07-01,2019-07-01 00:18:00 UTC,Seoul,5942320,southkorea-from-osan,KANG,2022-07-23 00:19:21 UTC,2023-09-30 10:06:58 UTC,research,CC-BY-NC,https://www.inaturalist.org/observations/127435471,https://inaturalist-open-data.s3.amazonaws.com/photos/216348786/medium.jpg,,"",,4,0,false,,대한민국 인제군 설악산,38.1195504,128.4655581,1706,,,,1706,,open,false,,,까치살모사,Gloydius intermedius,까치살모사,Reptilia,101505
127670001,2022-07-24 21:47:04+09:00,2022-07-24,2022-07-24 12:47:04 UTC,Seoul,951966,yucheol_shin,Yucheol Shin,2022-07-24 13:30:33 UTC,2023-09-30 10:06:58 UTC,research,CC-BY-NC,https://www.inaturalist.org/observations/127670001,https://inaturalist-open-data.s3.amazonaws.com/photos/216774766/medium.jpg,,"",22GICC001,3,0,false,3,"Gangwon-do, KR",37.8228150726,127.7573386213,12,"덕두원리, 춘천시, 강원도, KR",37.8764743933,127.6400498528,28329,obscured,open,true,,,Central Asian Pitviper,Gloydius intermedius,까치살모사,Reptilia,101505
127670078,2022-07-24 21:47:04+09:00,2022-07-24,2022-07-24 12:47:04 UTC,Seoul,951966,yucheol_shin,Yucheol Shin,2022-07-24 13:31:13 UTC,2023-09-30 10:06:57 UTC,research,CC-BY-NC,https://www.inaturalist.org/observations/127670078,https://inaturalist-open-data.s3.amazonaws.com/photos/216774810/medium.jpg,,"","22GICC002
",3,0,false,3,"Gangwon-do, KR",37.8114876081,127.7801536809,12,"덕두원리, 춘천시, 강원도, KR",37.8764107099,127.6399693359,28329,obscured,open,true,,,Central Asian Pitviper,Gloydius intermedius,까치살모사,Reptilia,101505
130084597,2020-06-05 13:50:38,2020-06-05,2020-06-05 04:50:38 UTC,Seoul,5952514,nonext,공인인증서,2022-08-09 08:49:48 UTC,2023-09-30 10:06:57 UTC,research,CC-BY-NC,https://www.inaturalist.org/observations/130084597,https://inaturalist-open-data.s3.amazonaws.com/photos/221169749/medium.jpeg,,"",,4,0,false,2,대한민국 강원도 춘천시,37.7991321583,127.5984653458,553,,,,553,,open,false,,,Каменистый щитомордник,Gloydius intermedius,까치살모사,Reptilia,101505
134536430,2022-09-11 08:13:07,2022-09-11,2022-09-10 23:13:07 UTC,Seoul,59444,richtrevithick3,Rich Trevithick,2022-09-11 04:48:14 UTC,2023-10-06 00:14:17 UTC,research,,https://www.inaturalist.org/observations/134536430,https://static.inaturalist.org/photos/229337134/medium.jpeg,,"",,6,0,false,2,"Boseong-gun, Jeollanam-do, South Korea",34.7227290493,127.1796484664,696,,,,696,,open,false,gps,gps,Central Asian Pitviper,Gloydius intermedius,까치살모사,Reptilia,101505
134860619,2022-09-12 13:33:52,2022-09-12,2022-09-12 04:33:52 UTC,Seoul,3400673,yoonhyuk,Yoonhyuk Bae,2022-09-13 14:30:22 UTC,2023-09-30 10:06:53 UTC,research,,https://www.inaturalist.org/observations/134860619,https://static.inaturalist.org/photos/232078291/medium.jpeg,,"",,4,0,false,2,대한민국 경기도 동두천시 평화로,37.9466756999,127.0767951384,326,,,,326,,open,false,gps,gps,Gloydius intermedius,Gloydius intermedius,까치살모사,Reptilia,101505
134867986,2022/08/17 16:49,2022-08-17,2022-08-17 06:49:00 UTC,Vladivostok,3917736,ant_evening,Ant evening,2022-09-13 15:24:40 UTC,2023-09-30 09:23:53 UTC,research,,https://www.inaturalist.org/observations/134867986,https://static.inaturalist.org/photos/229954221/medium.png,,"","В этой местности достаточно много щитомордников различных видов, чаще всего их можно увидеть греющимися на скалах.",4,0,false,,"г. Партизанск, Приморский край, Россия",43.1305219535,133.0449206538,35,,,,35,,open,false,,,Каменистый щитомордник,Gloydius intermedius,까치살모사,Reptilia,101505
134951920,2022-09-14 13:20:00+09:00,2022-09-14,2022-09-14 04:20:00 UTC,Seoul,951966,yucheol_shin,Yucheol Shin,2022-09-14 04:33:56 UTC,2023-09-30 10:06:53 UTC,research,CC-BY-NC,https://www.inaturalist.org/observations/134951920,https://inaturalist-open-data.s3.amazonaws.com/photos/230115048/medium.jpg,,"","",2,0,false,3,"Gangwon-do, KR",38.1341535947,127.8250449251,16,"동촌리, 강원도, KR",38.1866225118,127.8066426695,28300,obscured,open,true,,,Gloydius intermedius,Gloydius intermedius,까치살모사,Reptilia,101505
135791807,2022-09-20 7:02:09 PM GMT+09:00,2022-09-20,2022-09-20 10:02:09 UTC,Seoul,610141,user2070,us3r,2022-09-20 15:03:19 UTC,2023-09-30 10:06:54 UTC,research,,https://www.inaturalist.org/observations/135791807,https://static.inaturalist.org/photos/231659995/medium.jpeg,,"",,5,0,false,2,"Jeungsimsa-gil, Dong-gu, Gwangju, South Korea",35.129978,126.965484,,,,,,,open,false,gps,gps,Central Asian Pitviper,Gloydius intermedius,까치살모사,Reptilia,101505
135884492,2022-09-21 15:46:00+09:00,2022-09-21,2022-09-21 06:46:00 UTC,Seoul,951966,yucheol_shin,Yucheol Shin,2022-09-21 07:14:53 UTC,2023-09-30 10:06:54 UTC,research,CC-BY-NC,https://www.inaturalist.org/observations/135884492,https://inaturalist-open-data.s3.amazonaws.com/photos/231834743/medium.jpg,,"","",3,0,false,3,"Gangwon-do, KR",38.0712814032,127.8809255214,24,"Gangwon-do, KR",38.1839544158,127.8122542908,28300,obscured,open,true,,,Central Asian Pitviper,Gloydius intermedius,까치살모사,Reptilia,101505
136243218,2022-09-24 14:47:09,2022-09-24,2022-09-24 05:47:09 UTC,Seoul,11309,hyunkim969,Hyun Kim,2022-09-24 05:49:12 UTC,2023-09-30 10:06:55 UTC,research,CC-BY-NC,https://www.inaturalist.org/observations/136243218,https://inaturalist-open-data.s3.amazonaws.com/photos/232497380/medium.jpeg,,"",,4,0,false,2,대한민국 전라북도 부안군,35.6826608,126.6201961997,,,,,,,open,false,gps,gps,Central Asian Pitviper,Gloydius intermedius,까치살모사,Reptilia,101505
136566579,2022/09/10 15:40,2022-09-10,2022-09-10 05:40:00 UTC,Vladivostok,3160036,tcager,Александр Чегодаев,2022-09-26 13:38:03 UTC,2023-09-30 09:23:54 UTC,research,CC0,https://www.inaturalist.org/observations/136566579,https://inaturalist-open-data.s3.amazonaws.com/photos/233097491/medium.jpeg,,"","",3,0,false,,"Khasanskiy rayon, RU-PR, RU",42.7367327142,131.2711569126,3906,,,,3906,,open,false,,,Каменистый щитомордник,Gloydius intermedius,까치살모사,Reptilia,101505
136647834,2022/07/28,2022-07-28,,Vladivostok,10832,alexander_fomichev,Alexander A. Fomichev,2022-09-27 02:18:05 UTC,2023-09-30 09:23:55 UTC,research,CC-BY,https://www.inaturalist.org/observations/136647834,https://inaturalist-open-data.s3.amazonaws.com/photos/233249506/medium.jpg,,"",,3,0,false,,"Russia, Primorsky Krai, Russky Island",43.0304009347,131.9157958031,10,,,,10,,open,false,,,Central Asian Pitviper,Gloydius intermedius,까치살모사,Reptilia,101505
138202976,2022/07/23,2022-07-23,,Vladivostok,10832,alexander_fomichev,Alexander A. Fomichev,2022-10-10 01:11:52 UTC,2023-09-30 09:23:55 UTC,research,CC-BY,https://www.inaturalist.org/observations/138202976,https://inaturalist-open-data.s3.amazonaws.com/photos/236171672/medium.jpeg,,"","",4,0,false,,"Russia, Primorsky Krai, Elomovskiy Klyuch River valley",43.2411864333,133.7228322029,10,,,,10,,open,false,,,Central Asian Pitviper,Gloydius intermedius,까치살모사,Reptilia,101505
142841625,2022/09/20 07:27,2022-09-20,2022-09-19 21:27:00 UTC,Vladivostok,6342390,kir-ivanovskiy,,2022-11-25 19:06:03 UTC,2023-09-30 09:23:57 UTC,research,CC-BY-NC,https://www.inaturalist.org/observations/142841625,https://inaturalist-open-data.s3.amazonaws.com/photos/244960560/medium.jpeg,,"",,5,0,false,,"Тернейский р-н, Приморский край, Россия",45.1226109862,136.6203327691,977,,,,977,,open,false,,,Обыкновенный щитомордник,Gloydius intermedius,까치살모사,Reptilia,101505
143282550,2022/09/08 14:05,2022-09-08,2022-09-08 04:05:00 UTC,Vladivostok,1426686,taimyr,Игорь Поспелов,2022-11-29 18:27:36 UTC,2023-09-30 09:23:52 UTC,research,CC-BY-NC,https://www.inaturalist.org/observations/143282550,https://inaturalist-open-data.s3.amazonaws.com/photos/245713739/medium.jpeg,,"",,3,0,false,,"Хасанский р-н, Приморский край, Россия",42.6056983333,131.21864,5,,,,5,,open,false,,,Каменистый щитомордник,Gloydius intermedius,까치살모사,Reptilia,101505
143368823,2022/09/09 19:18,2022-09-09,2022-09-09 09:18:00 UTC,Vladivostok,1426686,taimyr,Игорь Поспелов,2022-11-30 18:43:13 UTC,2023-09-30 09:23:52 UTC,research,CC-BY-NC,https://www.inaturalist.org/observations/143368823,https://inaturalist-open-data.s3.amazonaws.com/photos/245866157/medium.jpeg,,"",,5,0,false,,"Хасанский р-н, Приморский край, Россия",42.5973974391,131.2127776045,5,,,,5,,open,false,,,Каменистый щитомордник,Gloydius intermedius,까치살모사,Reptilia,101505
143555220,2022/09/12 18:57,2022-09-12,2022-09-12 08:57:00 UTC,Vladivostok,1426686,taimyr,Игорь Поспелов,2022-12-03 10:53:26 UTC,2023-09-30 09:23:51 UTC,research,CC-BY-NC,https://www.inaturalist.org/observations/143555220,https://inaturalist-open-data.s3.amazonaws.com/photos/246213882/medium.jpeg,,"",,4,0,false,,"Хасанский р-н, Приморский край, Россия",42.5918166667,131.2053666667,10,,,,10,,open,false,,,Gloydius intermedius,Gloydius intermedius,까치살모사,Reptilia,101505
145466833,2022/10/12 14:23,2022-10-12,2022-10-12 04:23:00 UTC,Vladivostok,2567886,andrewbazdyrev,Andrew Bazdyrev,2022-12-31 00:35:58 UTC,2023-09-30 09:23:51 UTC,research,CC-BY,https://www.inaturalist.org/observations/145466833,https://inaturalist-open-data.s3.amazonaws.com/photos/249858801/medium.jpeg,,"",,5,1,false,,"ЗАТО Фокино, Приморский край, Россия",42.87667,132.30148,22,,,,22,,open,false,,,Каменистый щитомордник,Gloydius intermedius,까치살모사,Reptilia,101505
146822141,2021/06/13 09:31,2021-06-13,2021-06-13 00:31:00 UTC,Yakutsk,1366282,vladimirarkhipov,Vladimir Yu. Arkhipov,2023-01-18 12:58:31 UTC,2023-09-30 09:23:50 UTC,research,CC-BY-NC,https://www.inaturalist.org/observations/146822141,https://inaturalist-open-data.s3.amazonaws.com/photos/252516612/medium.jpeg,,"",,4,0,false,,"Архаринский р-н, Амурская обл., Россия",49.1796008691,130.576377418,15,,,,15,,open,false,,,Каменистый щитомордник,Gloydius intermedius,까치살모사,Reptilia,101505
150239592,2015/08/14 08:49,2015-08-14,2015-08-13 22:49:00 UTC,Vladivostok,1109638,hikuta,Nikita Tiunov,2023-03-04 20:15:32 UTC,2023-10-09 19:46:07 UTC,research,CC-BY-NC,https://www.inaturalist.org/observations/150239592,https://inaturalist-open-data.s3.amazonaws.com/photos/259014721/medium.jpg,,"",,4,0,false,,"Лазовский р-н, Приморский край, Россия",43.5230048851,133.9516080561,3342,,,,3342,,open,false,,,Central Asian Pitviper,Gloydius intermedius,까치살모사,Reptilia,101505
150243937,2015/08/17 18:14,2015-08-17,2015-08-17 08:14:00 UTC,Vladivostok,1109638,hikuta,Nikita Tiunov,2023-03-04 21:04:27 UTC,2023-10-09 19:46:07 UTC,research,CC-BY-NC,https://www.inaturalist.org/observations/150243937,https://inaturalist-open-data.s3.amazonaws.com/photos/259021887/medium.jpg,,"",,4,0,false,,"Чугуевский р-н, Приморский край, Россия",43.603612882,134.1300937095,1788,,,,1788,,open,false,,,Central Asian Pitviper,Gloydius intermedius,까치살모사,Reptilia,101505
152815555,2022/07/09 09:36,2022-07-09,2022-07-09 00:36:00 UTC,Seoul,280,pintail,"Kim, Hyun-tae",2023-03-30 10:14:17 UTC,2023-09-30 10:06:55 UTC,research,CC-BY-NC-SA,https://www.inaturalist.org/observations/152815555,https://inaturalist-open-data.s3.amazonaws.com/photos/263851717/medium.jpg,,"",photo by Hose,5,0,false,,대한민국 충청남도 서산시 운산면,36.7449527778,126.6136861111,10,,,,10,,open,false,,,Central Asian Pitviper,Gloydius intermedius,까치살모사,Reptilia,101505
160271880,2023/05/07 09:55,2023-05-07,2023-05-07 00:55:00 UTC,Seoul,280,pintail,"Kim, Hyun-tae",2023-05-07 09:51:00 UTC,2023-09-30 10:06:55 UTC,research,CC-BY-NC-SA,https://www.inaturalist.org/observations/160271880,https://inaturalist-open-data.s3.amazonaws.com/photos/276952178/medium.jpg,,"",,3,0,false,,대한민국 대전광역시 서구,36.18555,127.3339388889,6,,,,6,,open,false,,,Gloydius intermedius,Gloydius intermedius,까치살모사,Reptilia,101505
160274716,2023/05/07 09:52,2023-05-07,2023-05-07 00:52:00 UTC,Seoul,280,pintail,"Kim, Hyun-tae",2023-05-07 10:18:53 UTC,2023-09-30 10:06:55 UTC,research,CC-BY-NC-SA,https://www.inaturalist.org/observations/160274716,https://inaturalist-open-data.s3.amazonaws.com/photos/276957355/medium.jpg,,"",하민호 님의 기록입니다.,2,0,false,,대한민국 대전광역시 서구,36.1854839294,127.332453774,15,,,,15,,open,false,,,Gloydius intermedius,Gloydius intermedius,까치살모사,Reptilia,101505
162586231,2023-05-20 10:53:01,2023-05-20,2023-05-20 01:53:01 UTC,Seoul,951966,yucheol_shin,Yucheol Shin,2023-05-20 01:53:10 UTC,2023-09-30 10:06:56 UTC,research,CC-BY-NC,https://www.inaturalist.org/observations/162586231,https://inaturalist-open-data.s3.amazonaws.com/photos/281227975/medium.jpeg,,"",,5,0,false,2,South Korea,37.1866433237,128.312100699,6,대한민국 강원도 영월군,37.16596449,128.342165,28447,obscured,open,true,,,Central Asian Pitviper,Gloydius intermedius,까치살모사,Reptilia,101505
163474538,2023-05-07,2023-05-07,,Seoul,2928144,spfaller,,2023-05-24 13:06:47 UTC,2023-09-30 10:06:56 UTC,research,CC-BY-NC,https://www.inaturalist.org/observations/163474538,https://inaturalist-open-data.s3.amazonaws.com/photos/282746658/medium.jpeg,,"",,4,0,false,2,"Seo-gu, Daejeon, South Korea",36.2174745142,127.3402044922,247,,,,247,,open,false,gps,gps,Central Asian Pitviper,Gloydius intermedius,까치살모사,Reptilia,101505
163599994,2023-05-25 10:23:00,2023-05-25,2023-05-25 00:23:00 UTC,Vladivostok,2567886,andrewbazdyrev,Andrew Bazdyrev,2023-05-25 04:22:12 UTC,2023-09-30 09:23:38 UTC,research,CC-BY,https://www.inaturalist.org/observations/163599994,https://inaturalist-open-data.s3.amazonaws.com/photos/282979585/medium.jpeg,,"",,6,0,false,2,"Приморский край, Россия, 690920",42.9521250338,131.8697162345,7,,,,7,,open,false,gps,gps,Каменистый щитомордник,Gloydius intermedius,까치살모사,Reptilia,101505
163607204,2023-05-25 10:20:13,2023-05-25,2023-05-25 00:20:13 UTC,Vladivostok,1099503,anna-solisia,Анна Голубева,2023-05-25 06:01:13 UTC,2023-10-08 17:56:23 UTC,research,CC-BY-NC,https://www.inaturalist.org/observations/163607204,https://inaturalist-open-data.s3.amazonaws.com/photos/282993603/medium.jpeg,,"",,4,0,false,2,Мыс Тобизина,42.9463878891,131.8730555847,1588,,,,1588,,open,false,gps,gps,Central Asian Pitviper,Gloydius intermedius,까치살모사,Reptilia,101505
166178447,2023-06-08 10:48:09,2023-06-08,2023-06-08 01:48:09 UTC,Seoul,261582,kyongman,Kyongman Heo,2023-06-08 02:27:37 UTC,2023-09-30 10:06:52 UTC,research,,https://www.inaturalist.org/observations/166178447,https://static.inaturalist.org/photos/287745550/medium.jpeg,,"",,5,0,false,2,대한민국 경상북도 봉화군,37.036819,128.9947385,,,,,,,open,false,gps,gps,까치살모사,Gloydius intermedius,까치살모사,Reptilia,101505
167826225,2023-06-17 14:04:22+09:00,2023-06-17,2023-06-17 05:04:22 UTC,Seoul,3355051,paul1229,Paul Scott,2023-06-17 05:13:55 UTC,2023-09-30 10:06:52 UTC,research,CC-BY-NC,https://www.inaturalist.org/observations/167826225,https://inaturalist-open-data.s3.amazonaws.com/photos/290783950/medium.jpg,,"","",3,0,false,3,"안서동, 천안시, 충청남도, KR",36.8526533333,127.200425,4,,,,4,,open,false,,,까치살모사,Gloydius intermedius,까치살모사,Reptilia,101505
168940581,2023-06-23,2023-06-23,,Seoul,951966,yucheol_shin,Yucheol Shin,2023-06-23 03:40:36 UTC,2023-09-30 10:06:52 UTC,research,CC-BY-NC,https://www.inaturalist.org/observations/168940581,https://inaturalist-open-data.s3.amazonaws.com/photos/293273464/medium.jpeg,,"",,5,0,false,2,"Gangwon-do, KR",37.9684713714,128.4816228824,7,"Gangwon-do, KR",37.83486644,128.54879878,28329,obscured,open,true,,,까치살모사,Gloydius intermedius,까치살모사,Reptilia,101505
168940583,2023-06-23,2023-06-23,,Seoul,951966,yucheol_shin,Yucheol Shin,2023-06-23 03:40:39 UTC,2023-09-30 10:06:51 UTC,research,CC-BY-NC,https://www.inaturalist.org/observations/168940583,https://inaturalist-open-data.s3.amazonaws.com/photos/292850365/medium.jpeg,,"",,3,0,false,2,"Gangwon-do, KR",37.899866368,128.4211093264,4,"Gangwon-do, KR",37.8282164,128.56050171,28329,obscured,open,true,,,까치살모사,Gloydius intermedius,까치살모사,Reptilia,101505
172973601,2023/06/01 16:59,2023-06-01,2023-06-01 06:59:00 UTC,Vladivostok,4369785,s2h,Sergey Shestakov,2023-07-15 08:01:14 UTC,2023-09-30 09:23:20 UTC,research,CC-BY-NC,https://www.inaturalist.org/observations/172973601,https://inaturalist-open-data.s3.amazonaws.com/photos/300344168/medium.jpg,,"",,4,0,false,,"г. Владивосток, Приморский край, Россия",43.0338974397,131.8306744658,198,,,,198,,open,false,,,Каменистый щитомордник,Gloydius intermedius,까치살모사,Reptilia,101505
173662696,2023/05/25 10:24,2023-05-25,2023-05-25 00:24:00 UTC,Vladivostok,2567886,andrewbazdyrev,Andrew Bazdyrev,2023-07-18 21:09:25 UTC,2023-09-30 09:23:29 UTC,research,CC-BY,https://www.inaturalist.org/observations/173662696,https://inaturalist-open-data.s3.amazonaws.com/photos/301596433/medium.jpg,,"",,4,0,false,,"г. Владивосток, Приморский край, Россия",42.9520961768,131.8698294408,4,,,,4,,open,false,,,Gloydius intermedius,Gloydius intermedius,까치살모사,Reptilia,101505
173747628,2023/07/19 8:38 PM,2023-07-19,2023-07-19 11:38:00 UTC,Seoul,6571974,bwiser57,bwiser57,2023-07-19 11:35:50 UTC,2023-09-30 10:06:51 UTC,research,CC-BY-NC,https://www.inaturalist.org/observations/173747628,https://inaturalist-open-data.s3.amazonaws.com/photos/301769326/medium.jpg,,"",,4,0,false,,"Jucheon-myeon, Yeongwol-gun, Gangwon-do, South Korea",37.3038045663,128.3493593403,31,,,,31,,open,false,,,中介蝮,Gloydius intermedius,까치살모사,Reptilia,101505
176085537,2023-07-31 21:18:26+08:00,2023-07-31,2023-07-31 13:18:26 UTC,Asia/Pyongyang,6073254,sqy081015,songqianyu,2023-08-01 11:09:48 UTC,2023-10-09 12:03:17 UTC,research,CC-BY-NC,https://www.inaturalist.org/observations/176085537,https://inaturalist-open-data.s3.amazonaws.com/photos/306092281/medium.jpg,,"","",6,0,false,3,"日光线, 延边朝鲜族自治州, 吉林省, CN",42.9451035405,129.8525163394,2067,,,,2067,,open,false,,,中介蝮,Gloydius intermedius,까치살모사,Reptilia,101505
176216648,2023-08-02 2:03:46 AM GMT+08:00,2023-08-02,2023-08-01 18:03:46 UTC,Beijing,7069153,munuannuan,牟暖暖暖,2023-08-02 02:55:29 UTC,2023-09-30 09:52:35 UTC,research,CC-BY-NC,https://www.inaturalist.org/observations/176216648,https://inaturalist-open-data.s3.amazonaws.com/photos/306336105/medium.jpeg,,"",,3,0,false,2,"Yanbian Korean, CN-JL, CN",42.9456029997,129.845654,,,,,,,open,false,,,Gloydius intermedius,Gloydius intermedius,까치살모사,Reptilia,101505
180230900,2023-08-26 14:32:21,2023-08-26,2023-08-26 05:32:21 UTC,Seoul,951966,yucheol_shin,Yucheol Shin,2023-08-26 06:38:45 UTC,2023-09-30 10:06:51 UTC,research,CC-BY-NC,https://www.inaturalist.org/observations/180230900,https://inaturalist-open-data.s3.amazonaws.com/photos/313987392/medium.jpeg,,"",,2,0,false,2,"Gangwon-do, KR",37.9997205218,128.5784296632,8,"Gangwon-do, KR",37.83257869,128.55269194,28329,obscured,open,true,,,까치살모사,Gloydius intermedius,까치살모사,Reptilia,101505
181711880,2023-09-04 19:14:40,2023-09-04,2023-09-04 09:14:40 UTC,Vladivostok,7224550,alexey_mozhaev,Alexey Mozhaev,2023-09-04 09:18:41 UTC,2023-09-30 09:23:15 UTC,research,,https://www.inaturalist.org/observations/181711880,https://static.inaturalist.org/photos/316689546/medium.jpeg,,"","Лежал на дороге, его переехала машина.
He was lying on the road, he was run over by a car.",3,0,false,2,"Приморский край, Россия, 692707",42.7506562599,131.2547054887,25,,,,25,,open,false,gps,gps,Central Asian Pitviper,Gloydius intermedius,까치살모사,Reptilia,101505
181716200,2023-09-04 17:20:49,2023-09-04,2023-09-04 08:20:49 UTC,Seoul,261582,kyongman,Kyongman Heo,2023-09-04 10:19:42 UTC,2023-09-30 10:06:50 UTC,research,,https://www.inaturalist.org/observations/181716200,https://static.inaturalist.org/photos/316697229/medium.jpeg,,"",,3,0,false,2,대한민국 강원도 태백시,37.1696499,128.9540747,,,,,,,open,false,gps,gps,까치살모사,Gloydius intermedius,까치살모사,Reptilia,101505
181847463,2023-09-05 11:38:19+10:00,2023-09-05,2023-09-05 01:38:19 UTC,Vladivostok,6158441,tortilla,Александра Афанасьева,2023-09-05 01:59:56 UTC,2023-09-30 09:23:28 UTC,research,,https://www.inaturalist.org/observations/181847463,https://static.inaturalist.org/photos/316950734/medium.jpg,,"","",5,1,false,3,"остров Шкота, Владивостокский городской округ, Приморский край, RU",42.9363633333,131.8303533333,14,,,,14,,open,false,,,Каменистый щитомордник,Gloydius intermedius,까치살모사,Reptilia,101505
182128383,2023-09-06 13:25:35,2023-09-06,2023-09-06 04:25:35 UTC,Seoul,261582,kyongman,Kyongman Heo,2023-09-07 01:24:45 UTC,2023-09-30 10:06:50 UTC,research,,https://www.inaturalist.org/observations/182128383,https://static.inaturalist.org/photos/317495048/medium.jpeg,,"",,2,0,false,2,대한민국 강원도 삼척시,37.3653199,128.8526988,,,,,,,open,false,gps,gps,까치살모사,Gloydius intermedius,까치살모사,Reptilia,101505
182411609,2023/08/09,2023-08-09,,Vladivostok,10832,alexander_fomichev,Alexander A. Fomichev,2023-09-09 03:01:07 UTC,2023-09-30 09:23:16 UTC,research,CC-BY,https://www.inaturalist.org/observations/182411609,https://inaturalist-open-data.s3.amazonaws.com/photos/318039766/medium.jpg,,"",,4,0,false,,"Russia, Primorsky Krai, Gamova Cape",42.6065563953,131.1635702848,10,,,,10,,open,false,,,Central Asian Pitviper,Gloydius intermedius,까치살모사,Reptilia,101505
182603632,2023/08/21 13:28,2023-08-21,2023-08-21 03:28:00 UTC,Vladivostok,1426686,taimyr,Игорь Поспелов,2023-09-10 08:49:12 UTC,2023-09-30 09:23:16 UTC,research,CC-BY-NC,https://www.inaturalist.org/observations/182603632,https://inaturalist-open-data.s3.amazonaws.com/photos/318413282/medium.jpeg,,"",,3,0,false,,"г. Владивосток, Приморский край, Россия",42.91159,131.7195,10,,,,10,,open,false,,,Каменистый щитомордник,Gloydius intermedius,까치살모사,Reptilia,101505
182654410,2023/08/22 16:18,2023-08-22,2023-08-22 06:18:00 UTC,Vladivostok,1426686,taimyr,Игорь Поспелов,2023-09-10 16:15:33 UTC,2023-09-30 09:23:12 UTC,research,CC-BY-NC,https://www.inaturalist.org/observations/182654410,https://inaturalist-open-data.s3.amazonaws.com/photos/318509139/medium.jpeg,,"",,3,0,false,,"г. Владивосток, Приморский край, Россия",42.91502314,131.74181526,5,,,,5,,open,false,,,Каменистый щитомордник,Gloydius intermedius,까치살모사,Reptilia,101505
182915670,2023-09-12 11:49:17,2023-09-12,2023-09-12 02:49:17 UTC,Seoul,4652576,vadawhite,jung yong pak,2023-09-12 07:33:25 UTC,2023-09-30 10:06:49 UTC,research,CC-BY-NC,https://www.inaturalist.org/observations/182915670,https://inaturalist-open-data.s3.amazonaws.com/photos/319022175/medium.jpeg,,"",,3,0,false,2,대한민국 충청남도 태안군,36.8696345546,126.2774029747,47,,,,47,,open,false,gps,gps,까치살모사,Gloydius intermedius,까치살모사,Reptilia,101505
184490990,2023-09-23 2:02:19 PM GMT+10:00,2023-09-23,2023-09-23 04:02:19 UTC,Vladivostok,3206733,ruslansadykov,Ruslan Sadykov,2023-09-23 06:29:06 UTC,2023-09-30 09:23:09 UTC,research,CC0,https://www.inaturalist.org/observations/184490990,https://inaturalist-open-data.s3.amazonaws.com/photos/322051206/medium.jpeg,,"",,3,0,false,2,"Приморский край, Россия, 690920",42.966926,131.8937569722,,,,,,,open,false,gps,gps,Central Asian Pitviper,Gloydius intermedius,까치살모사,Reptilia,101505
184675932,2023/09/24 12:52 PM,2023-09-24,2023-09-24 03:52:00 UTC,Seoul,1508007,rmacfie,Rob Macfie,2023-09-24 12:00:52 UTC,2023-09-30 18:05:46 UTC,research,CC-BY-NC,https://www.inaturalist.org/observations/184675932,https://inaturalist-open-data.s3.amazonaws.com/photos/322404065/medium.jpeg,,"","Looked small, certainly less than 50 cm.",4,0,false,,"Buksang-myeon, Geochang-gun, Gyeongsangnam-do, South Korea",35.8159895265,127.7891072791,15,,,,15,,open,false,,,Central Asian Pitviper,Gloydius intermedius,까치살모사,Reptilia,101505
186374654,2023-10-06 11:50:30,2023-10-06,2023-10-06 02:50:30 UTC,Seoul,261582,kyongman,Kyongman Heo,2023-10-06 06:42:05 UTC,2023-10-13 11:26:35 UTC,research,,https://www.inaturalist.org/observations/186374654,https://static.inaturalist.org/photos/325695026/medium.jpeg,,"",,2,0,false,2,"Gangwon-do, KR",37.3366276367,128.7773058535,,,,,28417,obscured,open,true,gps,gps,까치살모사,Gloydius intermedius,까치살모사,Reptilia,101505
186799470,2023-10-09 11:17:12,2023-10-09,2023-10-09 02:17:12 UTC,Seoul,2484694,shanemurray,Shane Murray,2023-10-09 02:19:26 UTC,2023-10-13 08:57:49 UTC,research,,https://www.inaturalist.org/observations/186799470,https://static.inaturalist.org/photos/326524459/medium.jpeg,,"",15-20,4,0,false,2,"Yesan-gun, Chungcheongnam-do, South Korea",36.701267,126.606554,,,,,,,open,false,,,Central Asian Pitviper,Gloydius intermedius,까치살모사,Reptilia,101505
190312194,2019/09/10 18:22,2019-09-10,2019-09-10 08:22:00 UTC,Vladivostok,4962046,alexander_semenov,,2023-11-07 15:29:36 UTC,2023-11-12 00:41:12 UTC,research,CC-BY-NC,https://www.inaturalist.org/observations/190312194,https://inaturalist-open-data.s3.amazonaws.com/photos/333587622/medium.jpg,,"",,4,0,false,,"Хасанский р-н, Приморский край, Россия",42.6071412493,131.2189403004,50,,,,50,,open,false,,,Каменистый щитомордник,Gloydius intermedius,까치살모사,Reptilia,101505
